{"type":"FeatureCollection","generator":"overpass-turbo","copyright":"The data included in this document is from www.openstreetmap.org. The data is made available under ODbL.","timestamp":"2026-07-15T05:48:01Z","features":[{"type":"Feature","properties":{"@id":"way/23916495","abutters":"residential","hgv":"no","highway":"primary","lanes":"1","maxspeed":"50","name":"проспект Вернадского","name:en":"Vernadsky Avenue","name:ru":"проспект Вернадского","name:uk":"Вернадського проспект","old_name":"Ялтинская улица","old_name:uk":"Ялтинська вулиця","oneway":"yes","surface":"asphalt","trolley_wire":"yes"},"geometry":{"type":"LineString","coordinates":[[34.1366014,44.9310892],[34.136786,44.930492],[34.1368863,44.9302119]]},"id":"way/23916495"},{"type":"Feature","properties":{"@id":"way/23916497","destination":"Джанкой","highway":"primary_link","int_ref":"E 105","oneway":"yes","ref":"35К-024","surface":"asphalt"},"geometry":{"type":"LineString","coordinates":[[34.0862797,44.9885751],[34.0854336,44.9883842],[34.0849629,44.9883044],[34.084474,44.9882488],[34.0836758,44.9882885],[34.0816487,44.9885955],[34.0809478,44.9887177],[34.0806044,44.9888064],[34.0803482,44.9888823],[34.0800867,44.9889705],[34.0798634,44.9890629],[34.079044,44.9894698]]},"id":"way/23916497"},{"type":"Feature","properties":{"@id":"way/23916542","destination":"Ялта;Керчь","highway":"primary_link","int_ref":"E 105","oneway":"yes","ref":"35К-024","surface":"asphalt"},"geometry":{"type":"LineString","coordinates":[[34.0817731,44.9867991],[34.0819811,44.9865329],[34.0820521,44.9864148],[34.0820799,44.9862731],[34.0820515,44.9861524],[34.0820096,44.9860423],[34.0819544,44.9859427],[34.0818903,44.9858629],[34.0817872,44.9858026],[34.0815868,44.9857312],[34.0813956,44.9857084],[34.0811722,44.985727],[34.081005,44.9857853],[34.080857,44.9858653],[34.080752,44.9859498],[34.0806772,44.9860542],[34.0806383,44.9861732],[34.0806394,44.9863165],[34.0806909,44.9864567],[34.0808268,44.9865959],[34.0809681,44.9867143]]},"id":"way/23916542"},{"type":"Feature","properties":{"@id":"way/23916607","highway":"primary","lanes":"3","oneway":"yes","surface":"asphalt","trolley_wire":"no"},"geometry":{"type":"LineString","coordinates":[[34.08291,44.9861302],[34.082332,44.9866609]]},"id":"way/23916607"},{"type":"Feature","properties":{"@id":"way/23916609","destination":"Агро-Союз","highway":"primary_link","oneway":"yes","ref":"35К-024","surface":"asphalt"},"geometry":{"type":"LineString","coordinates":[[34.0830438,44.9873654],[34.0832535,44.9873525],[34.0834011,44.987331],[34.0835301,44.9872974],[34.0836728,44.9872361],[34.083784,44.987157],[34.0838782,44.9870596],[34.0839341,44.9869429],[34.0839597,44.9868206],[34.083939,44.9866987],[34.0838697,44.9865744],[34.0837779,44.9864782],[34.0836626,44.9863906],[34.0835125,44.9863363],[34.0833807,44.9863005],[34.0832254,44.9862752],[34.083036,44.9862933],[34.0828962,44.9863341],[34.0827594,44.9863843],[34.082332,44.9866609]]},"id":"way/23916609"},{"type":"Feature","properties":{"@id":"way/24444010","highway":"secondary","oneway":"no","surface":"asphalt"},"geometry":{"type":"LineString","coordinates":[[34.0760705,44.958133],[34.0759414,44.9582295],[34.0759272,44.958307],[34.0759209,44.9583664],[34.0759276,44.9584855],[34.0759555,44.9586044],[34.0761215,44.9593209],[34.0761273,44.9594469],[34.0761169,44.9594978],[34.0760899,44.9595344],[34.076047,44.959574],[34.0760407,44.9595798],[34.0759711,44.9595908],[34.075855,44.9596149]]},"id":"way/24444010"},{"type":"Feature","properties":{"@id":"way/24732276","abutters":"residential","hgv":"no","highway":"primary","lanes":"4","maxspeed":"60","name":"Севастопольская улица","name:en":"Sevastopolskaya Street","name:ru":"Севастопольская улица","name:uk":"Севастопольська вулиця","surface":"asphalt","trolley_wire":"yes"},"geometry":{"type":"LineString","coordinates":[[34.0913358,44.9364633],[34.0910862,44.9361858]]},"id":"way/24732276"},{"type":"Feature","properties":{"@id":"way/24950846","abutters":"residential","highway":"secondary","maxspeed":"60","name":"улица Леси Украинки","name:en":"Lesi Ukrainki Street","surface":"asphalt"},"geometry":{"type":"LineString","coordinates":[[34.0799533,44.9685221],[34.0795678,44.9684344],[34.0795378,44.968423],[34.0792961,44.9682802],[34.0786875,44.9678832]]},"id":"way/24950846"},{"type":"Feature","properties":{"@id":"way/24951781","abutters":"residential","highway":"secondary","maxspeed":"60","name":"улица Жигалиной","name:en":"Zhygalinoy Street","name:ru":"улица Жигалиной","name:uk":"Жигаліної вулиця","oneway":"yes","surface":"cobblestone"},"geometry":{"type":"LineString","coordinates":[[34.0796841,44.9576331],[34.0796221,44.9575379],[34.0786236,44.9560031],[34.0785799,44.9559497],[34.0785146,44.95587]]},"id":"way/24951781"},{"type":"Feature","properties":{"@id":"way/26535002","alt_name":"улица Д.И.Ульянова","highway":"secondary","name":"улица Дмитрия Ульянова","name:ru":"улица Дмитрия Ульянова","name:uk":"Дмитра Ульянова вулиця","surface":"asphalt"},"geometry":{"type":"LineString","coordinates":[[34.0835844,44.925739],[34.0838466,44.9256454],[34.0839694,44.9256016],[34.0840584,44.9255698],[34.0847876,44.9253096],[34.085887,44.9249173],[34.0863244,44.9247612],[34.086774,44.9246006],[34.0876989,44.9242701],[34.0880817,44.9241349],[34.0881232,44.92412],[34.0885202,44.9239776],[34.0893396,44.9236838],[34.0901281,44.923402],[34.0909456,44.9230899],[34.0916493,44.9228325],[34.0917425,44.9227984],[34.0925985,44.9224944],[34.0935461,44.9221492],[34.0944327,44.9218418],[34.0945459,44.9218037]]},"id":"way/26535002"},{"type":"Feature","properties":{"@id":"way/26535404","highway":"secondary","name":"Телефонный спуск","name:en":"Telefonniy Descent","name:ru":"Телефонный спуск","name:uk":"Телефонний узвіз","surface":"asphalt"},"geometry":{"type":"LineString","coordinates":[[34.1190715,44.9241283],[34.1191967,44.9241218],[34.1193146,44.9241318],[34.1195109,44.9241935],[34.1196151,44.9242358],[34.1196844,44.9242822],[34.119732,44.9243456],[34.1197626,44.9244345],[34.1198406,44.9250607],[34.1198773,44.9254179],[34.1198949,44.925542],[34.1199112,44.9256235],[34.119933,44.9256992],[34.119984,44.9257831],[34.1202325,44.9260446],[34.120336,44.9261596],[34.1204228,44.926256],[34.1204841,44.9263694],[34.1205109,44.9264917],[34.120521,44.9267659]]},"id":"way/26535404"},{"type":"Feature","properties":{"@id":"way/28133122","abutters":"residential","highway":"primary","lanes":"4","maxspeed":"60","name":"проспект Кирова","name:en":"Kirov Avenue","name:ru":"проспект Кирова","name:uk":"Кірова проспект","oneway":"yes","oneway:bus":"no","oneway:psv":"no","surface":"asphalt","trolley_wire":"yes"},"geometry":{"type":"LineString","coordinates":[[34.1012811,44.9498605],[34.1007492,44.9494334],[34.1003352,44.9491009],[34.1001004,44.9489127],[34.1000404,44.9488646],[34.0996707,44.9485605]]},"id":"way/28133122"},{"type":"Feature","properties":{"@id":"way/28133143","highway":"primary","name":"улица Шмидта","name:en":"Shmidt Street","name:ru":"улица Шмидта","name:uk":"Шмідта вулиця","surface":"asphalt","wikidata":"Q106485393","wikipedia":"ru:Улица Шмидта (Симферополь)"},"geometry":{"type":"LineString","coordinates":[[34.1077475,44.9514074],[34.1074593,44.9512997]]},"id":"way/28133143"},{"type":"Feature","properties":{"@id":"way/28617889","highway":"tertiary","name":"Гренажный переулок","name:ru":"Гренажный переулок","name:uk":"Гренажний провулок","surface":"asphalt"},"geometry":{"type":"LineString","coordinates":[[34.08921,44.9336588],[34.0890616,44.9337122],[34.0881563,44.9340299],[34.0865487,44.934594],[34.0856422,44.9349121],[34.085393,44.934996],[34.0851473,44.9350787],[34.0844338,44.9353357],[34.0842162,44.9354093],[34.0840885,44.9354311],[34.0839566,44.9354455],[34.0837471,44.9354528]]},"id":"way/28617889"},{"type":"Feature","properties":{"@id":"way/32805579","alt_name":"улица Ким","highway":"primary","lanes":"2","name":"улица КИМа","name:ru":"улица КИМа","name:uk":"КІМа вулиця","oneway":"yes","surface":"asphalt"},"geometry":{"type":"LineString","coordinates":[[34.0832724,44.9688616],[34.0829708,44.9693763],[34.0826874,44.9698147],[34.0824483,44.9701643],[34.08237,44.9702642],[34.0822916,44.9703583],[34.0821831,44.9704565],[34.0819806,44.9705804],[34.0816615,44.9707513],[34.0813402,44.9708662],[34.0809844,44.9709916],[34.0804038,44.9711924],[34.0801616,44.9712986],[34.0799754,44.9713988],[34.0798784,44.9714491],[34.0796433,44.9715654],[34.0793727,44.9716877],[34.0791,44.9717565],[34.0788575,44.9717901],[34.0787069,44.9718009],[34.0786094,44.9718015],[34.0785164,44.9717895],[34.0784041,44.9717642]]},"id":"way/32805579"},{"type":"Feature","properties":{"@id":"way/34205657","abutters":"residential","highway":"primary","maxspeed":"60","name":"улица Воровского","name:en":"Vorovskogo Street","name:etymology:wikidata":"Q1365246","name:ru":"улица Воровского","name:uk":"Воровського вулиця","surface":"asphalt"},"geometry":{"type":"LineString","coordinates":[[34.1083518,44.951232],[34.108449,44.9512071],[34.1097167,44.9509113]]},"id":"way/34205657"},{"type":"Feature","properties":{"@id":"way/34205659","highway":"secondary","name":"Гурзуфская улица","name:en":"Gurzufskaya Street","name:ru":"Гурзуфская улица","name:uk":"Гурзуфська вулиця","surface":"asphalt"},"geometry":{"type":"LineString","coordinates":[[34.1386348,44.9393264],[34.138569,44.9393957],[34.1384968,44.9394797],[34.1381451,44.9398434],[34.1377187,44.9403295],[34.1372144,44.9408696],[34.1369101,44.9412165],[34.1362915,44.9419217],[34.1361563,44.9420718],[34.1355355,44.9427779],[34.1347387,44.9436633],[34.1343686,44.9440942],[34.1341072,44.9444367],[34.1339371,44.9445751],[34.1338002,44.9446383],[34.1334845,44.9447435],[34.1322286,44.9451113],[34.1320794,44.9451596],[34.1319899,44.9451832],[34.1316315,44.9452602],[34.1300104,44.9455225],[34.1298008,44.9455873],[34.1288835,44.9459077],[34.1287097,44.9459736],[34.128605,44.9460576],[34.1285708,44.9461493],[34.1285721,44.9461822],[34.128575,44.9462585],[34.1287239,44.9468826],[34.1287273,44.9469505],[34.1287297,44.9470029],[34.1286837,44.94707],[34.1284098,44.9472729],[34.1280544,44.9474574],[34.1278754,44.9475366],[34.1276055,44.9476132],[34.1272384,44.9476589],[34.1270957,44.9476746],[34.1269657,44.9476863],[34.1266296,44.9477163],[34.1263568,44.9477327]]},"id":"way/34205659"},{"type":"Feature","properties":{"@id":"way/36651992","highway":"primary","lanes":"4","name":"проспект Кирова","name:en":"Kirov Avenue","name:ru":"проспект Кирова","name:uk":"Кірова проспект","surface":"asphalt","trolley_wire":"yes"},"geometry":{"type":"LineString","coordinates":[[34.1031202,44.9537467],[34.1029699,44.9534228]]},"id":"way/36651992"},{"type":"Feature","properties":{"@id":"way/36781504","highway":"primary","lanes":"2","lit":"yes","name":"Киевская улица","name:en":"Kievskaya Street","name:etymology:wikidata":"Q1899","name:ru":"Киевская улица","name:uk":"Київська вулиця","oneway":"yes","surface":"asphalt","trolley_wire":"yes"},"geometry":{"type":"LineString","coordinates":[[34.126292,44.9444596],[34.126191,44.9446055],[34.1261084,44.9447728],[34.1260444,44.9449354],[34.1259388,44.9451624],[34.1258871,44.9452734]]},"id":"way/36781504"},{"type":"Feature","properties":{"@id":"way/36781508","abutters":"residential","highway":"primary","maxspeed":"60","name":"улица Александра Невского","name:etymology:wikidata":"Q174044","name:ru":"улица Александра Невского","name:uk":"Олександра Невського вулиця","old_name":"Рози Люксембург вулиця","old_name:en":"Rosa Luxemburg Street","old_name:ru":"Розы Люксембург улица","surface":"asphalt","trolley_wire":"yes"},"geometry":{"type":"LineString","coordinates":[[34.0981238,44.9535932],[34.0982707,44.9535109]]},"id":"way/36781508"},{"type":"Feature","properties":{"@id":"way/36781510","abutters":"residential","highway":"primary","lanes":"3","maxspeed":"60","name":"Киевская улица","name:en":"Kievskaya Street","name:etymology:wikidata":"Q1899","name:ru":"Киевская улица","name:uk":"Київська вулиця","oneway":"yes","surface":"asphalt","trolley_wire":"no"},"geometry":{"type":"LineString","coordinates":[[34.0974341,44.9736303],[34.097096,44.9737051],[34.0969781,44.9737516],[34.0968601,44.9738233]]},"id":"way/36781510"},{"type":"Feature","properties":{"@id":"way/36781511","highway":"secondary","maxspeed":"RU:urban","surface":"asphalt"},"geometry":{"type":"LineString","coordinates":[[34.0875695,44.9823555],[34.0875465,44.9825367],[34.0875411,44.9826738],[34.0875398,44.9827072],[34.0875378,44.9838304],[34.0875455,44.9843744],[34.0875507,44.9850346],[34.0875447,44.9854793],[34.0875491,44.9857496],[34.0875496,44.9858053],[34.0875666,44.9876963],[34.087569,44.9880074],[34.0875763,44.9883823]]},"id":"way/36781511"},{"type":"Feature","properties":{"@id":"way/36781514","destination":"Центр","highway":"primary_link","oneway":"yes","ref":"35К-024","surface":"asphalt","trolley_wire":"no"},"geometry":{"type":"LineString","coordinates":[[34.0775544,44.9856132],[34.0781924,44.9857459],[34.0785035,44.9857882],[34.0788232,44.9858214],[34.0790876,44.9858334],[34.0793749,44.9858327],[34.0796572,44.9858072],[34.0799318,44.9857709],[34.0814789,44.9855946],[34.0820744,44.9855278],[34.0825743,44.9854653],[34.082936,44.9853915],[34.0831149,44.9853373],[34.0832392,44.9852864],[34.0835689,44.9851053],[34.0838007,44.9849692],[34.0843524,44.9846109]]},"id":"way/36781514"},{"type":"Feature","properties":{"@id":"way/36781515","highway":"primary_link","oneway":"yes","surface":"asphalt"},"geometry":{"type":"LineString","coordinates":[[34.08291,44.9861302],[34.08286,44.9861403],[34.0828154,44.9861499],[34.0827633,44.9861497],[34.082719,44.9861253],[34.0827001,44.9860996],[34.082696,44.9860641],[34.0827089,44.9860107]]},"id":"way/36781515"},{"type":"Feature","properties":{"@id":"way/36781516","abutters":"residential","highway":"primary","lanes":"3","maxspeed":"60","name":"Киевская улица","name:en":"Kievskaya Street","name:etymology:wikidata":"Q1899","name:ru":"Киевская улица","name:uk":"Київська вулиця","oneway":"yes","surface":"asphalt","trolley_wire":"no"},"geometry":{"type":"LineString","coordinates":[[34.0843524,44.9846109],[34.0844936,44.98448],[34.085362,44.9836827]]},"id":"way/36781516"},{"type":"Feature","properties":{"@id":"way/36781521","highway":"primary","lanes":"3","maxspeed":"60","name":"улица Гагарина","name:en":"Gagarina Street","name:etymology:wikidata":"Q7327","name:ru":"улица Гагарина","name:uk":"Гагаріна вулиця","oneway":"yes","surface":"asphalt","trolley_wire":"yes"},"geometry":{"type":"LineString","coordinates":[[34.0843465,44.9624222],[34.0843189,44.9624007],[34.0840372,44.9621946],[34.0839763,44.9621501],[34.0838783,44.9620756]]},"id":"way/36781521"},{"type":"Feature","properties":{"@id":"way/36781533","access":"yes","agricultural":"destination","hgv":"destination","highway":"primary","lanes":"3","name":"Персиковый переулок","name:ru":"Персиковый переулок","name:uk":"Персиковий провулок","oneway":"yes","oneway:psv":"no","surface":"asphalt","trolley_wire":"yes"},"geometry":{"type":"LineString","coordinates":[[34.0801444,44.9681221],[34.0805026,44.9682045],[34.0806543,44.9682394],[34.0808338,44.9682814],[34.0818632,44.9685222],[34.0830002,44.968795]]},"id":"way/36781533"},{"type":"Feature","properties":{"@id":"way/36781546","highway":"secondary","lanes":"3","maxspeed":"60","name":"Евпаторийское шоссе","name:en":"Yevpatoriiskoye Road","surface":"asphalt"},"geometry":{"type":"LineString","coordinates":[[34.0815807,44.9651162],[34.0810623,44.9662011],[34.080603,44.9671625],[34.0801444,44.9681221]]},"id":"way/36781546"},{"type":"Feature","properties":{"@id":"way/36781561","highway":"tertiary","name":"улица Ухтомского","name:en":"Ukhtomskogo Street","name:ru":"улица Ухтомского","name:uk":"Ухтомського вулиця","surface":"asphalt"},"geometry":{"type":"LineString","coordinates":[[34.0726081,44.9546133],[34.0727636,44.9547882],[34.072883,44.9549676],[34.0729319,44.9550928],[34.0729856,44.9552528],[34.0730065,44.9553457]]},"id":"way/36781561"},{"type":"Feature","properties":{"@id":"way/36781582","highway":"secondary","junction":"roundabout","surface":"asphalt","trolley_wire":"no"},"geometry":{"type":"LineString","coordinates":[[34.0479762,44.9373344],[34.0480679,44.9373031],[34.0481671,44.9372821],[34.048273,44.9372744]]},"id":"way/36781582"},{"type":"Feature","properties":{"@id":"way/36781584","abutters":"residential","highway":"secondary","maxspeed":"60","name":"Новониколаевская улица","name:ru":"Новониколаевская улица","name:uk":"Новомиколаївська вулиця","surface":"asphalt","trolley_wire":"no"},"geometry":{"type":"LineString","coordinates":[[34.072195,44.9379771],[34.072006,44.9380156],[34.0713813,44.938075],[34.0713526,44.9380777],[34.0704054,44.9381493],[34.0702011,44.9381648],[34.0698899,44.9381883]]},"id":"way/36781584"},{"type":"Feature","properties":{"@id":"way/36781585","abutters":"residential","highway":"secondary","lanes":"4","maxspeed":"60","name":"улица Героев Сталинграда","name:ru":"улица Героев Сталинграда","name:uk":"Героїв Сталінграда вулиця","surface":"asphalt","trolley_wire":"no"},"geometry":{"type":"LineString","coordinates":[[34.0653273,44.9384127],[34.0630653,44.9383027]]},"id":"way/36781585"},{"type":"Feature","properties":{"@id":"way/36781586","abutters":"residential","bridge":"yes","highway":"secondary","lanes":"4","layer":"1","maxspeed":"60","name":"улица Героев Сталинграда","name:ru":"улица Героев Сталинграда","name:uk":"Героїв Сталінграда вулиця","surface":"asphalt","trolley_wire":"no"},"geometry":{"type":"LineString","coordinates":[[34.0660732,44.9384323],[34.0653273,44.9384127]]},"id":"way/36781586"},{"type":"Feature","properties":{"@id":"way/36781587","highway":"secondary","name":"улица Генерала Васильева","name:en":"Generala Vasilyeva Street","name:ru":"улица Генерала Васильева","surface":"asphalt"},"geometry":{"type":"LineString","coordinates":[[34.0779405,44.9444379],[34.0778159,44.9442988],[34.0777249,44.9441715],[34.077093,44.9432049],[34.0767162,44.9427173],[34.076633,44.9426097],[34.0758812,44.9417507],[34.0754919,44.9413448],[34.0743517,44.940156],[34.0737434,44.9395433],[34.0731836,44.9389794],[34.0730861,44.9388812],[34.0726131,44.9384048],[34.0723732,44.9381683],[34.0723009,44.9380967],[34.072195,44.9379771]]},"id":"way/36781587"},{"type":"Feature","properties":{"@id":"way/36781590","abutters":"residential","highway":"secondary","maxspeed":"60","name":"улица Данилова","name:ru":"улица Данилова","name:uk":"Данилова вулиця","surface":"asphalt","trolley_wire":"yes"},"geometry":{"type":"LineString","coordinates":[[34.0729843,44.9246325],[34.0731257,44.9245908],[34.0733099,44.9245499]]},"id":"way/36781590"},{"type":"Feature","properties":{"@id":"way/36781591","highway":"secondary","oneway":"yes","surface":"asphalt","trolley_wire":"no"},"geometry":{"type":"LineString","coordinates":[[34.0698899,44.9381883],[34.0693543,44.9382961],[34.0675205,44.938423],[34.0671747,44.9384665],[34.0670334,44.9384937],[34.0668779,44.938552],[34.0667523,44.9386179],[34.066671,44.9386786],[34.0665655,44.9387835],[34.0665255,44.938868],[34.0665172,44.9389451],[34.0665183,44.9390259],[34.0665337,44.939103],[34.066582,44.9391706],[34.066668,44.939253],[34.066831,44.9393626],[34.0679595,44.940177],[34.0680034,44.9402038],[34.0681142,44.9402712],[34.0682008,44.9403127],[34.0682811,44.9403357],[34.0683667,44.9403422],[34.0684348,44.9403266],[34.0685066,44.9402849],[34.0685424,44.9402342],[34.0685506,44.9401716],[34.0684793,44.9399936]]},"id":"way/36781591"},{"type":"Feature","properties":{"@id":"way/36781592","highway":"secondary","lanes":"4","surface":"asphalt","trolley_wire":"no"},"geometry":{"type":"LineString","coordinates":[[34.0660732,44.9384323],[34.0662302,44.9384639],[34.0663473,44.9385082],[34.0665487,44.9386129]]},"id":"way/36781592"},{"type":"Feature","properties":{"@id":"way/36781593","highway":"secondary","lanes":"4","name":"Элеваторный переулок","name:en":"Elevatornyi Lane","name:ru":"Элеваторный переулок","name:uk":"Елеваторний провулок","surface":"asphalt","trolley_wire":"no"},"geometry":{"type":"LineString","coordinates":[[34.0669406,44.9388687],[34.0684793,44.9399936]]},"id":"way/36781593"},{"type":"Feature","properties":{"@id":"way/36781594","bridge":"yes","highway":"secondary","lanes":"4","layer":"1","surface":"asphalt","trolley_wire":"no"},"geometry":{"type":"LineString","coordinates":[[34.0665487,44.9386129],[34.0669406,44.9388687]]},"id":"way/36781594"},{"type":"Feature","properties":{"@id":"way/36781601","alt_name":"улица И.Г.Лексина","highway":"tertiary","name":"улица Лексина","name:en":"Leksina Street","name:ru":"улица Лексина","name:uk":"Лексіна вулиця"},"geometry":{"type":"LineString","coordinates":[[34.0802671,44.9487182],[34.0820809,44.9469628]]},"id":"way/36781601"},{"type":"Feature","properties":{"@id":"way/36781602","highway":"tertiary","name":"улица Лексина","name:en":"Leksina Street","name:ru":"улица Лексина","name:uk":"Лексіна вулиця"},"geometry":{"type":"LineString","coordinates":[[34.0820886,44.9463031],[34.0820911,44.9463661],[34.0820916,44.9463779],[34.0820972,44.9465231],[34.0820886,44.9469086],[34.0820809,44.9469628]]},"id":"way/36781602"},{"type":"Feature","properties":{"@id":"way/36781606","abutters":"residential","highway":"secondary","lanes":"2","maxspeed":"60","name":"Авиационная улица","name:en":"Aviatsionnaya Street","name:ru":"Авиационная улица","name:uk":"Авіаційна вулиця","surface":"asphalt"},"geometry":{"type":"LineString","coordinates":[[34.0774571,44.9452124],[34.078202,44.945464],[34.0783925,44.9454935]]},"id":"way/36781606"},{"type":"Feature","properties":{"@id":"way/36788735","highway":"secondary","maxspeed":"RU:urban","name":"улица Толстого","name:en":"Tolstogo Street","name:ru":"улица Толстого","name:uk":"Толстого вулиця","oneway":"yes","surface":"asphalt"},"geometry":{"type":"LineString","coordinates":[[34.0941469,44.9560473],[34.0940908,44.9559911],[34.0935551,44.9554757],[34.0931741,44.9551493],[34.0929761,44.9549784],[34.0929115,44.9549238],[34.0919339,44.9540973],[34.0915449,44.9537443],[34.0914417,44.9536485],[34.0899446,44.9523957],[34.0898855,44.9523462],[34.0889578,44.9515192],[34.0888601,44.9514322]]},"id":"way/36788735"},{"type":"Feature","properties":{"@id":"way/36788737","highway":"primary","lanes":"3","maxspeed":"RU:urban","name":"бульвар Ленина","name:en":"Lenina Avenue","name:etymology:wikidata":"Q1394","name:ru":"бульвар Ленина","name:uk":"Леніна бульвар","oneway":"yes","surface":"asphalt","trolley_wire":"yes"},"geometry":{"type":"LineString","coordinates":[[34.0838078,44.9618011],[34.0838738,44.9617114],[34.083959,44.9616329],[34.0840049,44.961595],[34.0844681,44.9612124],[34.0851943,44.9606352],[34.0855419,44.9603397],[34.0857536,44.9601596],[34.0867863,44.9592816],[34.0868377,44.9592407],[34.0876596,44.9585538]]},"id":"way/36788737"},{"type":"Feature","properties":{"@id":"way/36788738","highway":"primary","lanes":"3","maxspeed":"60","name":"бульвар Ленина","name:en":"Lenina Avenue","name:etymology:wikidata":"Q1394","name:ru":"бульвар Ленина","name:uk":"Леніна бульвар","oneway":"yes","surface":"asphalt","trolley_wire":"yes"},"geometry":{"type":"LineString","coordinates":[[34.0893859,44.9582451],[34.0892157,44.95836],[34.0890458,44.9584843],[34.0889658,44.9585468],[34.0886692,44.9587786],[34.0885104,44.9589054],[34.0882221,44.959138],[34.0876439,44.9595966],[34.086828,44.9602484],[34.0859669,44.9609362],[34.0851303,44.9616086],[34.0846374,44.9619798],[34.0846011,44.9620092]]},"id":"way/36788738"},{"type":"Feature","properties":{"@id":"way/36788739","highway":"secondary","name":"улица Гоголя","name:en":"Gogol Street","name:etymology:wikidata":"Q43718","name:ru":"улица Гоголя","name:uk":"Гоголя вулиця","surface":"asphalt"},"geometry":{"type":"LineString","coordinates":[[34.0776702,44.9583397],[34.0784672,44.9580738]]},"id":"way/36788739"},{"type":"Feature","properties":{"@id":"way/37305034","highway":"tertiary","name":"Заводской переулок","name:en":"Zavodskoy Lane","name:ru":"Заводской переулок","name:uk":"Заводський провулок"},"geometry":{"type":"LineString","coordinates":[[34.0722598,44.921026],[34.0718873,44.9203217],[34.0716208,44.9198406],[34.07145,44.9195323],[34.0713121,44.9192835],[34.0708378,44.9184275],[34.0693749,44.9157874]]},"id":"way/37305034"},{"type":"Feature","properties":{"@id":"way/37305095","highway":"tertiary","name":"улица Данилова","name:ru":"улица Данилова","name:uk":"Данилова вулиця","surface":"asphalt"},"geometry":{"type":"LineString","coordinates":[[34.0620984,44.9277821],[34.0625044,44.927704],[34.0625291,44.9276968],[34.0625588,44.9276866],[34.0626345,44.927663],[34.0629213,44.9275805],[34.0632737,44.9274792],[34.0637176,44.9273619],[34.0651535,44.9269198],[34.0695678,44.9256351],[34.0704428,44.9253743],[34.0706088,44.9253248],[34.0706783,44.9253041]]},"id":"way/37305095"},{"type":"Feature","properties":{"@id":"way/38186977","abutters":"residential","highway":"secondary","maxspeed":"60","name":"Локомотивная улица","name:en":"Lokomotivnaya Street","name:ru":"Локомотивная улица","name:uk":"Локомотивна вулиця","surface":"asphalt"},"geometry":{"type":"LineString","coordinates":[[34.0631737,44.9548607],[34.0640838,44.9544691],[34.0655839,44.9538469]]},"id":"way/38186977"},{"type":"Feature","properties":{"@id":"way/39188412","highway":"primary","lanes":"4","name":"проспект Победы","name:en":"Pobedy Avenue","name:etymology:wikidata":"Q270706","name:ru":"проспект Победы","oneway":"yes","surface":"asphalt","trolley_wire":"yes"},"geometry":{"type":"LineString","coordinates":[[34.1360134,44.974607],[34.1359651,44.9744844],[34.1358953,44.9743779],[34.1352016,44.973787],[34.1349899,44.9736152],[34.1347558,44.9734252]]},"id":"way/39188412"},{"type":"Feature","properties":{"@id":"way/39188612","highway":"primary_link","maxspeed":"60","oneway":"yes","surface":"asphalt"},"geometry":{"type":"LineString","coordinates":[[34.1364918,44.9743936],[34.1365668,44.9743309],[34.1366256,44.9742673],[34.1366477,44.9742521],[34.1367399,44.9741435]]},"id":"way/39188612"},{"type":"Feature","properties":{"@id":"way/39188988","abutters":"residential","highway":"primary","lanes":"2","maxspeed":"60","name":"Киевская улица","name:en":"Kievskaya Street","name:etymology:wikidata":"Q1899","name:ru":"Киевская улица","name:uk":"Київська вулиця","oneway":"yes","surface":"asphalt","trolley_wire":"yes"},"geometry":{"type":"LineString","coordinates":[[34.0978845,44.972708],[34.0978245,44.9728557],[34.0978003,44.9729237],[34.0977922,44.9729775],[34.0977914,44.9730326],[34.0977925,44.9731531]]},"id":"way/39188988"},{"type":"Feature","properties":{"@id":"way/39250648","destination":"Ялта;Феодосия","highway":"primary_link","lanes":"1","oneway":"yes","ref":"35К-023","surface":"asphalt"},"geometry":{"type":"LineString","coordinates":[[34.0738412,44.9824808],[34.0735935,44.9834409],[34.0735632,44.9835946],[34.0735636,44.9837302],[34.0735782,44.9837818],[34.0736133,44.9838514],[34.0736518,44.9839124],[34.0737338,44.9839896],[34.0738796,44.9840883],[34.0742775,44.9843446],[34.0747196,44.9846213],[34.074987,44.9847599],[34.0752542,44.9848677],[34.0755783,44.9849655],[34.0761045,44.9851437]]},"id":"way/39250648"},{"type":"Feature","properties":{"@id":"way/43027286","highway":"primary","int_ref":"E 105","lanes":"1","maxspeed":"50","oneway":"yes","ref":"35А-002;М-18","surface":"asphalt","trolley_wire":"yes"},"geometry":{"type":"LineString","coordinates":[[34.1368863,44.9302119],[34.1370298,44.9298702],[34.1370477,44.9298253],[34.137149,44.9295516],[34.1372208,44.9293735]]},"id":"way/43027286"},{"type":"Feature","properties":{"@id":"way/60961486","highway":"primary","junction":"roundabout","name":"площадь Амет-Хана Султана","name:ru":"площадь Амет-Хана Султана","name:uk":"Амет-Хана Султана площа","oneway":"yes","surface":"asphalt","trolley_wire":"yes"},"geometry":{"type":"LineString","coordinates":[[34.0943375,44.9446415],[34.0942381,44.9446506],[34.0941422,44.944643]]},"id":"way/60961486"},{"type":"Feature","properties":{"@id":"way/60961487","highway":"secondary","lanes":"3","maxspeed":"RU:urban","name":"улица Чехова","name:en":"Chekhov Street","name:etymology:wikidata":"Q5685","name:ru":"улица Чехова","name:uk":"Чехова вулиця","oneway":"yes","surface":"asphalt"},"geometry":{"type":"LineString","coordinates":[[34.099633,44.9464383],[34.0994952,44.9465167],[34.0986935,44.9469732],[34.0982429,44.9472242],[34.0980739,44.9473183]]},"id":"way/60961487"},{"type":"Feature","properties":{"@id":"way/60961488","highway":"secondary","name":"улица Жуковского","name:en":"Zhukovskogo Street","name:ru":"улица Жуковского","name:uk":"Жуковського вулиця"},"geometry":{"type":"LineString","coordinates":[[34.0903203,44.9472547],[34.0916764,44.9483372],[34.0919855,44.9485839],[34.0923466,44.9488781],[34.0936414,44.9499642],[34.0936705,44.9499886]]},"id":"way/60961488"},{"type":"Feature","properties":{"@id":"way/60961489","highway":"secondary","name":"улица Желябова","name:en":"Zheliabova Street","name:ru":"улица Желябова","name:uk":"Желябова вулиця","oneway":"yes","surface":"asphalt"},"geometry":{"type":"LineString","coordinates":[[34.0958386,44.9541533],[34.0960198,44.9542029],[34.0964341,44.9545628],[34.0964707,44.9545957]]},"id":"way/60961489"},{"type":"Feature","properties":{"@id":"way/64216656","highway":"tertiary","lanes":"2","maxspeed":"60","name":"Северная улица","name:ru":"Северная улица","name:uk":"Північна вулиця","surface":"asphalt"},"geometry":{"type":"LineString","coordinates":[[34.0620984,44.9277821],[34.0622728,44.9281145],[34.0627409,44.9287537],[34.0632625,44.9295391],[34.0632938,44.9296124],[34.0632822,44.9296487],[34.0632519,44.9296765],[34.0632006,44.9296896],[34.06298,44.9296966],[34.0626776,44.9296931],[34.062601,44.9296931],[34.0617432,44.9296912],[34.0586641,44.9296818],[34.0561819,44.9296708],[34.0557593,44.9296606]]},"id":"way/64216656"},{"type":"Feature","properties":{"@id":"way/66318324","highway":"primary","lanes":"2","name":"проспект Вернадского","name:en":"Vernadsky Avenue","name:ru":"проспект Вернадского","name:uk":"Вернадського проспект","old_name":"Ялтинская улица","old_name:uk":"Ялтинська вулиця","oneway":"yes","surface":"asphalt","trolley_wire":"yes"},"geometry":{"type":"LineString","coordinates":[[34.1267409,44.9439067],[34.1264004,44.9443176]]},"id":"way/66318324"},{"type":"Feature","properties":{"@id":"way/66318329","highway":"secondary","lanes":"2","name":"улица Беспалова","name:en":"Bespalova Street","name:ru":"улица Беспалова","name:uk":"Беспалова вулиця","oneway":"yes","surface":"asphalt"},"geometry":{"type":"LineString","coordinates":[[34.1256351,44.9440166],[34.1256938,44.9438723],[34.1257338,44.9437349]]},"id":"way/66318329"},{"type":"Feature","properties":{"@id":"way/66318332","abutters":"residential","highway":"primary","lanes":"3","maxspeed":"60","name":"Евпаторийское шоссе","name:ru":"Евпаторийское шоссе","name:uk":"Євпаторійське шосе","oneway":"yes","surface":"asphalt","trolley_wire":"yes"},"geometry":{"type":"LineString","coordinates":[[34.0728799,44.984461],[34.0729343,44.9843182],[34.072986,44.9841827],[34.073039,44.9840265],[34.0730792,44.9839063],[34.0731461,44.9836631],[34.0735599,44.9823953],[34.073807,44.9816994]]},"id":"way/66318332"},{"type":"Feature","properties":{"@id":"way/66318340","highway":"primary","lanes":"2","lit":"yes","name":"Киевская улица","name:en":"Kievskaya Street","name:etymology:wikidata":"Q1899","name:ru":"Киевская улица","name:uk":"Київська вулиця","oneway":"yes","surface":"asphalt","trolley_wire":"yes"},"geometry":{"type":"LineString","coordinates":[[34.1258871,44.9452734],[34.1258312,44.9451726],[34.1257065,44.9446296],[34.1256635,44.9445116]]},"id":"way/66318340"},{"type":"Feature","properties":{"@id":"way/66318343","highway":"primary","lit":"yes","name":"Киевская улица","name:en":"Kievskaya Street","name:etymology:wikidata":"Q1899","name:ru":"Киевская улица","name:uk":"Київська вулиця","surface":"asphalt","trolley_wire":"yes"},"geometry":{"type":"LineString","coordinates":[[34.1258871,44.9452734],[34.1259309,44.9454919]]},"id":"way/66318343"},{"type":"Feature","properties":{"@id":"way/66318347","highway":"primary","lanes":"2","name":"улица Воровского","name:en":"Vorovskogo Street","name:etymology:wikidata":"Q1365246","name:ru":"улица Воровского","name:uk":"Воровського вулиця","oneway":"yes","surface":"asphalt"},"geometry":{"type":"LineString","coordinates":[[34.1250585,44.9444001],[34.1255247,44.9441131]]},"id":"way/66318347"},{"type":"Feature","properties":{"@id":"way/66318350","highway":"primary","lanes":"3","maxspeed":"RU:urban","old_ref":"Н-05","oneway":"yes","surface":"asphalt","trolley_wire":"yes"},"geometry":{"type":"LineString","coordinates":[[34.0717633,44.9858558],[34.07191,44.9857299],[34.0719876,44.9856539],[34.0721518,44.9854947],[34.0723764,44.9852488],[34.0724889,44.9851088],[34.0726966,44.9847999],[34.0727386,44.9847228]]},"id":"way/66318350"},{"type":"Feature","properties":{"@id":"way/66318353","abutters":"residential","highway":"primary","maxspeed":"60","name":"Евпаторийское шоссе","name:ru":"Евпаторийское шоссе","name:uk":"Євпаторійське шосе","oneway":"yes","surface":"asphalt","trolley_wire":"yes"},"geometry":{"type":"LineString","coordinates":[[34.0741345,44.9809269],[34.0741384,44.9810613],[34.07404,44.9814669],[34.0739594,44.9817993]]},"id":"way/66318353"},{"type":"Feature","properties":{"@id":"way/71660558","highway":"primary_link","oneway":"no","surface":"asphalt","trolley_wire":"yes"},"geometry":{"type":"LineString","coordinates":[[34.1174097,44.9612192],[34.1173143,44.9613493]]},"id":"way/71660558"},{"type":"Feature","properties":{"@id":"way/71660563","abutters":"residential","highway":"secondary","lane_markings":"no","maxspeed":"60","name":"улица Куйбышева","name:en":"Kuybyshev Street","name:etymology:wikidata":"Q443703","name:ru":"улица Куйбышева","name:uk":"Куйбишева вулиця","surface":"asphalt"},"geometry":{"type":"LineString","coordinates":[[34.1101355,44.9612478],[34.1103625,44.9619852],[34.1105724,44.9626111],[34.1106919,44.9629849],[34.1107447,44.96315],[34.110978,44.9639011],[34.1110194,44.9640168],[34.1110666,44.9641623],[34.1111442,44.964402],[34.1111886,44.9645709],[34.1112459,44.9648078],[34.1112671,44.9648959],[34.1112949,44.9650286],[34.1113192,44.965146],[34.1113541,44.9653145],[34.1114801,44.9659227]]},"id":"way/71660563"},{"type":"Feature","properties":{"@id":"way/71660571","highway":"tertiary","name":"улица Механизаторов","name:ru":"улица Механизаторов","name:uk":"Механізаторів вулиця","surface":"asphalt"},"geometry":{"type":"LineString","coordinates":[[34.1415463,44.9849965],[34.1410401,44.9846536],[34.1404565,44.9842631],[34.1403801,44.9841977],[34.1401343,44.9840076],[34.1394867,44.9835834],[34.138998,44.9832174]]},"id":"way/71660571"},{"type":"Feature","properties":{"@id":"way/71865994","highway":"tertiary","name":"Белая улица","name:ru":"Белая улица","name:uk":"Біла вулиця"},"geometry":{"type":"LineString","coordinates":[[34.1463261,44.9813126],[34.1461952,44.9814146],[34.1461244,44.9814699],[34.1457405,44.9817692],[34.1453292,44.9820899],[34.1446959,44.982619],[34.144041,44.9831191],[34.1435359,44.9834882],[34.1433726,44.9836156],[34.1427092,44.9841328],[34.1426219,44.9841976],[34.1419222,44.9847173],[34.1415463,44.9849965]]},"id":"way/71865994"},{"type":"Feature","properties":{"@id":"way/71989974","highway":"secondary","oneway":"yes","surface":"asphalt","trolley_wire":"yes"},"geometry":{"type":"LineString","coordinates":[[34.1116603,44.9664884],[34.1115783,44.9667683]]},"id":"way/71989974"},{"type":"Feature","properties":{"@id":"way/71989978","highway":"secondary","name":"улица Титова","name:en":"Titova Street","name:ru":"улица Титова","name:uk":"Титова вулиця","surface":"asphalt"},"geometry":{"type":"LineString","coordinates":[[34.1127854,44.9701056],[34.1128385,44.9700953],[34.1150069,44.9688811]]},"id":"way/71989978"},{"type":"Feature","properties":{"@id":"way/72002648","highway":"secondary","name":"Кубанская улица","name:en":"Kubanskaya Street","name:ru":"Кубанская улица","name:uk":"Кубанська вулиця","surface":"asphalt","trolley_wire":"no"},"geometry":{"type":"LineString","coordinates":[[34.1466966,44.9755047],[34.1467696,44.9754575],[34.1467809,44.9754509],[34.146945,44.9753486],[34.1475484,44.9749726],[34.1477913,44.9748215],[34.1484806,44.9744461],[34.1486375,44.9743392],[34.1490423,44.9740845],[34.149311,44.9739272],[34.1502279,44.9733374],[34.1505823,44.9731094],[34.151016,44.9728456],[34.1513807,44.9725952],[34.1515747,44.9724629],[34.1518767,44.972257],[34.1520089,44.972177],[34.1522051,44.9720453]]},"id":"way/72002648"},{"type":"Feature","properties":{"@id":"way/72098637","alt_name":"бульвар И.Франко","highway":"tertiary","maxspeed":"RU:urban","name":"бульвар Ивана Франко","name:en":"Franko Boulevard","name:ru":"бульвар Ивана Франко","name:uk":"Івана Франка бульвар","oneway":"yes","surface":"asphalt"},"geometry":{"type":"LineString","coordinates":[[34.1066844,44.9599344],[34.1064606,44.9599479],[34.1063437,44.9599414],[34.1062918,44.9599369],[34.1062443,44.9599217],[34.1062054,44.9598971],[34.1053176,44.9592969],[34.1052791,44.9592721],[34.1027877,44.9575893],[34.1009456,44.9563433],[34.1005629,44.9560811],[34.1000619,44.9557378],[34.0998878,44.9556178]]},"id":"way/72098637"},{"type":"Feature","properties":{"@id":"way/72098645","highway":"tertiary","lanes":"2","living_street":"yes","name":"бульвар Ивана Франко","name:en":"Franko Boulevard","name:ru":"бульвар Ивана Франко","name:uk":"Івана Франка бульвар","oneway":"yes","surface":"asphalt"},"geometry":{"type":"LineString","coordinates":[[34.1101355,44.9612478],[34.1100024,44.9612825],[34.1099309,44.9612867],[34.1098866,44.961274],[34.1092098,44.9609945],[34.1091711,44.9609769],[34.1084239,44.9606364]]},"id":"way/72098645"},{"type":"Feature","properties":{"@id":"way/72098648","highway":"tertiary","name":"улица Декабристов","name:en":"Dekabristov Street","name:ru":"улица Декабристов","name:uk":"Декабристів вулиця","surface":"asphalt"},"geometry":{"type":"LineString","coordinates":[[34.1015839,44.9617015],[34.1016547,44.9616205],[34.1016804,44.9615992],[34.1017812,44.961535],[34.1029686,44.9607083],[34.1031163,44.9606286],[34.1034822,44.9605075],[34.1042459,44.9602657],[34.1043579,44.9602131],[34.1044853,44.9601342],[34.1052722,44.9593355],[34.1053176,44.9592969],[34.1053658,44.9592576],[34.1054177,44.9592192]]},"id":"way/72098648"},{"type":"Feature","properties":{"@id":"way/72783872","highway":"secondary","lane_markings":"no","name":"улица Шмидта","name:en":"Shmidt Street","name:ru":"улица Шмидта","name:uk":"Шмідта вулиця","surface":"asphalt","wikidata":"Q106485393","wikipedia":"ru:Улица Шмидта (Симферополь)"},"geometry":{"type":"LineString","coordinates":[[34.1077475,44.9514074],[34.1078624,44.9515235],[34.1083253,44.9521384],[34.1084636,44.9523354]]},"id":"way/72783872"},{"type":"Feature","properties":{"@id":"way/72783873","bridge":"yes","highway":"secondary","layer":"1","name":"улица Шмидта","name:en":"Shmidt Street","name:ru":"улица Шмидта","name:uk":"Шмідта вулиця","surface":"asphalt","wikidata":"Q106485393","wikipedia":"ru:Улица Шмидта (Симферополь)"},"geometry":{"type":"LineString","coordinates":[[34.1084636,44.9523354],[34.1086524,44.9525873]]},"id":"way/72783873"},{"type":"Feature","properties":{"@id":"way/72783877","abutters":"residential","highway":"primary","maxspeed":"60","name":"улица Воровского","name:en":"Vorovskogo Street","name:etymology:wikidata":"Q1365246","name:ru":"улица Воровского","name:uk":"Воровського вулиця","oneway":"yes","surface":"asphalt"},"geometry":{"type":"LineString","coordinates":[[34.106893,44.9509944],[34.1071789,44.9510595],[34.1075596,44.9511438]]},"id":"way/72783877"},{"type":"Feature","properties":{"@id":"way/72783879","highway":"secondary","name":"улица Шмидта","name:en":"Shmidt Street","name:ru":"улица Шмидта","name:uk":"Шмідта вулиця","surface":"asphalt","wikidata":"Q106485393","wikipedia":"ru:Улица Шмидта (Симферополь)"},"geometry":{"type":"LineString","coordinates":[[34.1086524,44.9525873],[34.1087325,44.9526569],[34.1093637,44.953222],[34.1098488,44.9535861],[34.1099404,44.9536595],[34.1100224,44.9537267],[34.1101068,44.9538025],[34.1110298,44.9545598],[34.1111636,44.9546745],[34.1112406,44.9547406],[34.1113223,44.9548107],[34.1121295,44.9554887]]},"id":"way/72783879"},{"type":"Feature","properties":{"@id":"way/73564994","highway":"tertiary","maxspeed":"RU:urban","name":"бульвар Ивана Франко","name:en":"Franko Boulevard","name:ru":"бульвар Ивана Франко","name:uk":"Івана Франка бульвар","oneway":"yes","surface":"asphalt"},"geometry":{"type":"LineString","coordinates":[[34.1001965,44.9556063],[34.1003517,44.9557261],[34.1010666,44.9562368],[34.1014529,44.9564935],[34.1029066,44.9574698],[34.1041641,44.958352],[34.1053825,44.9591957],[34.1054177,44.9592192]]},"id":"way/73564994"},{"type":"Feature","properties":{"@id":"way/73564996","highway":"tertiary","lanes":"2","layer":"1","maxspeed":"RU:urban","name":"Суворовский спуск","name:en":"Suvorovskiy Descent","name:ru":"Суворовский спуск","name:uk":"Суворовський узвіз","oneway":"no","surface":"asphalt"},"geometry":{"type":"LineString","coordinates":[[34.0987666,44.9556542],[34.0987041,44.9556559],[34.0982543,44.9556677],[34.0977829,44.9552848],[34.0973332,44.9549326],[34.0967877,44.9544973],[34.0967153,44.9544421]]},"id":"way/73564996"},{"type":"Feature","properties":{"@id":"way/73854398","bridge":"yes","highway":"primary","lanes":"3","layer":"1","name":"улица Гагарина","name:en":"Gagarina Street","name:etymology:wikidata":"Q7327","name:ru":"улица Гагарина","name:uk":"Гагаріна вулиця","oneway":"yes","surface":"asphalt","trolley_wire":"yes"},"geometry":{"type":"LineString","coordinates":[[34.0877138,44.9650801],[34.087518,44.9649109],[34.0874903,44.9648889]]},"id":"way/73854398"},{"type":"Feature","properties":{"@id":"way/73854399","abutters":"residential","highway":"primary","lanes":"4","lit":"yes","maxspeed":"60","name":"Киевская улица","name:en":"Kievskaya Street","name:etymology:wikidata":"Q1899","name:ru":"Киевская улица","name:uk":"Київська вулиця","surface":"asphalt","trolley_wire":"yes"},"geometry":{"type":"LineString","coordinates":[[34.1260318,44.9460085],[34.1263568,44.9477327]]},"id":"way/73854399"},{"type":"Feature","properties":{"@id":"way/73854400","abutters":"residential","highway":"primary","lanes":"3","maxspeed":"60","name":"улица Гагарина","name:en":"Gagarina Street","name:etymology:wikidata":"Q7327","name:ru":"улица Гагарина","name:uk":"Гагаріна вулиця","oneway":"yes","surface":"asphalt","trolley_wire":"yes"},"geometry":{"type":"LineString","coordinates":[[34.0925836,44.9693055],[34.0913411,44.96821],[34.0896495,44.9667391],[34.0888326,44.9660288]]},"id":"way/73854400"},{"type":"Feature","properties":{"@id":"way/73854401","bridge":"yes","highway":"primary","lanes":"4","layer":"1","name":"Киевская улица","name:en":"Kievskaya Street","name:etymology:wikidata":"Q1899","name:ru":"Киевская улица","name:uk":"Київська вулиця","surface":"asphalt","trolley_wire":"yes"},"geometry":{"type":"LineString","coordinates":[[34.1259309,44.9454919],[34.1260318,44.9460085]]},"id":"way/73854401"},{"type":"Feature","properties":{"@id":"way/73949471","highway":"primary","int_ref":"E 105","lanes":"2","loc_name":"Объездная дорога","maxspeed":"60","oneway":"yes","ref":"35К-023","surface":"asphalt"},"geometry":{"type":"LineString","coordinates":[[34.1408384,44.9660625],[34.1404117,44.9664769],[34.1403501,44.9665538],[34.1402488,44.9666804],[34.1401601,44.9668121],[34.1400857,44.9669391],[34.1400294,44.9670878],[34.1399409,44.9673807],[34.1398972,44.9676598],[34.1398688,44.9678646],[34.1398626,44.9679095],[34.139862,44.9679345],[34.1398536,44.9682866],[34.1398519,44.9683555],[34.1398431,44.9684864],[34.1398253,44.9689098],[34.139813,44.9692025],[34.1397808,44.969563],[34.1396646,44.9701077],[34.1396221,44.9702781],[34.1395853,44.970361],[34.1395366,44.9704804],[34.1394695,44.9706267],[34.1393834,44.9707982],[34.1392608,44.9710193],[34.1390953,44.9713435],[34.1388295,44.9717425],[34.1385301,44.9721594],[34.138248,44.9725795],[34.1377474,44.9733136],[34.1372802,44.973994],[34.1370381,44.9743481]]},"id":"way/73949471"},{"type":"Feature","properties":{"@id":"way/73949474","highway":"primary_link","maxspeed":"90","oneway":"yes","surface":"asphalt"},"geometry":{"type":"LineString","coordinates":[[34.1366797,44.9753791],[34.1366072,44.975453],[34.1365427,44.9755372],[34.1362631,44.9758438],[34.1361891,44.9759442],[34.1353008,44.9771243],[34.1350456,44.9774174],[34.1347561,44.9777104]]},"id":"way/73949474"},{"type":"Feature","properties":{"@id":"way/76130950","highway":"secondary","name":"улица Самокиша","name:en":"Samokish Street","name:ru":"улица Самокиша","name:uk":"Самокіша вулиця","oneway":"yes"},"geometry":{"type":"LineString","coordinates":[[34.0945136,44.9474928],[34.0954749,44.9468727],[34.0960675,44.9464903],[34.0962691,44.9463603],[34.0965121,44.9462022],[34.0966028,44.9461406]]},"id":"way/76130950"},{"type":"Feature","properties":{"@id":"way/76157016","highway":"secondary","lit":"yes","maxspeed":"RU:urban","name":"Караимская улица","name:en":"Karaimskaya Street","name:ru":"Караимская улица","name:uk":"Караїмська вулиця","surface":"asphalt"},"geometry":{"type":"LineString","coordinates":[[34.0971484,44.9403819],[34.0972601,44.9404589],[34.0973206,44.9405002],[34.0974523,44.9405899]]},"id":"way/76157016"},{"type":"Feature","properties":{"@id":"way/76157018","highway":"secondary","name":"Троллейбусная улица","name:en":"Trolleybusnaya Street","name:ru":"Троллейбусная улица","name:uk":"Тролейбусна вулиця","surface":"asphalt"},"geometry":{"type":"LineString","coordinates":[[34.1057024,44.9634235],[34.1059222,44.9635182],[34.1062121,44.9636574]]},"id":"way/76157018"},{"type":"Feature","properties":{"@id":"way/76157019","highway":"secondary","name":"Русская улица","name:en":"Russkaya Street","name:ru":"Русская улица","name:uk":"Руська вулиця","surface":"asphalt","trolley_wire":"yes"},"geometry":{"type":"LineString","coordinates":[[34.0945459,44.9218037],[34.0946009,44.9218844],[34.0947681,44.9221299],[34.0951504,44.9226801]]},"id":"way/76157019"},{"type":"Feature","properties":{"@id":"way/76157020","abutters":"residential","highway":"primary","lanes":"3","maxspeed":"60","name":"Екатерининская улица","name:en":"Ekaterininskaya Street","name:etymology:wikidata":"Q9061","name:ru":"Екатерининская улица","old_name":"улица Карла Маркса","oneway":"yes","surface":"asphalt","trolley_wire":"yes"},"geometry":{"type":"LineString","coordinates":[[34.088698,44.9576422],[34.0888263,44.9575049],[34.0898842,44.9568435],[34.0907428,44.9563261],[34.0916977,44.9557498],[34.0928981,44.9550254],[34.0929761,44.9549784],[34.0930262,44.9549482],[34.0933856,44.9547311],[34.094637,44.9539703],[34.0947352,44.9539106],[34.095192,44.9536315],[34.0955629,44.9534041],[34.0964362,44.9528686],[34.0968803,44.9525963]]},"id":"way/76157020"},{"type":"Feature","properties":{"@id":"way/76157021","abutters":"residential","alt_name":"улица Розы Люксембург","highway":"primary","lanes":"2","maxspeed":"60","name":"улица Александра Невского","name:etymology:wikidata":"Q174044","name:ru":"улица Александра Невского","name:uk":"Олександра Невського вулиця","old_name":"улица Розы Люксембург","old_name:en":"Rozy Liuksemburh Street","old_name:ru":"улица Розы Люксембург","oneway":"yes","surface":"asphalt","trolley_wire":"yes"},"geometry":{"type":"LineString","coordinates":[[34.0981238,44.9535932],[34.0971074,44.9542099],[34.0967153,44.9544421]]},"id":"way/76157021"},{"type":"Feature","properties":{"@id":"way/76157022","highway":"secondary","lanes":"2","name":"Старозенитная улица","name:uk":"Старозенітна вулиця","oneway":"yes","surface":"asphalt","trolley_wire":"yes"},"geometry":{"type":"LineString","coordinates":[[34.101779,44.9358514],[34.1017913,44.9357222],[34.1017772,44.9355341]]},"id":"way/76157022"},{"type":"Feature","properties":{"@id":"way/76157023","highway":"secondary","maxspeed":"RU:urban","name":"улица Толстого","name:en":"Tolstogo Street","name:ru":"улица Толстого","name:uk":"Толстого вулиця","surface":"asphalt"},"geometry":{"type":"LineString","coordinates":[[34.0941469,44.9560473],[34.0942426,44.9561481],[34.0955346,44.9575085],[34.0969984,44.9589446]]},"id":"way/76157023"},{"type":"Feature","properties":{"@id":"way/76157024","highway":"primary","lanes":"4","name":"проспект Кирова","name:en":"Kirov Avenue","name:ru":"проспект Кирова","name:uk":"Кірова проспект","surface":"asphalt","trolley_wire":"yes"},"geometry":{"type":"LineString","coordinates":[[34.1012811,44.9498605],[34.10164,44.9505945]]},"id":"way/76157024"},{"type":"Feature","properties":{"@id":"way/76157025","highway":"secondary","lanes":"2","name":"Русская улица","name:en":"Russkaya Street","name:ru":"Русская улица","name:uk":"Руська вулиця","oneway":"yes","surface":"asphalt","trolley_wire":"yes"},"geometry":{"type":"LineString","coordinates":[[34.1017385,44.9314824],[34.1018301,44.9315163],[34.1019212,44.9315452],[34.1020799,44.9315913]]},"id":"way/76157025"},{"type":"Feature","properties":{"@id":"way/76157027","highway":"primary","lanes":"3","maxspeed":"60","name":"Севастопольская улица","name:en":"Sevastopolskaya Street","name:ru":"Севастопольская улица","name:uk":"Севастопольська вулиця","oneway":"yes","surface":"asphalt"},"geometry":{"type":"LineString","coordinates":[[34.0959318,44.9416306],[34.0960186,44.9417306],[34.0961445,44.9418745],[34.0963976,44.9421644],[34.0965333,44.9423152],[34.0967191,44.9425231],[34.0972954,44.943172]]},"id":"way/76157027"},{"type":"Feature","properties":{"@id":"way/76157029","abutters":"residential","highway":"primary","lanes":"3","maxspeed":"60","name":"улица Козлова","name:en":"Kozlova Street","name:ru":"улица Козлова","name:uk":"Козлова вулиця","oneway":"yes","surface":"asphalt","trolley_wire":"yes"},"geometry":{"type":"LineString","coordinates":[[34.0939684,44.9440192],[34.0941905,44.9437455],[34.0945518,44.9433109],[34.0948027,44.9430091],[34.0951345,44.9426373]]},"id":"way/76157029"},{"type":"Feature","properties":{"@id":"way/76157031","abutters":"residential","highway":"primary","lanes":"4","lanes:backward":"3","maxspeed":"60","name":"улица Козлова","name:en":"Kozlova Street","name:ru":"улица Козлова","name:uk":"Козлова вулиця","surface":"asphalt","trolley_wire":"yes"},"geometry":{"type":"LineString","coordinates":[[34.0959318,44.9416306],[34.0957882,44.9417671],[34.0951345,44.9426373]]},"id":"way/76157031"},{"type":"Feature","properties":{"@id":"way/76157032","highway":"primary","lanes":"3","name":"улица Павленко","name:en":"Pavlenko Street","name:ru":"улица Павленко","name:uk":"Павленка вулиця","surface":"asphalt","trolley_wire":"yes"},"geometry":{"type":"LineString","coordinates":[[34.0893859,44.9582451],[34.0894969,44.9583423],[34.089852,44.9586662]]},"id":"way/76157032"},{"type":"Feature","properties":{"@id":"way/76157033","highway":"secondary","name":"улица Желябова","name:en":"Zhelyabova Street","name:ru":"улица Желябова","name:uk":"Желябова вулиця","oneway":"yes","surface":"asphalt"},"geometry":{"type":"LineString","coordinates":[[34.0958386,44.9541533],[34.0958377,44.9543027],[34.0962626,44.9546709],[34.0963,44.9547053]]},"id":"way/76157033"},{"type":"Feature","properties":{"@id":"way/76212314","highway":"tertiary","name":"улица Грибоедова","name:en":"Griboyedova Street","name:ru":"улица Грибоедова","name:uk":"Грибоєдова вулиця"},"geometry":{"type":"LineString","coordinates":[[34.1194062,44.9604021],[34.1195052,44.9604226],[34.1200735,44.9605836],[34.1202139,44.9606213],[34.1211839,44.9608792],[34.1222241,44.9611522],[34.12346,44.9614735],[34.1245115,44.9617723],[34.1255164,44.9620888],[34.1259727,44.9622243],[34.1260673,44.9622623],[34.1267357,44.9627325],[34.1273531,44.963197]]},"id":"way/76212314"},{"type":"Feature","properties":{"@id":"way/77190592","abutters":"residential","highway":"primary","lanes":"3","maxspeed":"60","name":"проспект Победы","name:en":"Pobedy Avenue","name:etymology:wikidata":"Q270706","name:ru":"проспект Победы","oneway":"yes","surface":"asphalt","trolley_wire":"yes"},"geometry":{"type":"LineString","coordinates":[[34.1173143,44.9613493],[34.1166296,44.9611386],[34.116404,44.9610692],[34.1155545,44.9607916],[34.1152499,44.9606892]]},"id":"way/77190592"},{"type":"Feature","properties":{"@id":"way/77190603","highway":"secondary","lanes":"4","name":"улица Лермонтова","name:en":"Lermontova Street","name:etymology:wikidata":"Q46599","name:ru":"улица Лермонтова","name:uk":"Лермонтова вулиця","source":"gps","surface":"asphalt","trolley_wire":"yes"},"geometry":{"type":"LineString","coordinates":[[34.1136786,44.9661967],[34.1139238,44.9658666]]},"id":"way/77190603"},{"type":"Feature","properties":{"@id":"way/80247365","highway":"secondary","lanes":"2","name":"Русская улица","name:en":"Russkaya Street","name:ru":"Русская улица","name:uk":"Руська вулиця","oneway":"yes","surface":"asphalt","trolley_wire":"yes"},"geometry":{"type":"LineString","coordinates":[[34.0902764,44.9169464],[34.0903718,44.9170216],[34.0904536,44.9170853],[34.0933126,44.9193114],[34.093492,44.9194575],[34.0948962,44.9206008],[34.0951867,44.9210569],[34.0954181,44.9214202]]},"id":"way/80247365"},{"type":"Feature","properties":{"@id":"way/80247366","highway":"secondary","lanes":"2","name":"Русская улица","name:en":"Russkaya Street","name:ru":"Русская улица","name:uk":"Руська вулиця","oneway":"yes","surface":"asphalt","trolley_wire":"yes"},"geometry":{"type":"LineString","coordinates":[[34.0945459,44.9218037],[34.0929953,44.919628],[34.0928239,44.9195068],[34.0926461,44.9193938],[34.0926012,44.9193653],[34.0900742,44.9173943],[34.0899589,44.9173043],[34.0898768,44.9172391]]},"id":"way/80247366"},{"type":"Feature","properties":{"@id":"way/85648616","highway":"tertiary","lanes":"2","name":"Ровный переулок","name:ru":"Ровный переулок","name:uk":"Рівний провулок","surface":"asphalt"},"geometry":{"type":"LineString","coordinates":[[34.0434261,44.9337453],[34.0435095,44.9325197],[34.0435219,44.9323369],[34.0435712,44.931612],[34.04359,44.9313848],[34.043595,44.9313288],[34.0435989,44.931285],[34.0436031,44.9312387],[34.0436063,44.931203],[34.0436129,44.931129],[34.0436429,44.930681]]},"id":"way/85648616"},{"type":"Feature","properties":{"@id":"way/85692787","hgv":"no","highway":"tertiary","incline":"3","smoothness":"good","surface":"asphalt","trolley_wire":"no"},"geometry":{"type":"LineString","coordinates":[[34.0479762,44.9373344],[34.0474577,44.9370432]]},"id":"way/85692787"},{"type":"Feature","properties":{"@id":"way/85692788","abutters":"residential","hgv":"no","highway":"tertiary","maxspeed":"60","surface":"asphalt","trolley_wire":"no"},"geometry":{"type":"LineString","coordinates":[[34.0452263,44.9376529],[34.0450726,44.9379342],[34.0449842,44.9381302],[34.0449752,44.938194],[34.0449545,44.9383405],[34.0449737,44.938571],[34.0451299,44.9388454],[34.0452255,44.9389905],[34.0453513,44.9391815],[34.045378,44.9392221],[34.0456312,44.939574],[34.0457796,44.9398008],[34.0459077,44.9399918],[34.0460913,44.9402545],[34.046782,44.9410404],[34.0469984,44.9412325],[34.047152,44.9413133],[34.047365,44.941403],[34.047491,44.9414471],[34.0476793,44.941513],[34.049199,44.9420721]]},"id":"way/85692788"},{"type":"Feature","properties":{"@id":"way/85692790","bridge":"yes","highway":"tertiary","layer":"1","surface":"asphalt","trolley_wire":"no"},"geometry":{"type":"LineString","coordinates":[[34.0455459,44.9371665],[34.0452263,44.9376529]]},"id":"way/85692790"},{"type":"Feature","properties":{"@id":"way/85693208","highway":"tertiary","lanes":"2","name":"Узловая улица","name:en":"Uzlovaya Street","name:ru":"Узловая улица","name:uk":"Вузлова вулиця","smoothness":"excellent","surface":"asphalt"},"geometry":{"type":"LineString","coordinates":[[34.0434261,44.9337453],[34.0438763,44.9337719],[34.0444013,44.9337871],[34.0444969,44.9337902],[34.0454419,44.933821],[34.046499,44.9338715],[34.0475695,44.9339227],[34.0485434,44.9339692],[34.0488116,44.9339777],[34.0490105,44.933984],[34.049953,44.9340138],[34.050812,44.9340409],[34.0509716,44.9340446],[34.0532401,44.9340967],[34.0552447,44.9341427],[34.056809,44.9341893],[34.0592203,44.9342811],[34.059319,44.9342846],[34.0609461,44.9343394],[34.0622407,44.9343806],[34.0623943,44.9343857]]},"id":"way/85693208"},{"type":"Feature","properties":{"@id":"way/85693220","highway":"tertiary","name":"Пищевой переулок","name:en":"Pishchevoiy Lane","name:ru":"Пищевой переулок","name:uk":"Харчовий провулок","smoothness":"bad","surface":"asphalt"},"geometry":{"type":"LineString","coordinates":[[34.0621689,44.9378528],[34.0621781,44.9374953],[34.0621928,44.9372723],[34.0622775,44.9359854]]},"id":"way/85693220"},{"type":"Feature","properties":{"@id":"way/85693221","highway":"tertiary","oneway":"yes","surface":"asphalt"},"geometry":{"type":"LineString","coordinates":[[34.0596756,44.9381916],[34.0599848,44.9381079],[34.0616381,44.9378438]]},"id":"way/85693221"},{"type":"Feature","properties":{"@id":"way/85693222","highway":"tertiary","oneway":"yes","surface":"asphalt","width":"4"},"geometry":{"type":"LineString","coordinates":[[34.0616381,44.9378438],[34.061578,44.9378841],[34.0615285,44.9379243],[34.0614876,44.9379774],[34.0614822,44.9380482],[34.0615156,44.9381055],[34.0615823,44.9381574],[34.0616582,44.9381841],[34.0617966,44.9381871],[34.0619348,44.9382005],[34.062273,44.9382715]]},"id":"way/85693222"},{"type":"Feature","properties":{"@id":"way/85694540","highway":"tertiary","smoothness":"excellent","surface":"asphalt"},"geometry":{"type":"LineString","coordinates":[[34.0621689,44.9378528],[34.0623773,44.9378572],[34.0632414,44.9378755],[34.0649671,44.9379119],[34.0651436,44.9379376],[34.0652349,44.9379876],[34.0653134,44.9380425],[34.0653577,44.9380907],[34.0653881,44.9381472],[34.0654027,44.9382561],[34.0654028,44.9385839],[34.0653871,44.9386605],[34.0653331,44.9387062],[34.0652697,44.9387502],[34.0651756,44.9387789],[34.0650951,44.9387908],[34.0649992,44.9387923],[34.0632831,44.9387477],[34.0626617,44.938714],[34.0625693,44.9387055],[34.0624759,44.9386857],[34.0623792,44.9386586]]},"id":"way/85694540"},{"type":"Feature","properties":{"@id":"way/85694541","highway":"tertiary_link","oneway":"yes","surface":"asphalt"},"geometry":{"type":"LineString","coordinates":[[34.0630653,44.9383027],[34.0627323,44.9383566],[34.0624853,44.9383614],[34.0624329,44.9383736],[34.0623906,44.9383984],[34.0623553,44.9384363],[34.0623355,44.9384802],[34.0623315,44.9385197],[34.0623334,44.9385517],[34.0623423,44.9385831],[34.0623792,44.9386586]]},"id":"way/85694541"},{"type":"Feature","properties":{"@id":"way/86206216","highway":"secondary","lane_markings":"no","name":"улица Крымских Партизан","name:en":"Krymskikh Partizanov Street","name:ru":"улица Крымских Партизан","name:uk":"Кримських Партизанів вулиця","surface":"asphalt"},"geometry":{"type":"LineString","coordinates":[[34.0855988,44.9285666],[34.0858033,44.9284935],[34.0860602,44.9284016],[34.08639,44.9282837],[34.0865422,44.9282292],[34.0866693,44.928212],[34.0875184,44.9280973],[34.0877373,44.9280677],[34.0878785,44.9280454],[34.0881988,44.9279948],[34.0882315,44.9279902],[34.0885445,44.9279412],[34.0886586,44.9279234],[34.0887637,44.9279069],[34.0893526,44.9278148],[34.0904322,44.9276459]]},"id":"way/86206216"},{"type":"Feature","properties":{"@id":"way/86296661","bridge":"yes","highway":"primary","lanes":"2","layer":"1","maxspeed":"RU:urban","oneway":"yes","ref":"35К-023","surface":"asphalt","trolley_wire":"no"},"geometry":{"type":"LineString","coordinates":[[34.0762411,44.9851864],[34.0771576,44.9854799]]},"id":"way/86296661"},{"type":"Feature","properties":{"@id":"way/86296665","embankment":"yes","highway":"primary","lanes":"2","maxspeed":"RU:urban","oneway":"yes","ref":"35К-023","surface":"asphalt"},"geometry":{"type":"LineString","coordinates":[[34.0862797,44.9885751],[34.0860699,44.9885034],[34.0849922,44.9881351],[34.0824568,44.987307]]},"id":"way/86296665"},{"type":"Feature","properties":{"@id":"way/86296673","destination":"Евпатория;Севастополь;Херсон","destination:symbol":"airport","highway":"primary_link","oneway":"yes","ref":"35К-024","surface":"asphalt"},"geometry":{"type":"LineString","coordinates":[[34.0796897,44.9885993],[34.0801824,44.987838],[34.080312,44.9873971],[34.0802071,44.9870741],[34.080122,44.9869155],[34.0800015,44.9867641],[34.0797179,44.986527],[34.0796347,44.9864687],[34.0795022,44.9863882],[34.0791746,44.9862345]]},"id":"way/86296673"},{"type":"Feature","properties":{"@id":"way/86296683","highway":"primary_link","oneway":"yes","surface":"asphalt"},"geometry":{"type":"LineString","coordinates":[[34.0899759,44.9889858],[34.0900849,44.9890362],[34.0901391,44.9890799],[34.0901382,44.9891316],[34.0900969,44.9891695],[34.0900045,44.9891825]]},"id":"way/86296683"},{"type":"Feature","properties":{"@id":"way/86296723","destination":"Евпатория;Красноперекопск","highway":"primary_link","oneway":"yes","ref":"35К-024","surface":"asphalt","trolley_wire":"no"},"geometry":{"type":"LineString","coordinates":[[34.0815833,44.9872897],[34.0813714,44.9875721],[34.0813141,44.9876865],[34.0812899,44.9878039],[34.0813137,44.9879509],[34.0813748,44.9880641],[34.0815145,44.9881813],[34.081612,44.9882506],[34.081815,44.9883266],[34.0820403,44.9883466],[34.0822464,44.9883314],[34.0824107,44.9882899],[34.0825656,44.9882222],[34.0826606,44.9881414],[34.0827872,44.9879406],[34.0828186,44.9878282],[34.082818,44.9877136],[34.0827422,44.9875472],[34.0826098,44.9874103],[34.0824568,44.987307]]},"id":"way/86296723"},{"type":"Feature","properties":{"@id":"way/86296734","bridge":"yes","highway":"primary","lanes":"2","layer":"1","maxspeed":"RU:urban","oneway":"yes","ref":"35К-023","surface":"asphalt","trolley_wire":"no"},"geometry":{"type":"LineString","coordinates":[[34.0770844,44.985566],[34.0761864,44.9852702]]},"id":"way/86296734"},{"type":"Feature","properties":{"@id":"way/86296735","embankment":"yes","highway":"primary","lanes":"2","maxspeed":"RU:urban","oneway":"yes","ref":"35К-023","surface":"asphalt"},"geometry":{"type":"LineString","coordinates":[[34.0775544,44.9856132],[34.0790193,44.986072],[34.0809681,44.9867143]]},"id":"way/86296735"},{"type":"Feature","properties":{"@id":"way/86296736","bridge":"yes","highway":"primary","int_ref":"E 105","lanes":"2","layer":"1","maxspeed":"RU:urban","oneway":"yes","ref":"35К-023","surface":"asphalt"},"geometry":{"type":"LineString","coordinates":[[34.0811501,44.9867761],[34.082329,44.9871347]]},"id":"way/86296736"},{"type":"Feature","properties":{"@id":"way/86296737","embankment":"yes","highway":"primary","int_ref":"E 105","lanes":"2","maxspeed":"RU:urban","oneway":"yes","ref":"35К-023","surface":"asphalt"},"geometry":{"type":"LineString","coordinates":[[34.082329,44.9871347],[34.0830438,44.9873654],[34.0850663,44.9880184]]},"id":"way/86296737"},{"type":"Feature","properties":{"@id":"way/86296738","embankment":"yes","highway":"primary","lanes":"2","maxspeed":"RU:urban","oneway":"yes","ref":"35К-023","surface":"asphalt","trolley_wire":"no"},"geometry":{"type":"LineString","coordinates":[[34.0810672,44.9868491],[34.0791746,44.9862345],[34.0788529,44.9861264],[34.0770844,44.985566]]},"id":"way/86296738"},{"type":"Feature","properties":{"@id":"way/86296739","bridge":"yes","highway":"primary","lanes":"2","layer":"1","maxspeed":"RU:urban","oneway":"yes","ref":"35К-023","surface":"asphalt","trolley_wire":"no"},"geometry":{"type":"LineString","coordinates":[[34.0822006,44.9872131],[34.0810672,44.9868491]]},"id":"way/86296739"},{"type":"Feature","properties":{"@id":"way/86379329","abutters":"residential","bridge":"yes","highway":"primary","lanes":"4","layer":"1","maxspeed":"60","old_ref":"Т-01-01","ref":"35К-007;Т-01-01","surface":"asphalt"},"geometry":{"type":"LineString","coordinates":[[34.0690397,44.9792579],[34.0690428,44.9795543]]},"id":"way/86379329"},{"type":"Feature","properties":{"@id":"way/86379857","abutters":"residential","highway":"secondary","maxspeed":"60","name":"Луговая улица","name:ru":"Луговая улица","name:uk":"Лугова вулиця","surface":"asphalt"},"geometry":{"type":"LineString","coordinates":[[34.075002,44.9788774],[34.074893,44.9788637],[34.07479,44.9788432],[34.0746799,44.9788212],[34.0745377,44.9788035],[34.0743403,44.9787847],[34.0740974,44.9787777],[34.073491,44.9788287],[34.0731767,44.9788672],[34.0729088,44.9789001],[34.072888,44.9789026],[34.0720725,44.9790027],[34.0717399,44.9790398],[34.0704628,44.9791823],[34.0697121,44.9792684],[34.0693244,44.9793129],[34.0682921,44.9794312]]},"id":"way/86379857"},{"type":"Feature","properties":{"@id":"way/86380457","highway":"primary","int_ref":"E 105","lanes":"2","maxspeed":"RU:urban","oneway":"yes","ref":"35К-023","surface":"asphalt"},"geometry":{"type":"LineString","coordinates":[[34.0850663,44.9880184],[34.0862091,44.9883843],[34.0866185,44.9885153],[34.0870127,44.9886317],[34.0874836,44.9887418],[34.0878606,44.988822],[34.087992,44.9888355],[34.088094,44.9888507]]},"id":"way/86380457"},{"type":"Feature","properties":{"@id":"way/86402006","highway":"tertiary","name":"Базовая улица","name:ru":"Базовая улица","name:uk":"Базова вулиця","note":"Дорога сильно разбита","surface":"unpaved"},"geometry":{"type":"LineString","coordinates":[[34.0436429,44.930681],[34.0436939,44.930351],[34.0437972,44.9300941],[34.0438298,44.9300279],[34.04387,44.9299462],[34.0440412,44.929757],[34.0441755,44.929639],[34.0443525,44.9295336],[34.0445027,44.9294633],[34.0446814,44.9294051],[34.0448849,44.9293646],[34.0451966,44.9293364],[34.0454158,44.9293166],[34.0454448,44.9293151],[34.0456961,44.9293024],[34.0461103,44.9292798],[34.0462856,44.9292645],[34.0472204,44.9293],[34.0488656,44.9293747],[34.0489831,44.9293789],[34.0493916,44.9293957],[34.0503868,44.9294367],[34.0514785,44.9294817],[34.0517859,44.9295543],[34.0518192,44.9295622],[34.0520704,44.9295796],[34.0528608,44.9296016],[34.0532854,44.9296134],[34.0533686,44.9296157],[34.0550085,44.9296406],[34.0553682,44.9296461],[34.0555308,44.9296593]]},"id":"way/86402006"},{"type":"Feature","properties":{"@id":"way/86496731","highway":"tertiary","name":"Трансформаторная улица","name:en":"Transformatornaya Street","name:ru":"Трансформаторная улица","name:uk":"Трансформаторна вулиця","surface":"asphalt"},"geometry":{"type":"LineString","coordinates":[[34.081031,44.9402623],[34.0809363,44.9403494],[34.0807626,44.9405847],[34.0806142,44.9407842],[34.080534,44.9408563],[34.0789604,44.9419211],[34.0782569,44.9424048],[34.0779098,44.9426457],[34.077093,44.9432049]]},"id":"way/86496731"},{"type":"Feature","properties":{"@id":"way/86982801","highway":"tertiary","name":"улица Ленина","name:en":"Lenina Street","name:etymology:wikidata":"Q1394","name:ru":"улица Ленина","name:uk":"Леніна вулиця","source":"Bing","surface":"asphalt"},"geometry":{"type":"LineString","coordinates":[[34.0620984,44.9277821],[34.0617833,44.9270672],[34.0604209,44.9251694],[34.0593976,44.9236241],[34.0592287,44.923447],[34.0568662,44.9220087],[34.0568089,44.9219773],[34.0566103,44.9218537],[34.0565128,44.921772],[34.0564067,44.9216682],[34.0558797,44.9210286],[34.0554841,44.9205037],[34.0554466,44.9204691],[34.0554043,44.9204417],[34.0553519,44.9204244],[34.0552852,44.920416],[34.0551981,44.9204205],[34.0550129,44.9204741],[34.0538631,44.9207856]]},"id":"way/86982801"},{"type":"Feature","properties":{"@id":"way/86982804","highway":"tertiary"},"geometry":{"type":"LineString","coordinates":[[34.0536827,44.9211876],[34.0519738,44.9200462]]},"id":"way/86982804"},{"type":"Feature","properties":{"@id":"way/86982805","highway":"tertiary","name":"улица Новая","name:uk":"вулиця Нова"},"geometry":{"type":"LineString","coordinates":[[34.0519738,44.9200462],[34.0518169,44.9199391],[34.0472343,44.9168089],[34.0465856,44.9163726],[34.0451088,44.9153794],[34.0434075,44.9142351],[34.0428454,44.9138571],[34.0426768,44.9137437],[34.0416791,44.9130726]]},"id":"way/86982805"},{"type":"Feature","properties":{"@id":"way/86985116","highway":"secondary","oneway":"yes","surface":"asphalt"},"geometry":{"type":"LineString","coordinates":[[34.1040284,44.9860361],[34.1039327,44.9865854],[34.1035744,44.9877636]]},"id":"way/86985116"},{"type":"Feature","properties":{"@id":"way/86985117","highway":"secondary","oneway":"yes","surface":"asphalt"},"geometry":{"type":"LineString","coordinates":[[34.1030801,44.9913769],[34.1030639,44.9912371],[34.1030646,44.9910835],[34.1031214,44.9902202]]},"id":"way/86985117"},{"type":"Feature","properties":{"@id":"way/86985118","highway":"secondary","oneway":"yes","surface":"asphalt"},"geometry":{"type":"LineString","coordinates":[[34.1032937,44.9898647],[34.1032777,44.9902145]]},"id":"way/86985118"},{"type":"Feature","properties":{"@id":"way/86985119","bridge":"yes","highway":"secondary","layer":"1","oneway":"yes","surface":"asphalt"},"geometry":{"type":"LineString","coordinates":[[34.1033416,44.9891828],[34.1032937,44.9898647]]},"id":"way/86985119"},{"type":"Feature","properties":{"@id":"way/86985120","highway":"secondary","oneway":"yes","surface":"asphalt"},"geometry":{"type":"LineString","coordinates":[[34.1032089,44.989155],[34.1032238,44.9889333],[34.1032502,44.9885433],[34.1032849,44.9883048]]},"id":"way/86985120"},{"type":"Feature","properties":{"@id":"way/86985121","bridge":"yes","highway":"secondary","layer":"1","oneway":"yes","surface":"asphalt"},"geometry":{"type":"LineString","coordinates":[[34.1031447,44.9898615],[34.1032089,44.989155]]},"id":"way/86985121"},{"type":"Feature","properties":{"@id":"way/86985462","highway":"secondary","oneway":"yes","surface":"asphalt"},"geometry":{"type":"LineString","coordinates":[[34.1035744,44.9877636],[34.1036741,44.9879464],[34.1037852,44.9881007],[34.1040588,44.9883328],[34.1042984,44.9884773],[34.1051424,44.98894],[34.1055509,44.9891621],[34.1059775,44.9893581],[34.1063044,44.9894792],[34.1068201,44.9895926]]},"id":"way/86985462"},{"type":"Feature","properties":{"@id":"way/86985517","destination":"Живописное","highway":"secondary","oneway":"yes","surface":"asphalt"},"geometry":{"type":"LineString","coordinates":[[34.1011984,44.9893843],[34.1015838,44.9892837],[34.1017464,44.9892753],[34.1042304,44.989344],[34.1044347,44.9893617],[34.1052271,44.9895364]]},"id":"way/86985517"},{"type":"Feature","properties":{"@id":"way/86985522","highway":"secondary_link","oneway":"yes","surface":"asphalt"},"geometry":{"type":"LineString","coordinates":[[34.1044347,44.9893617],[34.1045992,44.9893223],[34.1047198,44.9892865],[34.1048036,44.9892172],[34.1048371,44.9891402],[34.1048351,44.9890563],[34.1048094,44.9889838],[34.1047445,44.9889098],[34.104647,44.9888529],[34.1044944,44.9888102],[34.1043245,44.9887892],[34.1040335,44.9887779],[34.10379,44.9887761],[34.1035847,44.9888053],[34.1034711,44.9888384],[34.1033685,44.9889115]]},"id":"way/86985522"},{"type":"Feature","properties":{"@id":"way/86985540","highway":"secondary_link","oneway":"yes","surface":"asphalt"},"geometry":{"type":"LineString","coordinates":[[34.1032238,44.9889333],[34.1031411,44.9888639],[34.1030576,44.9888087],[34.1029558,44.988772],[34.1028437,44.9887566],[34.1015533,44.9887228],[34.1014027,44.988732],[34.1012927,44.9887787],[34.1012044,44.9888623],[34.1011711,44.9889576],[34.1011732,44.9890501],[34.1012125,44.9891314],[34.101291,44.9891931],[34.1014088,44.9892421],[34.1015838,44.9892837]]},"id":"way/86985540"},{"type":"Feature","properties":{"@id":"way/86985559","highway":"secondary","oneway":"yes","surface":"asphalt"},"geometry":{"type":"LineString","coordinates":[[34.1050926,44.9896372],[34.1046682,44.9896899],[34.1044255,44.989709],[34.1042367,44.9897249],[34.1022191,44.989641],[34.101881,44.9896208],[34.1010993,44.9894925]]},"id":"way/86985559"},{"type":"Feature","properties":{"@id":"way/86985578","highway":"secondary_link","oneway":"yes","surface":"asphalt"},"geometry":{"type":"LineString","coordinates":[[34.1032777,44.9902145],[34.1033856,44.9903632],[34.1034793,44.9904635],[34.1035843,44.9905424],[34.1037224,44.990599],[34.1038798,44.9906269],[34.1040429,44.990627],[34.104177,44.9906072],[34.1043094,44.9905601],[34.104423,44.9904847],[34.1045088,44.9903844],[34.1045502,44.9902846],[34.1045703,44.9901731],[34.104563,44.9900771],[34.1045357,44.9899796],[34.1044799,44.9898917],[34.1044009,44.9898164],[34.1042367,44.9897249]]},"id":"way/86985578"},{"type":"Feature","properties":{"@id":"way/86985587","highway":"secondary_link","oneway":"yes","surface":"asphalt"},"geometry":{"type":"LineString","coordinates":[[34.1022191,44.989641],[34.1021001,44.9897009],[34.1020179,44.9897767],[34.1019631,44.9898749],[34.1019054,44.9899991],[34.101875,44.9901293],[34.1018909,44.9902361],[34.1019581,44.9903515],[34.1020362,44.9904352],[34.1021763,44.9905043],[34.1023727,44.9905536],[34.102543,44.9905602],[34.1027154,44.9905328],[34.1028468,44.9904781],[34.102996,44.9903774],[34.1031214,44.9902202]]},"id":"way/86985587"},{"type":"Feature","properties":{"@id":"way/86985596","highway":"secondary","oneway":"yes","surface":"asphalt"},"geometry":{"type":"LineString","coordinates":[[34.1069317,44.9897045],[34.1060257,44.9899493],[34.1055348,44.9901523],[34.1050708,44.9904026],[34.1032973,44.9914663],[34.1029563,44.9916485]]},"id":"way/86985596"},{"type":"Feature","properties":{"@id":"way/86985602","highway":"secondary","oneway":"yes","surface":"asphalt"},"geometry":{"type":"LineString","coordinates":[[34.1016124,44.9930161],[34.1017316,44.9925515],[34.1018936,44.9921208],[34.1019518,44.9919214],[34.1019815,44.9917343],[34.1019884,44.9915717],[34.1019695,44.9910674],[34.101986,44.9908504],[34.101982,44.9907578],[34.1019605,44.9906785],[34.1018881,44.9905617],[34.1015878,44.9901894],[34.1014521,44.9900573],[34.101264,44.9898742],[34.1009935,44.9896597],[34.1006138,44.9894713]]},"id":"way/86985602"},{"type":"Feature","properties":{"@id":"way/86985669","highway":"secondary","name":"улица Куйбышева","name:en":"Kuybyshev Street","name:etymology:wikidata":"Q443703","name:ru":"улица Куйбышева","name:uk":"Куйбишева вулиця","surface":"asphalt"},"geometry":{"type":"LineString","coordinates":[[34.1040284,44.9860361],[34.1041137,44.9856286],[34.1042216,44.9848197],[34.1043091,44.9843312],[34.1043957,44.9839373],[34.104445,44.9837354],[34.1044991,44.9835137],[34.104601,44.9830961],[34.1046109,44.9830561],[34.1046626,44.9828472],[34.1047929,44.982287],[34.1049605,44.9817283],[34.1052529,44.9811411],[34.1055855,44.9805141],[34.1057827,44.980142],[34.1061883,44.9793767],[34.1063352,44.979131],[34.1067543,44.9785295],[34.1072102,44.9779499]]},"id":"way/86985669"},{"type":"Feature","properties":{"@id":"way/86992474","highway":"tertiary","surface":"asphalt","trolley_wire":"yes"},"geometry":{"type":"LineString","coordinates":[[34.135637,44.9750886],[34.1355606,44.9751271],[34.1354307,44.9752013],[34.1352872,44.9753265],[34.1351976,44.9754866],[34.1351676,44.9755596],[34.135054,44.9758356],[34.1348588,44.97631],[34.1346534,44.9767914],[34.1342737,44.9776812],[34.1341857,44.9778553],[34.1340624,44.9780533],[34.1337397,44.9785509],[34.1332787,44.9792465],[34.1330029,44.9796448],[34.1329645,44.9796983],[34.1326092,44.9802232],[34.1320002,44.981129],[34.1318015,44.9814261],[34.1309513,44.9826986],[34.1308376,44.9828688]]},"id":"way/86992474"},{"type":"Feature","properties":{"@id":"way/87024084","abutters":"residential","highway":"primary","lanes":"3","lit":"yes","maxheight:signed":"no","maxspeed":"60","old_ref":"Н-05","oneway":"yes","ref":"35К-001","surface":"asphalt","trolley_wire":"yes"},"geometry":{"type":"LineString","coordinates":[[34.0718529,44.9860291],[34.071255,44.9864766],[34.070916,44.9866962],[34.0699776,44.9873374],[34.0693005,44.9878001],[34.0676263,44.9889966],[34.0668633,44.9895418],[34.0659579,44.9902004],[34.0657455,44.9903469],[34.0653147,44.9906539],[34.0607687,44.9938935],[34.0606133,44.9940043],[34.0594722,44.9948261],[34.0592879,44.994961],[34.0588317,44.9952948],[34.0579873,44.9959108],[34.0574168,44.9963129]]},"id":"way/87024084"},{"type":"Feature","properties":{"@id":"way/87208156","highway":"secondary","oneway":"yes","surface":"asphalt","trolley_wire":"yes"},"geometry":{"type":"LineString","coordinates":[[34.1120897,44.9663982],[34.1119646,44.9664156],[34.111846,44.9664322],[34.1116988,44.9664548]]},"id":"way/87208156"},{"type":"Feature","properties":{"@id":"way/87208157","highway":"secondary","lanes":"4","name":"улица Лермонтова","name:en":"Lermontova Street","name:etymology:wikidata":"Q46599","name:ru":"улица Лермонтова","name:uk":"Лермонтова вулиця","surface":"asphalt","trolley_wire":"yes"},"geometry":{"type":"LineString","coordinates":[[34.1120897,44.9663982],[34.1121556,44.9663942],[34.1122671,44.9663864],[34.1123748,44.9663789]]},"id":"way/87208157"},{"type":"Feature","properties":{"@id":"way/87208158","highway":"secondary","oneway":"yes","surface":"asphalt","trolley_wire":"yes"},"geometry":{"type":"LineString","coordinates":[[34.1117266,44.9662453],[34.1118573,44.9663178],[34.1119716,44.966367],[34.1120897,44.9663982]]},"id":"way/87208158"},{"type":"Feature","properties":{"@id":"way/87367011","highway":"primary_link","maxspeed":"60","oneway":"yes","surface":"asphalt"},"geometry":{"type":"LineString","coordinates":[[34.1345818,44.9777824],[34.1349282,44.9770278],[34.135855,44.9754966],[34.1359647,44.9752952],[34.1360237,44.9751867]]},"id":"way/87367011"},{"type":"Feature","properties":{"@id":"way/87915601","access":"yes","hgv":"no","highway":"tertiary","surface":"asphalt","width":"4"},"geometry":{"type":"LineString","coordinates":[[34.0556858,44.9467375],[34.0555628,44.9468878],[34.0555229,44.9469366],[34.055171,44.9472319],[34.0550682,44.9472976],[34.0548438,44.94741],[34.0546589,44.9474636],[34.0544634,44.9475338],[34.0543744,44.9475995],[34.0542786,44.9476699],[34.0541281,44.9478414]]},"id":"way/87915601"},{"type":"Feature","properties":{"@id":"way/87927920","highway":"primary","int_ref":"E 105","lanes":"3","lanes:backward":"2","lanes:forward":"1","loc_name":"Объездная дорога","maxspeed":"60","ref":"35К-023","surface":"asphalt"},"geometry":{"type":"LineString","coordinates":[[34.1469272,44.9588872],[34.1474167,44.9587354],[34.1475984,44.9586868],[34.1480205,44.9585684],[34.1485268,44.9584334],[34.1492216,44.9582471],[34.1500285,44.9580257],[34.1512053,44.9577023],[34.151737,44.9575586],[34.1518181,44.9575329]]},"id":"way/87927920"},{"type":"Feature","properties":{"@id":"way/88140006","highway":"secondary","name":"Балаклавская улица","name:en":"Balaklavskaya Street","name:ru":"Балаклавская улица","name:uk":"Балаклавська вулиця","surface":"asphalt","trolley_wire":"yes"},"geometry":{"type":"LineString","coordinates":[[34.097149,44.9254146],[34.097342,44.925363],[34.0975054,44.9253193],[34.097522,44.9253131],[34.0976707,44.9252574],[34.0980008,44.9251336]]},"id":"way/88140006"},{"type":"Feature","properties":{"@id":"way/88172289","abutters":"residential","highway":"secondary","lanes":"3","maxspeed":"60","surface":"asphalt"},"geometry":{"type":"LineString","coordinates":[[34.0432728,44.9373028],[34.0459356,44.9374236],[34.0465023,44.9374894]]},"id":"way/88172289"},{"type":"Feature","properties":{"@id":"way/88172293","highway":"primary","int_ref":"E 105","lanes":"3","oneway":"yes","ref":"35К-023","surface":"asphalt"},"geometry":{"type":"LineString","coordinates":[[34.0900045,44.9891825],[34.0889996,44.9891044],[34.0879672,44.9889821],[34.0871992,44.9888307]]},"id":"way/88172293"},{"type":"Feature","properties":{"@id":"way/88172297","highway":"primary","int_ref":"E 105","lanes":"3","oneway":"yes","ref":"35К-023","surface":"asphalt"},"geometry":{"type":"LineString","coordinates":[[34.088094,44.9888507],[34.0884461,44.9888952],[34.0891374,44.9889346],[34.0893002,44.9889429],[34.0899759,44.9889858]]},"id":"way/88172297"},{"type":"Feature","properties":{"@id":"way/88172299","highway":"primary","int_ref":"E 105","lanes":"2","maxspeed":"90","oneway":"yes","ref":"35К-023","surface":"asphalt"},"geometry":{"type":"LineString","coordinates":[[34.1093759,44.9896868],[34.1101025,44.9897033],[34.1113189,44.9896576],[34.1116669,44.9896297],[34.112115,44.9895747],[34.1126241,44.9895016],[34.113095,44.9894104],[34.1138705,44.9892446],[34.1158394,44.9887697],[34.1181137,44.9882317],[34.1192425,44.9879648],[34.1200774,44.9877828]]},"id":"way/88172299"},{"type":"Feature","properties":{"@id":"way/88177726","abutters":"residential","highway":"secondary","lanes":"2","maxspeed":"60","name":"Элеваторный переулок","name:en":"Elevatornyi Lane","name:ru":"Элеваторный переулок","name:uk":"Елеваторний провулок","surface":"asphalt"},"geometry":{"type":"LineString","coordinates":[[34.0702315,44.9412535],[34.0712383,44.9420312],[34.0714088,44.9421587],[34.0715833,44.9422891],[34.0717283,44.9424207],[34.0718398,44.9425272],[34.0719455,44.9426599],[34.0731881,44.9444124],[34.0735635,44.9446952],[34.0743422,44.9451459],[34.074468,44.9452169],[34.0745781,44.9453111],[34.0747324,44.9454867],[34.075359,44.9463573],[34.0756971,44.9468271],[34.0758881,44.9470767],[34.0759867,44.9472056],[34.0760672,44.9472608],[34.0761244,44.9472781]]},"id":"way/88177726"},{"type":"Feature","properties":{"@id":"way/88208729","highway":"secondary","name":"улица Титова","name:en":"Titova Street","name:ru":"улица Титова","name:uk":"Тітова вулиця","surface":"asphalt"},"geometry":{"type":"LineString","coordinates":[[34.1151166,44.968818],[34.1154369,44.9686646],[34.1155918,44.9685928],[34.1160356,44.9683872],[34.1161355,44.9683625],[34.1178253,44.9679446],[34.1189678,44.967662],[34.1199201,44.9674265],[34.1209441,44.9671733],[34.1215698,44.9670185],[34.1216335,44.9670028]]},"id":"way/88208729"},{"type":"Feature","properties":{"@id":"way/88208760","bridge":"yes","highway":"secondary","layer":"1","name":"улица Титова","name:en":"Titova Street","name:ru":"улица Титова","name:uk":"Титова вулиця","surface":"asphalt"},"geometry":{"type":"LineString","coordinates":[[34.1150069,44.9688811],[34.1151166,44.968818]]},"id":"way/88208760"},{"type":"Feature","properties":{"@id":"way/88326454","highway":"tertiary","name":"Широкая улица","name:ru":"Широкая улица","name:uk":"Широка вулиця"},"geometry":{"type":"LineString","coordinates":[[34.0656994,44.9627222],[34.0659337,44.9627686],[34.066323,44.9628757],[34.0667218,44.962976],[34.0668501,44.9629814],[34.0669822,44.9629645],[34.0675911,44.9626764],[34.0683894,44.9622825],[34.0691046,44.9619285],[34.070008,44.9614683],[34.0711492,44.9609901],[34.0723358,44.96052],[34.0723486,44.9605149],[34.0723938,44.9604969],[34.0727725,44.9603463],[34.0734421,44.9600799],[34.074414,44.9596521],[34.0753902,44.9592444],[34.0755857,44.9591627]]},"id":"way/88326454"},{"type":"Feature","properties":{"@id":"way/88329158","highway":"tertiary","name":"Киевский переулок","name:ru":"Киевский переулок","name:uk":"Київський провулок"},"geometry":{"type":"LineString","coordinates":[[34.0729797,44.9642547],[34.0723103,44.9649308],[34.0715174,44.9657635],[34.0707779,44.9665509],[34.0704625,44.9669314],[34.0704329,44.9670252],[34.0703928,44.9672037],[34.0703471,44.9674713],[34.070281,44.9679152],[34.0702144,44.9681077],[34.070076,44.968285],[34.0698657,44.9685283],[34.0696002,44.96872],[34.0692086,44.9689088],[34.0685995,44.969072],[34.0682843,44.9691304],[34.0679694,44.9692143],[34.0675751,44.969386],[34.0671782,44.9695692],[34.0670333,44.9696356],[34.0669246,44.9696744],[34.0668041,44.9696872],[34.0666939,44.9696722],[34.0665964,44.96965]]},"id":"way/88329158"},{"type":"Feature","properties":{"@id":"way/88334958","highway":"tertiary","lanes":"2","name":"Мраморный переулок","name:en":"Mramorniy Lane","name:ru":"Мраморный переулок","name:uk":"Мармуровий провулок","surface":"asphalt"},"geometry":{"type":"LineString","coordinates":[[34.0774889,44.9670649],[34.0773435,44.9672117],[34.0770895,44.9676274],[34.0769121,44.9678574],[34.0768035,44.9679712],[34.0767431,44.9680343],[34.0765528,44.9682026],[34.0763704,44.9683297],[34.0761853,44.9684512],[34.0759118,44.9685935],[34.0756382,44.9687244],[34.0755263,44.9687762],[34.075415,44.9688277],[34.0753059,44.9688947],[34.0748195,44.9691935],[34.0745568,44.9693548],[34.0744886,44.9694027],[34.0742854,44.9695466],[34.0739931,44.9697536],[34.0735219,44.9700287],[34.0731339,44.9702526],[34.0728469,44.9704139],[34.0726167,44.9705556],[34.0723489,44.9707276]]},"id":"way/88334958"},{"type":"Feature","properties":{"@id":"way/88335884","highway":"tertiary"},"geometry":{"type":"LineString","coordinates":[[34.0665964,44.96965],[34.0664082,44.9696316],[34.0662501,44.9696574],[34.0657807,44.9697684],[34.06554,44.9697812]]},"id":"way/88335884"},{"type":"Feature","properties":{"@id":"way/88375149","abutters":"residential","highway":"secondary","lit":"yes","maxspeed":"60","name":"улица Маршала Василевского","name:en":"Marshala Vasylevskogo Street","name:ru":"улица Маршала Василевского","name:uk":"Маршала Василевського вулиця","smoothness":"excellent","surface":"asphalt"},"geometry":{"type":"LineString","coordinates":[[34.0626242,44.9486484],[34.0627436,44.9485175],[34.0627942,44.9483668],[34.0628471,44.9481184],[34.0628531,44.9480795],[34.0628665,44.9478213],[34.0628397,44.9475442],[34.0626927,44.9471248],[34.0625672,44.9467792],[34.0624676,44.946516],[34.0624297,44.9464102],[34.0623265,44.9461491],[34.062028,44.9453188],[34.0619713,44.945169],[34.0618956,44.9449566],[34.06187,44.9448591],[34.0618335,44.9446778],[34.0618033,44.9444206],[34.0618022,44.944245],[34.0618022,44.9442377],[34.0618011,44.9441322],[34.061797,44.9439924],[34.0617681,44.9435197],[34.0617267,44.942807],[34.0617182,44.9426757],[34.0616733,44.9421255],[34.0616554,44.941871],[34.0616175,44.9414596],[34.0615951,44.9409606],[34.0615761,44.9407207],[34.0615424,44.9403852],[34.0614923,44.9397184]]},"id":"way/88375149"},{"type":"Feature","properties":{"@id":"way/88471981","highway":"secondary","oneway":"no","surface":"asphalt"},"geometry":{"type":"LineString","coordinates":[[34.0776702,44.9583397],[34.0775216,44.9582062],[34.0769912,44.9577299],[34.0769613,44.957713],[34.0769131,44.9576955],[34.0768634,44.9576841],[34.0768039,44.9576897],[34.0767596,44.9577003],[34.076703,44.957731]]},"id":"way/88471981"},{"type":"Feature","properties":{"@id":"way/88471982","bridge":"yes","highway":"secondary","layer":"1","maxspeed":"30","name":"Горбатый мост","oneway":"no","surface":"asphalt"},"geometry":{"type":"LineString","coordinates":[[34.076703,44.957731],[34.0765397,44.9578383],[34.0763607,44.9579456],[34.0762802,44.9579955],[34.0761837,44.9580586],[34.0760705,44.958133]]},"id":"way/88471982"},{"type":"Feature","properties":{"@id":"way/88472433","highway":"secondary","maxspeed":"RU:urban","name":"улица Гоголя","name:en":"Gogol Street","name:etymology:wikidata":"Q43718","name:ru":"улица Гоголя","name:uk":"Гоголя вулиця","surface":"asphalt"},"geometry":{"type":"LineString","coordinates":[[34.0882568,44.9532808],[34.0898474,44.9523681],[34.0898855,44.9523462],[34.0899472,44.9523079],[34.0904342,44.9520059],[34.0906176,44.9518923],[34.0911422,44.9515669],[34.0914536,44.9513739],[34.0920197,44.9510228]]},"id":"way/88472433"},{"type":"Feature","properties":{"@id":"way/88474692","highway":"tertiary","name":"Проездная улица","name:en":"Proezdnaya Street","name:ru":"Проездная улица","name:uk":"Проїзна вулиця","oneway":"no"},"geometry":{"type":"LineString","coordinates":[[34.0844681,44.9612124],[34.0844123,44.9611813],[34.0832933,44.960537]]},"id":"way/88474692"},{"type":"Feature","properties":{"@id":"way/88474694","alt_name":"проездная","highway":"tertiary","name":"Проездная улица","name:en":"Proezdnaya Street","name:ru":"Проездная улица","name:uk":"Проїзна вулиця"},"geometry":{"type":"LineString","coordinates":[[34.0832933,44.960537],[34.0827548,44.9599067],[34.0825443,44.9596728],[34.0825275,44.9596381],[34.0825342,44.9595931],[34.0825986,44.9595513],[34.0832484,44.959074],[34.0833516,44.9590056],[34.0833837,44.9589808],[34.0833959,44.9589273]]},"id":"way/88474694"},{"type":"Feature","properties":{"@id":"way/88498421","highway":"tertiary","name":"улица Дзюбанова","name:en":"Dziubanova Street","name:ru":"улица Дзюбанова","name:uk":"Дзюбанова вулиця"},"geometry":{"type":"LineString","coordinates":[[34.0868377,44.9592407],[34.0867787,44.9592053],[34.085967,44.9585478],[34.0851018,44.9578433],[34.0848808,44.9576536],[34.0844759,44.9573159],[34.0831696,44.9562184]]},"id":"way/88498421"},{"type":"Feature","properties":{"@id":"way/88511970","highway":"tertiary","name":"улица Крымской Правды","name:en":"Krymskoi Pravdy Street","name:ru":"улица Крымской Правды","name:uk":"Кримської Правди вулиця"},"geometry":{"type":"LineString","coordinates":[[34.077384,44.928617],[34.0773211,44.9299847],[34.0773093,44.9302402],[34.0773024,44.93039],[34.0772933,44.9305877],[34.077292,44.9306407],[34.077256,44.9320531],[34.0772475,44.9322824],[34.0772523,44.9324166],[34.0772865,44.9325425],[34.0772959,44.9325557],[34.0783678,44.9340561],[34.0785323,44.9342933],[34.078817,44.9345593],[34.0791652,44.9348197],[34.0807161,44.9359919]]},"id":"way/88511970"},{"type":"Feature","properties":{"@id":"way/88626860","abutters":"residential","highway":"tertiary","maxspeed":"60","name":"Амурская улица","name:en":"Amurskaya Street","name:ru":"Амурская улица","name:uk":"Амурська вулиця","smoothness":"bad"},"geometry":{"type":"LineString","coordinates":[[34.0626242,44.9486484],[34.0626755,44.948703],[34.0637178,44.9499237],[34.0639565,44.9502701],[34.0640948,44.9504717],[34.0642691,44.9506312],[34.0644947,44.9507861],[34.0647089,44.9509027],[34.0649565,44.951023],[34.0658388,44.9513567],[34.0660165,44.951436]]},"id":"way/88626860"},{"type":"Feature","properties":{"@id":"way/88719917","highway":"tertiary","name":"улица Мате Залки","name:en":"Mate Zalky Street","name:ru":"улица Мате Залки","name:uk":"Мате Залки вулиця"},"geometry":{"type":"LineString","coordinates":[[34.1303891,44.9497541],[34.1309163,44.9495294],[34.1312001,44.9493886],[34.131612,44.9492294],[34.1319641,44.9491085],[34.1320589,44.9490726],[34.1323362,44.9490241],[34.1325151,44.9490119],[34.1327551,44.9490091],[34.1329582,44.9490229],[34.1331119,44.9490595],[34.1334404,44.9491772],[34.1337945,44.9493898],[34.133942,44.9494961],[34.1340681,44.9496233],[34.1341485,44.9497893],[34.1341512,44.9499109],[34.1341418,44.9499438]]},"id":"way/88719917"},{"type":"Feature","properties":{"@id":"way/88731972","highway":"secondary","name":"улица 51-й Армии","name:en":"51-i Armii Street","name:ru":"улица 51-й Армии","name:uk":"51-ї Армії вулиця","surface":"asphalt"},"geometry":{"type":"LineString","coordinates":[[34.12012,44.9594299],[34.1202135,44.9593906],[34.1209529,44.9590797],[34.122754,44.958386],[34.1236257,44.9580434],[34.1247025,44.9576278]]},"id":"way/88731972"},{"type":"Feature","properties":{"@id":"way/89179431","bridge":"yes","highway":"secondary","layer":"1","surface":"asphalt"},"geometry":{"type":"LineString","coordinates":[[34.1075955,44.9688125],[34.1073393,44.9689994]]},"id":"way/89179431"},{"type":"Feature","properties":{"@id":"way/89179445","highway":"secondary","name":"Садовая улица","name:en":"Sadovaya Street","name:ru":"Садовая улица","name:uk":"Садова вулиця","surface":"asphalt"},"geometry":{"type":"LineString","coordinates":[[34.1111223,44.9663663],[34.11102,44.9663996],[34.1109656,44.9664242],[34.1096045,44.967394],[34.1079536,44.9685582],[34.1077658,44.9686987],[34.1075955,44.9688125]]},"id":"way/89179445"},{"type":"Feature","properties":{"@id":"way/89179453","highway":"secondary","lanes":"2","name":"Садовая улица","name:en":"Sadovaya Street","name:ru":"Садовая улица","name:uk":"Садова вулиця","surface":"asphalt"},"geometry":{"type":"LineString","coordinates":[[34.1073393,44.9689994],[34.1069021,44.9693106],[34.1050689,44.9706152],[34.1041569,44.9712813],[34.1032128,44.971954],[34.102273,44.9726163],[34.1021149,44.9727901],[34.1016397,44.9734299],[34.1012854,44.9738669],[34.1007596,44.9745154],[34.1007324,44.974549],[34.1006871,44.9746048]]},"id":"way/89179453"},{"type":"Feature","properties":{"@id":"way/89180293","highway":"tertiary","name":"улица Сельвинского","name:en":"Selvinskogo Street","surface":"asphalt"},"geometry":{"type":"LineString","coordinates":[[34.1195842,44.9694273],[34.1202166,44.9710877],[34.1209932,44.9731499],[34.1212325,44.9738251],[34.1214693,44.9745032],[34.1217542,44.9751827],[34.1217806,44.9752456],[34.1218136,44.975336],[34.1220579,44.9760048],[34.1221163,44.976229],[34.1221214,44.9763541],[34.1220787,44.9764358],[34.1218588,44.9766578],[34.1218212,44.9767242],[34.1218204,44.9768035],[34.1218561,44.9768703],[34.1219392,44.9769633],[34.1221287,44.9770998],[34.1226925,44.9775097],[34.1230786,44.9778212],[34.1231993,44.9779075],[34.1234967,44.9781387],[34.123858,44.9783956],[34.1240905,44.9785297],[34.1241602,44.9785692],[34.1242233,44.9786049]]},"id":"way/89180293"},{"type":"Feature","properties":{"@id":"way/90278518","highway":"tertiary","name":"Суходольная улица","name:en":"Sukhodolnaya Street","name:ru":"Суходольная улица","name:uk":"Суходольна вулиця"},"geometry":{"type":"LineString","coordinates":[[34.133555,44.9529138],[34.1341336,44.9536365]]},"id":"way/90278518"},{"type":"Feature","properties":{"@id":"way/90278532","cycleway:both":"no","highway":"tertiary","name":"улица Стахановцев","name:en":"Stakhanovtsev Street","name:ru":"улица Стахановцев","name:uk":"Стахановців вулиця","sidewalk:both":"separate","surface":"asphalt"},"geometry":{"type":"LineString","coordinates":[[34.1165264,44.9548437],[34.1166116,44.9549155],[34.1167405,44.9550757],[34.1168624,44.9552273],[34.1168824,44.955264],[34.1172723,44.9557485],[34.1178083,44.9564395],[34.1185957,44.9574529],[34.1191585,44.958163],[34.1200613,44.9593466],[34.12012,44.9594299]]},"id":"way/90278532"},{"type":"Feature","properties":{"@id":"way/90278540","highway":"secondary","name":"улица Коцюбинского","name:en":"Kotsyubinskogo Street","name:ru":"улица Коцюбинского","name:uk":"Коцюбинського вулиця","surface":"asphalt"},"geometry":{"type":"LineString","coordinates":[[34.1255946,44.953665],[34.1256787,44.9542247],[34.1256959,44.9543264],[34.1258173,44.9547059],[34.1260504,44.9550777],[34.1264635,44.9556576],[34.1265996,44.955827],[34.1267259,44.9559843],[34.1270158,44.9563453],[34.1271909,44.9565625],[34.127246,44.9566308]]},"id":"way/90278540"},{"type":"Feature","properties":{"@id":"way/90278547","highway":"tertiary","name":"улица Мате Залки","name:en":"Mate Zalky Street","name:ru":"улица Мате Залки","name:uk":"Мате Залки вулиця","surface":"asphalt"},"geometry":{"type":"LineString","coordinates":[[34.1257877,44.9504336],[34.1259813,44.9505047],[34.1262001,44.9505876],[34.1265874,44.9507283],[34.1272769,44.9509495],[34.1274984,44.9510328],[34.1285381,44.9513279],[34.1290431,44.9514491],[34.1294621,44.9515467]]},"id":"way/90278547"},{"type":"Feature","properties":{"@id":"way/90278550","highway":"tertiary","name":"улица Федотова","name:en":"Fedotova Street","name:ru":"улица Федотова","name:uk":"Федотова вулиця"},"geometry":{"type":"LineString","coordinates":[[34.1247905,44.9594309],[34.1256077,44.9600479],[34.126098,44.9604181],[34.126382,44.9606325],[34.1273664,44.9613673],[34.1281246,44.9619483],[34.1283182,44.962096],[34.1285453,44.9622693],[34.12871,44.962395],[34.1289155,44.9625518],[34.1292632,44.9627969]]},"id":"way/90278550"},{"type":"Feature","properties":{"@id":"way/90278551","highway":"tertiary","name":"улица Будённого","name:en":"Budyonnogo Street","name:etymology:wikidata":"Q242474","name:ru":"улица Будённого","name:uk":"Будьонного вулиця","surface":"asphalt"},"geometry":{"type":"LineString","coordinates":[[34.1242056,44.9635596],[34.1244161,44.9633919],[34.1251581,44.9628883],[34.1260673,44.9622623],[34.1273664,44.9613673],[34.1275334,44.9612561],[34.1293222,44.9600658],[34.13,44.9596043],[34.1300575,44.9595652],[34.1305708,44.9592456],[34.1306966,44.9591879],[34.1312002,44.9589991],[34.1313263,44.9589518],[34.1332527,44.9582295],[34.1340827,44.9579121]]},"id":"way/90278551"},{"type":"Feature","properties":{"@id":"way/90278553","cycleway:both":"no","highway":"tertiary","lane_markings":"yes","lanes":"2","lit":"no","name":"улица Блюхера","name:en":"Bliyukhera Street","name:ru":"улица Блюхера","name:uk":"Блюхера вулиця","parking:left":"street_side","parking:left:orientation":"diagonal","parking:right":"no","surface":"asphalt"},"geometry":{"type":"LineString","coordinates":[[34.1153338,44.9555545],[34.115417,44.9556501],[34.1155429,44.9558096],[34.1156768,44.9559792],[34.1159401,44.9563157],[34.1161761,44.9566174],[34.1168518,44.957477],[34.1172522,44.9579917],[34.117808,44.9587052],[34.1178412,44.9589162]]},"id":"way/90278553"},{"type":"Feature","properties":{"@id":"way/90396355","highway":"tertiary","name":"Пищевой переулок","name:en":"Pishchevoiy Lane","name:ru":"Пищевой переулок","name:uk":"Харчовий провулок","smoothness":"very_bad","surface":"asphalt"},"geometry":{"type":"LineString","coordinates":[[34.0622775,44.9359854],[34.0622861,44.9358053],[34.0622887,44.9357651],[34.0623193,44.9352792]]},"id":"way/90396355"},{"type":"Feature","properties":{"@id":"way/90396364","highway":"tertiary","name":"Пищевой переулок","name:en":"Pishchevoiy Lane","name:ru":"Пищевой переулок","name:uk":"Харчовий провулок","smoothness":"very_bad","surface":"asphalt"},"geometry":{"type":"LineString","coordinates":[[34.0623193,44.9352792],[34.0623943,44.9343857]]},"id":"way/90396364"},{"type":"Feature","properties":{"@id":"way/90396581","abutters":"residential","highway":"tertiary","maxspeed":"60","name":"улица Ухтомского","name:en":"Ukhtomskogo Street","name:ru":"улица Ухтомского","name:uk":"Ухтомського вулиця","surface":"asphalt"},"geometry":{"type":"LineString","coordinates":[[34.0668426,44.9520568],[34.0669298,44.9521099],[34.0671586,44.9522432],[34.0674322,44.9523628],[34.068307,44.9527426],[34.0692144,44.9531221],[34.0701991,44.9535611],[34.0712643,44.9539768],[34.0714534,44.9540479],[34.0719379,44.9542402],[34.0722387,44.9543629],[34.0723888,44.9544489],[34.0725115,44.9545267],[34.0726081,44.9546133]]},"id":"way/90396581"},{"type":"Feature","properties":{"@id":"way/90398599","abutters":"residential","highway":"tertiary","maxspeed":"60","name":"улица Москалёва","name:en":"Moskalova Street","name:ru":"улица Москалёва","name:uk":"Москальова вулиця","surface":"asphalt"},"geometry":{"type":"LineString","coordinates":[[34.0730065,44.9553457],[34.0730747,44.9554838],[34.0731428,44.9556215],[34.0734556,44.9562042],[34.0735515,44.9563299],[34.07364,44.9564561],[34.0743218,44.9570081],[34.074446,44.9571328],[34.0750052,44.9580452],[34.0755857,44.9591627]]},"id":"way/90398599"},{"type":"Feature","properties":{"@id":"way/90398605","highway":"secondary","name":"улица Москалёва","name:en":"Moskalova Street","name:ru":"улица Москалёва","name:uk":"Москальова вулиця","surface":"asphalt"},"geometry":{"type":"LineString","coordinates":[[34.0762991,44.9604928],[34.0765194,44.9607987],[34.0766858,44.9610221],[34.0767666,44.9610952],[34.076923,44.9612267],[34.077773,44.9616663]]},"id":"way/90398605"},{"type":"Feature","properties":{"@id":"way/90398607","highway":"secondary","name":"улица Москалёва","name:ru":"улица Москалёва","name:uk":"Москальова вулиця","surface":"asphalt"},"geometry":{"type":"LineString","coordinates":[[34.077773,44.9616663],[34.0787335,44.9623938],[34.0791111,44.9627192],[34.0791923,44.9627892],[34.0794018,44.9629771],[34.0795927,44.9631707],[34.0798164,44.9634302],[34.0800034,44.9637303],[34.0802099,44.9640052],[34.0804661,44.9642343],[34.0807391,44.9644545],[34.0812999,44.9648809],[34.0813586,44.9649255],[34.0814516,44.9649697],[34.0815264,44.9650266],[34.0815807,44.9651162]]},"id":"way/90398607"},{"type":"Feature","properties":{"@id":"way/90399696","highway":"secondary","name":"улица Москалёва","name:en":"Moskalova Street","name:ru":"улица Москалёва","name:uk":"Москальова вулиця","surface":"asphalt"},"geometry":{"type":"LineString","coordinates":[[34.075855,44.9596149],[34.0762991,44.9604928]]},"id":"way/90399696"},{"type":"Feature","properties":{"@id":"way/90399697","highway":"tertiary","name":"улица Москалёва","name:en":"Moskalova Street","name:ru":"улица Москалёва","name:uk":"Москальова вулиця","surface":"asphalt"},"geometry":{"type":"LineString","coordinates":[[34.0755857,44.9591627],[34.075855,44.9596149]]},"id":"way/90399697"},{"type":"Feature","properties":{"@id":"way/90402223","abutters":"residential","highway":"secondary","maxspeed":"60","name":"улица Калинина","name:en":"Kalinina Street","name:etymology:wikidata":"Q229828","name:ru":"улица Калинина","name:uk":"Калініна вулиця","oneway":"yes","surface":"asphalt"},"geometry":{"type":"LineString","coordinates":[[34.0817782,44.9548499],[34.0818704,44.9548196],[34.0825856,44.9545582],[34.0826714,44.9545268],[34.0840829,44.9541057],[34.0841916,44.9540733]]},"id":"way/90402223"},{"type":"Feature","properties":{"@id":"way/90402231","highway":"secondary","name":"улица Жигалиной","name:en":"Zhygalinoy Street","name:ru":"улица Жигалиной","name:uk":"Жигаліної вулиця","source":"Bing","surface":"cobblestone"},"geometry":{"type":"LineString","coordinates":[[34.0785146,44.95587],[34.078466,44.9557951],[34.0773958,44.9541472],[34.077071,44.9536602],[34.0747261,44.9501447]]},"id":"way/90402231"},{"type":"Feature","properties":{"@id":"way/90410430","abutters":"residential","highway":"secondary","maxspeed":"60","name":"улица Гоголя","name:en":"Gogol Street","name:etymology:wikidata":"Q43718","name:ru":"улица Гоголя","name:uk":"Гоголя вулиця","oneway":"yes","surface":"asphalt"},"geometry":{"type":"LineString","coordinates":[[34.0818928,44.9569406],[34.0807212,44.9573397],[34.0796841,44.9576331]]},"id":"way/90410430"},{"type":"Feature","properties":{"@id":"way/90528647","highway":"tertiary","lanes":"2","name":"Крымская улица","name:en":"Krymskaya Street","name:ru":"Крымская улица","name:uk":"Кримська вулиця","surface":"asphalt"},"geometry":{"type":"LineString","coordinates":[[34.1126615,44.9428807],[34.1125836,44.942921],[34.111225,44.9436187],[34.1109601,44.9437547],[34.1105628,44.9439571],[34.110454,44.9440061]]},"id":"way/90528647"},{"type":"Feature","properties":{"@id":"way/91461558","highway":"tertiary"},"geometry":{"type":"LineString","coordinates":[[34.0628229,44.960793],[34.0621545,44.9610001]]},"id":"way/91461558"},{"type":"Feature","properties":{"@id":"way/91518601","alt_name":"улица Контр-адмирала Ф.В.Жирова","highway":"tertiary","name":"улица Жирова","name:ru":"улица Жирова","name:uk":"Жирова вулиця"},"geometry":{"type":"LineString","coordinates":[[34.1211162,44.9330331],[34.1220441,44.9330803],[34.1230046,44.9331192],[34.1239372,44.9331798],[34.1250166,44.9332532]]},"id":"way/91518601"},{"type":"Feature","properties":{"@id":"way/91641310","highway":"primary_link","lanes":"1","maxspeed":"60","old_ref":"Т-01-01","oneway":"yes","ref":"35К-007;Т-01-01","surface":"asphalt"},"geometry":{"type":"LineString","coordinates":[[34.034102,44.9368217],[34.0340952,44.9370584],[34.0341046,44.9375556],[34.0340936,44.9382724],[34.0340117,44.9400808],[34.0340098,44.9401303],[34.034066,44.9407183],[34.034164,44.9411368],[34.0342106,44.9414198]]},"id":"way/91641310"},{"type":"Feature","properties":{"@id":"way/91641314","highway":"primary_link","lanes":"1","maxspeed":"40","old_ref":"Т-01-01","oneway":"yes","ref":"35К-007;Т-01-01","surface":"asphalt"},"geometry":{"type":"LineString","coordinates":[[34.0342106,44.9414198],[34.0340044,44.9410875],[34.0338239,44.9406928],[34.0336825,44.9401225],[34.0336492,44.9399768],[34.0334674,44.9380636],[34.0333911,44.9372159],[34.0333852,44.9370328],[34.033385,44.9367836]]},"id":"way/91641314"},{"type":"Feature","properties":{"@id":"way/91641319","highway":"primary","lanes":"4","maxspeed":"60","old_ref":"Т-01-01","ref":"35К-007;Т-01-01","smoothness":"excellent","source":"Bing","surface":"asphalt"},"geometry":{"type":"LineString","coordinates":[[34.0342106,44.9414198],[34.0343367,44.9416584],[34.034469,44.9418959],[34.0346432,44.94217],[34.0348683,44.9424638],[34.0353686,44.9429962],[34.0359243,44.9434787],[34.0360904,44.9436111],[34.0362645,44.943732],[34.0366835,44.9439983],[34.0371496,44.9442516],[34.0376361,44.9444618],[34.0379774,44.9446082],[34.0387639,44.9449013],[34.0394846,44.9451682],[34.0402665,44.9454379],[34.0412495,44.9457811],[34.0416361,44.9459105],[34.0420507,44.9460184],[34.0429914,44.9462319],[34.0434143,44.9463203],[34.0440018,44.9464144],[34.0445747,44.9464797],[34.0450651,44.9465331],[34.045183,44.946544],[34.0459667,44.9466169],[34.0466021,44.9466739],[34.0471815,44.9467263],[34.0476755,44.94677],[34.0484632,44.9468339],[34.0492253,44.9469037],[34.0501692,44.9469848],[34.0507855,44.9470398],[34.0512697,44.947089],[34.0519095,44.9471788],[34.0524395,44.947283],[34.0529511,44.947417],[34.0534952,44.9476],[34.0541281,44.9478414]]},"id":"way/91641319"},{"type":"Feature","properties":{"@id":"way/91711878","embankment":"yes","highway":"primary","incline":"-5","lanes":"4","maxspeed":"60","old_ref":"Т-01-01","ref":"35К-007;Т-01-01","surface":"asphalt"},"geometry":{"type":"LineString","coordinates":[[34.066781,44.9715422],[34.067026,44.9719241],[34.0672582,44.9723441],[34.0674347,44.97264],[34.0675909,44.9729086],[34.0677975,44.9732719],[34.0679716,44.9736006],[34.0681367,44.9739497],[34.0682735,44.9743002],[34.0683656,44.974521],[34.0685129,44.97495],[34.0686348,44.975346],[34.0687341,44.9756884],[34.0688694,44.9763249],[34.068954,44.9768512],[34.069015,44.9774476],[34.0690344,44.978031],[34.069033,44.9785005],[34.0690335,44.9786422],[34.0690356,44.9789637],[34.0690397,44.9792579]]},"id":"way/91711878"},{"type":"Feature","properties":{"@id":"way/91711882","highway":"secondary","lanes":"2","name":"Элеваторная улица","name:en":"Elevatornaya Street","name:ru":"Элеваторная улица","name:uk":"Елеваторна вулиця","surface":"asphalt"},"geometry":{"type":"LineString","coordinates":[[34.0779405,44.9444379],[34.0774836,44.9451699],[34.0774571,44.9452124]]},"id":"way/91711882"},{"type":"Feature","properties":{"@id":"way/91725189","abutters":"residential","highway":"secondary","maxspeed":"60","name":"Депутатская улица","name:en":"Deputatskaya Street","name:ru":"Депутатская улица","name:uk":"Депутатська вулиця","surface":"asphalt"},"geometry":{"type":"LineString","coordinates":[[34.0616862,44.9491065],[34.0626242,44.9486484]]},"id":"way/91725189"},{"type":"Feature","properties":{"@id":"way/91725191","abutters":"residential","highway":"secondary","maxspeed":"60","name":"улица Генова","name:en":"Genova Street","name:ru":"улица Генова","name:uk":"Генова вулиця","surface":"asphalt"},"geometry":{"type":"LineString","coordinates":[[34.0643021,44.9521521],[34.0638085,44.9515713],[34.0630414,44.9506763],[34.0629752,44.9505996],[34.0619883,44.9494558],[34.0616862,44.9491065]]},"id":"way/91725191"},{"type":"Feature","properties":{"@id":"way/91842968","highway":"primary","lanes":"4","maxspeed":"60","old_ref":"Т-01-01","ref":"35К-007;Т-01-01","smoothness":"excellent","surface":"asphalt"},"geometry":{"type":"LineString","coordinates":[[34.0541281,44.9478414],[34.054508,44.948017],[34.0548741,44.9481987],[34.0552895,44.9484553],[34.0555805,44.9486516],[34.0559077,44.9489063],[34.056223,44.9491829],[34.0564469,44.9493972],[34.0567776,44.9497754],[34.0570757,44.9501795],[34.0572551,44.9504652],[34.0573332,44.9506198],[34.0574629,44.9508545],[34.0575608,44.9510587],[34.0577717,44.951546],[34.0582508,44.952629]]},"id":"way/91842968"},{"type":"Feature","properties":{"@id":"way/91845823","abutters":"residential","highway":"secondary","maxspeed":"60","name":"улица Белова","name:ru":"улица Белова","name:uk":"Бєлова вулиця","surface":"asphalt"},"geometry":{"type":"LineString","coordinates":[[34.0661448,44.9794841],[34.0659394,44.9794397],[34.0658013,44.9793795],[34.0656138,44.9792383],[34.0655438,44.9790954],[34.0655178,44.979046],[34.0654539,44.9789246],[34.0647726,44.9772806],[34.0646843,44.9771915],[34.0645985,44.9771049],[34.0644051,44.976974],[34.0636085,44.9766779],[34.0634565,44.9766222],[34.0615312,44.9759168],[34.0611531,44.9757468],[34.0608074,44.9755232],[34.0604675,44.9752251],[34.0602602,44.9750314],[34.0597206,44.9744307],[34.0592182,44.9738954],[34.0588768,44.9735502],[34.0586395,44.9733748],[34.058296,44.9731482],[34.0561544,44.9720785],[34.0557121,44.9718617],[34.0554807,44.9717452],[34.0547656,44.9713886],[34.0547238,44.9713677],[34.0542053,44.971107],[34.0528409,44.9704228],[34.0524594,44.9702266],[34.0521844,44.9700621],[34.0519019,44.9698821],[34.0514605,44.9695664],[34.0512276,44.9694003],[34.051002,44.9692394],[34.0503735,44.9687957],[34.050245,44.9686976],[34.0498199,44.9684037],[34.0496386,44.9682752],[34.0488745,44.9677336],[34.0485037,44.9674708]]},"id":"way/91845823"},{"type":"Feature","properties":{"@id":"way/91848041","highway":"secondary","maxspeed":"60","name":"Пионерский переулок","name:ru":"Пионерский переулок","name:uk":"Піонерський провулок","oneway":"yes","surface":"asphalt"},"geometry":{"type":"LineString","coordinates":[[34.0932152,44.9451476],[34.0936787,44.9444595],[34.0938445,44.9442134]]},"id":"way/91848041"},{"type":"Feature","properties":{"@id":"way/91848043","highway":"secondary","maxspeed":"60","name":"Пионерский переулок","name:ru":"Пионерский переулок","name:uk":"Піонерський провулок","oneway":"yes","surface":"asphalt"},"geometry":{"type":"LineString","coordinates":[[34.0941422,44.944643],[34.0939444,44.9446826],[34.093791,44.9447507],[34.0934819,44.9449638]]},"id":"way/91848043"},{"type":"Feature","properties":{"@id":"way/91890533","abutters":"residential","highway":"secondary","maxspeed":"60","surface":"asphalt"},"geometry":{"type":"LineString","coordinates":[[34.0661448,44.9794841],[34.0658241,44.9795071],[34.0657066,44.9795235],[34.0655981,44.9795593],[34.0655551,44.9795838],[34.0655049,44.9796124],[34.0649844,44.9799472],[34.0645978,44.9801959],[34.0645745,44.9802109],[34.0639908,44.9805854],[34.0639433,44.9806159],[34.0631713,44.9811134]]},"id":"way/91890533"},{"type":"Feature","properties":{"@id":"way/91890538","highway":"secondary","surface":"asphalt"},"geometry":{"type":"LineString","coordinates":[[34.0535302,44.9873053],[34.0529323,44.9877272],[34.0525817,44.9879746],[34.0522665,44.9881969],[34.0518798,44.9884698],[34.0516308,44.9886455],[34.051189,44.9889533],[34.0510004,44.9890902],[34.0507592,44.9892604],[34.0503464,44.9895516],[34.0500727,44.9897507],[34.049824,44.9899241],[34.0493599,44.9902476],[34.0486559,44.9907443],[34.0480832,44.9911483],[34.0478927,44.9912551],[34.0474741,44.9915216]]},"id":"way/91890538"},{"type":"Feature","properties":{"@id":"way/91890539","abutters":"residential","highway":"secondary","maxspeed":"60","name":"Дорожная улица","name:ru":"Дорожная улица","name:uk":"Дорожня вулиця","surface":"asphalt"},"geometry":{"type":"LineString","coordinates":[[34.0597232,44.9841096],[34.0588452,44.9842562],[34.0581786,44.984367],[34.0580078,44.9844057],[34.0578388,44.984465],[34.0576403,44.9845492],[34.0575213,44.9846232],[34.0573065,44.9848296],[34.0571972,44.9849057],[34.0570591,44.9849817],[34.0567288,44.9850907],[34.0562824,44.9852615],[34.0560505,44.9853516],[34.0559343,44.9854188],[34.0558873,44.9854615],[34.0555986,44.985724],[34.0552947,44.9860216],[34.0542294,44.9868205],[34.0535302,44.9873053]]},"id":"way/91890539"},{"type":"Feature","properties":{"@id":"way/91890543","abutters":"residential","highway":"secondary","maxspeed":"60","name":"Фонтанная улица","name:ru":"Фонтанная улица","name:uk":"Фонтанна вулиця","surface":"asphalt"},"geometry":{"type":"LineString","coordinates":[[34.0631713,44.9811134],[34.0624897,44.9815093],[34.0613967,44.9821441],[34.0609878,44.9823721],[34.0607074,44.9825179],[34.0605458,44.9826384],[34.0604927,44.9826962],[34.0604031,44.9827938],[34.060203,44.9830742],[34.0601427,44.9832049],[34.0601059,44.983324],[34.0600695,44.9835672],[34.060056,44.9836663],[34.0600334,44.9837766],[34.0599559,44.9839178],[34.0598664,44.9840201],[34.0597232,44.9841096]]},"id":"way/91890543"},{"type":"Feature","properties":{"@id":"way/91999612","highway":"primary_link","oneway":"yes","surface":"asphalt"},"geometry":{"type":"LineString","coordinates":[[34.0783606,44.9899971],[34.0782733,44.9900099],[34.0781989,44.9900105],[34.0781545,44.9899809],[34.078146,44.9899438],[34.0781627,44.9898889]]},"id":"way/91999612"},{"type":"Feature","properties":{"@id":"way/91999655","highway":"tertiary","surface":"asphalt"},"geometry":{"type":"LineString","coordinates":[[34.0854936,44.9837629],[34.085362,44.9836827]]},"id":"way/91999655"},{"type":"Feature","properties":{"@id":"way/92019877","destination":"Феодосія","highway":"primary_link","maxspeed":"60","oneway":"yes","surface":"asphalt"},"geometry":{"type":"LineString","coordinates":[[34.1388295,44.9717425],[34.1388216,44.9718681],[34.1388074,44.9719043],[34.1387865,44.9719578],[34.138773,44.9719824],[34.1386614,44.9721855],[34.138568,44.9723555]]},"id":"way/92019877"},{"type":"Feature","properties":{"@id":"way/92020392","highway":"secondary","name":"улица Глинки","name:en":"Glinki Street","name:ru":"улица Глинки","name:uk":"Глінки вулиця","surface":"asphalt"},"geometry":{"type":"LineString","coordinates":[[34.1395853,44.970361],[34.139896,44.9705926],[34.1404873,44.9710166],[34.1405835,44.9710856],[34.1406455,44.97113],[34.1410944,44.971452],[34.1411111,44.971464],[34.1414382,44.9717033],[34.1415624,44.9717941],[34.1418923,44.9720354],[34.1420182,44.9721276],[34.1424512,44.9724443],[34.1429394,44.9727799],[34.1436648,44.9732784],[34.1438109,44.9733765],[34.1441284,44.9735899],[34.1446685,44.9739682],[34.1450681,44.9742509],[34.1451027,44.9742754],[34.1456222,44.974655],[34.1460027,44.9749415],[34.1466092,44.9754338],[34.1466966,44.9755047],[34.1468091,44.9755941],[34.1471103,44.9758334],[34.1486073,44.9770226],[34.1490099,44.9773223],[34.149558,44.9777337],[34.1499147,44.9779843],[34.1503491,44.9783237],[34.1505716,44.9784892],[34.150984,44.9788129]]},"id":"way/92020392"},{"type":"Feature","properties":{"@id":"way/92020393","highway":"secondary","name":"улица Глинки","name:en":"Glinki Street","name:ru":"улица Глинки","name:uk":"Глінки вулиця","surface":"asphalt"},"geometry":{"type":"LineString","coordinates":[[34.150984,44.9788129],[34.1510842,44.9789457],[34.1511674,44.9790214],[34.1512071,44.9790553],[34.1512674,44.9790984],[34.15411,44.9809475],[34.1541471,44.9809716],[34.1542483,44.9810364],[34.1542911,44.9810638]]},"id":"way/92020393"},{"type":"Feature","properties":{"@id":"way/92020394","highway":"secondary","lanes":"2","name":"Сельская улица","name:ru":"Сельская улица","name:uk":"Сільська вулиця","surface":"asphalt","trolley_wire":"no"},"geometry":{"type":"LineString","coordinates":[[34.1574195,44.9830474],[34.1577902,44.9832732],[34.1581819,44.9835231],[34.158759,44.9838943],[34.1596725,44.9844819],[34.1604932,44.9849889],[34.1614825,44.9856208],[34.1615789,44.9856824],[34.1616566,44.9857322],[34.1621761,44.9860461],[34.1627312,44.9863815],[34.1654102,44.9878155],[34.1654837,44.9878548]]},"id":"way/92020394"},{"type":"Feature","properties":{"@id":"way/92020395","highway":"secondary","lanes":"2","name":"Сельская улица","name:ru":"Сельская улица","name:uk":"Сільська вулиця","surface":"asphalt","trolley_wire":"no"},"geometry":{"type":"LineString","coordinates":[[34.1654837,44.9878548],[34.1656395,44.9879325],[34.1656874,44.9879527],[34.1659413,44.9880919],[34.1666058,44.9885103],[34.16936,44.9903572],[34.171141,44.9915547],[34.1712493,44.9916362],[34.1712796,44.9916654],[34.1713062,44.9916911],[34.1713393,44.9917229],[34.1713926,44.9917876]]},"id":"way/92020395"},{"type":"Feature","properties":{"@id":"way/92020396","highway":"secondary","name":"улица Глинки","name:en":"Glinki Street","name:ru":"улица Глинки","name:uk":"Глінки вулиця","oneway":"yes","surface":"asphalt","trolley_wire":"yes"},"geometry":{"type":"LineString","coordinates":[[34.1544361,44.9811594],[34.1541684,44.9813593],[34.1541241,44.9813948],[34.1531691,44.9821588],[34.1527234,44.9825029],[34.1526359,44.9825712],[34.1520931,44.9829949],[34.1510211,44.9838498],[34.1506858,44.9841153]]},"id":"way/92020396"},{"type":"Feature","properties":{"@id":"way/92020397","highway":"secondary","name":"улица Глинки","name:en":"Glinki Street","name:ru":"улица Глинки","name:uk":"Глінки вулиця","oneway":"yes","surface":"asphalt","trolley_wire":"yes"},"geometry":{"type":"LineString","coordinates":[[34.1505257,44.9840116],[34.1508755,44.9837571],[34.1510233,44.9836452],[34.151193,44.9835031],[34.1512912,44.9834318],[34.1523255,44.9826235],[34.1524977,44.9824853],[34.1530932,44.9820075],[34.1535663,44.9816279],[34.1539925,44.9812933],[34.1540185,44.9812729],[34.1542911,44.9810638]]},"id":"way/92020397"},{"type":"Feature","properties":{"@id":"way/92021988","highway":"secondary","name":"Глинки улица","name:uk":"Глінки вулиця","postal_code":"295022","surface":"asphalt"},"geometry":{"type":"LineString","coordinates":[[34.150984,44.9788129],[34.1510649,44.9787597],[34.1512356,44.9786414],[34.1519943,44.9780325],[34.1527537,44.9774723],[34.1530662,44.9772208],[34.1535258,44.976851],[34.1541471,44.976362],[34.1545453,44.9760486],[34.1546514,44.9759651],[34.1554073,44.97537],[34.1555375,44.9752672],[34.1559233,44.9749627]]},"id":"way/92021988"},{"type":"Feature","properties":{"@id":"way/92021990","highway":"secondary","lanes":"2","source":"Bing","surface":"asphalt","trolley_wire":"no"},"geometry":{"type":"LineString","coordinates":[[34.1757481,44.9875886],[34.1755658,44.9876991],[34.1753329,44.9878396],[34.1750905,44.9879214],[34.1748593,44.9879513],[34.1747249,44.9879549],[34.174408,44.9878964],[34.1727611,44.9871521],[34.1721615,44.9868685],[34.171523,44.9866184],[34.1714221,44.986599],[34.1713341,44.9866049]]},"id":"way/92021990"},{"type":"Feature","properties":{"@id":"way/92021991","highway":"secondary","lanes":"2","name":"Крайняя улица","name:uk":"Крайня вулиця","source":"Bing","surface":"asphalt","trolley_wire":"no"},"geometry":{"type":"LineString","coordinates":[[34.1840066,44.9808632],[34.1840128,44.980878],[34.1840611,44.9809924],[34.1841055,44.9811458],[34.1842191,44.9815602],[34.1842218,44.9817674],[34.1841141,44.9819218],[34.1828096,44.9828255],[34.1798034,44.9848487],[34.1795908,44.9849923],[34.1792929,44.9851934],[34.1778784,44.9861486],[34.1761035,44.9873605],[34.1759211,44.987485],[34.1757481,44.9875886]]},"id":"way/92021991"},{"type":"Feature","properties":{"@id":"way/92021992","highway":"secondary","lanes":"2","maxspeed":"60","name":"26-я улица Коллективных Садов","oneway":"no","ref":"26-я улица Коллективных Садов","source":"Bing","surface":"asphalt","trolley_wire":"no"},"geometry":{"type":"LineString","coordinates":[[34.1840789,44.9695601],[34.1840767,44.969759],[34.1840732,44.9700754],[34.1840362,44.9734099],[34.1840303,44.9738253],[34.1840233,44.9743158],[34.1839806,44.9773059],[34.1839765,44.9776335],[34.183974,44.9778356],[34.1839541,44.9794235],[34.1839443,44.9799555],[34.1839401,44.9801448],[34.1839385,44.9802146],[34.1839238,44.9804625],[34.1839464,44.9806704],[34.1840066,44.9808632]]},"id":"way/92021992"},{"type":"Feature","properties":{"@id":"way/92021993","highway":"secondary","source":"Bing","trolley_wire":"no"},"geometry":{"type":"LineString","coordinates":[[34.1676321,44.9694146],[34.1677939,44.9694164],[34.1685017,44.9694062],[34.1692506,44.9694218],[34.1699725,44.9694305],[34.1707007,44.9694313],[34.1714074,44.9694398],[34.1721408,44.9694504],[34.1722631,44.9694602],[34.1725105,44.9694549],[34.1726975,44.9694509],[34.1730826,44.9694571],[34.174121,44.9694737],[34.1748505,44.969468],[34.1755535,44.969466],[34.1762773,44.9694706],[34.1769631,44.9694697],[34.1771943,44.9694695],[34.1773438,44.9694693],[34.1774707,44.9694689],[34.1776537,44.9694683],[34.1776834,44.9694682],[34.1783933,44.9694741],[34.1790782,44.9694773],[34.1797866,44.9694841],[34.1804624,44.9694882],[34.1812034,44.9695108],[34.181917,44.9695104],[34.1826355,44.96951],[34.1833355,44.9695097],[34.1835619,44.969525],[34.1840789,44.9695601]]},"id":"way/92021993"},{"type":"Feature","properties":{"@id":"way/92021994","highway":"secondary","trolley_wire":"no"},"geometry":{"type":"LineString","coordinates":[[34.156223,44.9747552],[34.1563199,44.9747302],[34.1564153,44.974716],[34.1565306,44.9747382],[34.1566202,44.9747699],[34.1567508,44.9748492],[34.1576777,44.9754869],[34.1579507,44.9756598],[34.1581324,44.9757309],[34.1582473,44.9757668],[34.1583729,44.9757952],[34.1584841,44.9758112],[34.1586105,44.9758208],[34.1587136,44.9758115],[34.1588212,44.9757948],[34.1589428,44.9757633],[34.159075,44.975706],[34.1595485,44.9754851],[34.1604133,44.9750614],[34.1610962,44.9747254],[34.1616281,44.974456],[34.1618132,44.9743552],[34.1618964,44.9742956],[34.161963,44.9742274],[34.1620606,44.9741136],[34.1621834,44.9739305],[34.1622395,44.9738221],[34.1622683,44.9737223],[34.1622997,44.9736046],[34.162322,44.9734247],[34.1623459,44.9732177],[34.162377,44.9730993],[34.1624249,44.9730174],[34.1625181,44.9729222],[34.1626265,44.9728518],[34.163384,44.9723952],[34.1642083,44.9718925],[34.1654145,44.9711568],[34.1659667,44.9708231],[34.1660242,44.9707663],[34.1660415,44.9707046],[34.166074,44.970074],[34.1661027,44.9695174],[34.1661295,44.9694749],[34.1661767,44.9694347]]},"id":"way/92021994"},{"type":"Feature","properties":{"@id":"way/92022565","highway":"primary_link","oneway":"yes"},"geometry":{"type":"LineString","coordinates":[[34.1408384,44.9660625],[34.1409284,44.9661271],[34.1409471,44.9661553],[34.1409471,44.9661843],[34.1409303,44.9662143],[34.1407868,44.9663422],[34.1407191,44.9664031],[34.1406534,44.9664397],[34.140578,44.9664654],[34.1404833,44.9664841],[34.1404117,44.9664769]]},"id":"way/92022565"},{"type":"Feature","properties":{"@id":"way/92023518","highway":"secondary","name":"Тепличная улица","name:en":"Teplichnaya Street","name:ru":"Тепличная улица","name:uk":"Теплична вулиця","surface":"asphalt"},"geometry":{"type":"LineString","coordinates":[[34.1444974,44.9615285],[34.1442754,44.9614572],[34.1441184,44.9613948],[34.1440458,44.96136],[34.1439038,44.9612846],[34.143778,44.9612245],[34.1436251,44.9611343]]},"id":"way/92023518"},{"type":"Feature","properties":{"@id":"way/92023526","highway":"secondary","name":"Луговая улица","name:en":"Lugovaya Street","name:ru":"Луговая улица","name:uk":"Лугова вулиця","oneway":"yes","surface":"asphalt"},"geometry":{"type":"LineString","coordinates":[[34.126397,44.9653887],[34.1263708,44.96567]]},"id":"way/92023526"},{"type":"Feature","properties":{"@id":"way/92192798","highway":"secondary","lanes":"2","name":"улица Беспалова","name:en":"Bespalova Street","name:ru":"улица Беспалова","name:uk":"Беспалова вулиця","oneway":"yes","surface":"asphalt"},"geometry":{"type":"LineString","coordinates":[[34.1257338,44.9437349],[34.1257852,44.9437632],[34.1258223,44.9438021],[34.1259694,44.9439239]]},"id":"way/92192798"},{"type":"Feature","properties":{"@id":"way/92194784","highway":"secondary","name":"улица Мира","name:en":"Mira Street","name:ru":"улица Мира","name:uk":"Миру вулиця","oneway":"yes"},"geometry":{"type":"LineString","coordinates":[[34.1339539,44.9322796],[34.1342552,44.9323873],[34.1345358,44.9324871],[34.1355608,44.932859],[34.1356643,44.9328949],[34.1357586,44.9329272],[34.1362214,44.9330926],[34.1365889,44.933224],[34.13663,44.9332387],[34.1370085,44.9333818],[34.1373397,44.9335071],[34.1379332,44.9337315]]},"id":"way/92194784"},{"type":"Feature","properties":{"@id":"way/92194785","highway":"secondary","name":"улица Мира","name:en":"Mira Street","name:ru":"улица Мира","name:uk":"Миру вулиця","oneway":"yes"},"geometry":{"type":"LineString","coordinates":[[34.1381004,44.9340754],[34.1380631,44.9339786],[34.13803,44.9338963]]},"id":"way/92194785"},{"type":"Feature","properties":{"@id":"way/92400807","highway":"tertiary","name":"Пионерская улица","name:ru":"Пионерская улица","name:uk":"Піонерська вулиця"},"geometry":{"type":"LineString","coordinates":[[34.058296,44.9731482],[34.058443,44.9730184],[34.0599704,44.9722016],[34.0603054,44.9720309],[34.0611245,44.9716135],[34.0620456,44.971144],[34.0630871,44.9705889],[34.0635336,44.9703666],[34.0636109,44.9703265],[34.0637634,44.9702515]]},"id":"way/92400807"},{"type":"Feature","properties":{"@id":"way/92457486","highway":"secondary","lanes":"1","name":"2-й Петровский проезд","name:en":"2-i Petrovskiy Pass","name:ru":"2-й Петровский проезд","name:uk":"2-й Петрівський проїзд","surface":"asphalt"},"geometry":{"type":"LineString","coordinates":[[34.1162189,44.9275492],[34.1166641,44.9271726],[34.116761,44.9270877],[34.1168317,44.9270249],[34.1170343,44.9267999],[34.1171243,44.9266867],[34.1172191,44.9265469],[34.1174276,44.9262093],[34.1175753,44.9259355],[34.1180018,44.9250809],[34.1181791,44.9248009],[34.1188492,44.9242153],[34.1189405,44.9241617],[34.1190715,44.9241283]]},"id":"way/92457486"},{"type":"Feature","properties":{"@id":"way/92457489","highway":"secondary","name":"улица Тарабукина","name:en":"Tarabukina Street","name:ru":"улица Тарабукина","name:uk":"Тарабукіна вулиця","surface":"asphalt"},"geometry":{"type":"LineString","coordinates":[[34.1211162,44.9330331],[34.1211024,44.9331177],[34.1210368,44.9338404],[34.1209522,44.9344588],[34.1208905,44.9351046],[34.1208823,44.9351767],[34.1208248,44.9356436],[34.120747,44.936235],[34.1206133,44.9374658]]},"id":"way/92457489"},{"type":"Feature","properties":{"@id":"way/92457492","highway":"secondary","name":"Винницкая улица","name:en":"Vinnitskaya Street","name:ru":"Винницкая улица","name:uk":"Вінницька вулиця","surface":"asphalt"},"geometry":{"type":"LineString","coordinates":[[34.120521,44.9267659],[34.1205282,44.9270263],[34.1205499,44.9272344],[34.1205972,44.927458],[34.1206512,44.9276002],[34.1208429,44.9279523],[34.1211754,44.9285497],[34.1213938,44.9289762],[34.1214672,44.9291638],[34.1215058,44.9293318],[34.1214927,44.9295786]]},"id":"way/92457492"},{"type":"Feature","properties":{"@id":"way/92457499","highway":"secondary","lanes":"4","maxspeed":"RU:urban","name":"улица Самокиша","name:en":"Samokisha Street","name:ru":"улица Самокиша","name:uk":"Самокіша вулиця","oneway":"yes","surface":"asphalt"},"geometry":{"type":"LineString","coordinates":[[34.0966028,44.9461406],[34.0966931,44.9460809],[34.0971768,44.9457614],[34.0981542,44.9451486],[34.0985276,44.9449144],[34.098712,44.9447848]]},"id":"way/92457499"},{"type":"Feature","properties":{"@id":"way/93320599","highway":"tertiary","oneway":"yes","surface":"asphalt"},"geometry":{"type":"LineString","coordinates":[[34.0875846,44.9891994],[34.0875466,44.9890881],[34.0874827,44.9890128],[34.0873762,44.9889193],[34.0871992,44.9888307]]},"id":"way/93320599"},{"type":"Feature","properties":{"@id":"way/93320635","highway":"tertiary"},"geometry":{"type":"LineString","coordinates":[[34.0875846,44.9891994],[34.0876576,44.9891964],[34.0881638,44.9891752],[34.0890603,44.9892933],[34.0898781,44.9893636],[34.0901831,44.9893537],[34.0910947,44.9893094],[34.092009,44.9892955]]},"id":"way/93320635"},{"type":"Feature","properties":{"@id":"way/93511044","highway":"secondary","maxspeed":"RU:urban","name":"улица Желябова","name:en":"Zheliabova Street","name:ru":"улица Желябова","name:uk":"Желябова вулиця","oneway":"yes","surface":"asphalt"},"geometry":{"type":"LineString","coordinates":[[34.0896265,44.9490094],[34.0903091,44.9495781],[34.0906103,44.9498296],[34.0920197,44.9510228]]},"id":"way/93511044"},{"type":"Feature","properties":{"@id":"way/94499811","highway":"secondary","maxspeed":"RU:urban","name":"улица Толстого","name:en":"Tolstogo Street","name:ru":"улица Толстого","name:uk":"Толстого вулиця","surface":"asphalt"},"geometry":{"type":"LineString","coordinates":[[34.0982775,44.9601706],[34.0985599,44.9604234],[34.0986456,44.9605162],[34.0988778,44.9607082],[34.0990625,44.9608302],[34.0991977,44.9608921],[34.0992881,44.9609327],[34.0995787,44.9610633],[34.1003325,44.9613053],[34.1007249,44.96144],[34.1011466,44.9615689],[34.1014678,44.9616567],[34.1015839,44.9617015]]},"id":"way/94499811"},{"type":"Feature","properties":{"@id":"way/94499812","bridge":"yes","description":"Обрушение моста. Движение перекрыто.","highway":"secondary","layer":"1","motor_vehicle":"yes","name":"улица Толстого","name:en":"Tolstogo Street","name:ru":"улица Толстого","name:uk":"Толстого вулиця","surface":"asphalt"},"geometry":{"type":"LineString","coordinates":[[34.0979509,44.9598489],[34.0981237,44.9600191],[34.0982775,44.9601706]]},"id":"way/94499812"},{"type":"Feature","properties":{"@id":"way/94849753","highway":"primary","name":"улица Жуковского","name:en":"Zhukovskogo Street","name:ru":"улица Жуковского","name:uk":"Жуковського вулиця","oneway":"yes","surface":"asphalt","trolley_wire":"yes"},"geometry":{"type":"LineString","coordinates":[[34.0968803,44.9525963],[34.0974158,44.953026],[34.0974453,44.9530496],[34.0976315,44.9531987],[34.0980273,44.9535146],[34.0980504,44.9535332],[34.0981238,44.9535932]]},"id":"way/94849753"},{"type":"Feature","properties":{"@id":"way/94849905","highway":"primary","lanes":"2","name":"улица Александра Невского","name:etymology:wikidata":"Q174044","name:ru":"улица Александра Невского","name:uk":"Олександра Невського вулиця","old_name":"Рози Люксембург вулиця","old_name:en":"Rozy Liuksemburh Street","old_name:ru":"Розы Люксембург улица","surface":"asphalt","trolley_wire":"yes"},"geometry":{"type":"LineString","coordinates":[[34.0967153,44.9544421],[34.0964707,44.9545957]]},"id":"way/94849905"},{"type":"Feature","properties":{"@id":"way/94849906","abutters":"residential","highway":"primary","lanes":"2","maxspeed":"60","name":"улица Александра Невского","name:etymology:wikidata":"Q174044","name:ru":"улица Александра Невского","name:uk":"Олександра Невського вулиця","old_name":"Рози Люксембург вулиця","old_name:en":"Rozy Liuksemburh Street","old_name:ru":"Розы Люксембург улица","oneway":"yes","surface":"asphalt","trolley_wire":"yes"},"geometry":{"type":"LineString","coordinates":[[34.0964707,44.9545957],[34.0963838,44.9546512],[34.0963,44.9547053]]},"id":"way/94849906"},{"type":"Feature","properties":{"@id":"way/94859897","highway":"secondary","name":"улица Маяковского","name:en":"Mayakovskogo Street","name:etymology:wikidata":"Q132964","name:ru":"улица Маяковского","name:uk":"Маяковського вулиця","surface":"asphalt"},"geometry":{"type":"LineString","coordinates":[[34.0888601,44.9514322],[34.0889723,44.9513448],[34.0890588,44.951257],[34.0891278,44.9511455],[34.0891756,44.9510469],[34.0892785,44.9506992]]},"id":"way/94859897"},{"type":"Feature","properties":{"@id":"way/94859898","highway":"secondary","name":"улица Калинина","name:en":"Kalinina Street","name:etymology:wikidata":"Q229828","name:ru":"улица Калинина","name:uk":"Калініна вулиця","oneway":"yes","surface":"asphalt"},"geometry":{"type":"LineString","coordinates":[[34.0785146,44.95587],[34.0791835,44.955657],[34.0795595,44.9555353],[34.0803816,44.9552876]]},"id":"way/94859898"},{"type":"Feature","properties":{"@id":"way/94859899","highway":"secondary","name":"улица Калинина","name:en":"Kalinina Street","name:etymology:wikidata":"Q229828","name:ru":"улица Калинина","name:uk":"Калініна вулиця","surface":"asphalt"},"geometry":{"type":"LineString","coordinates":[[34.0872086,44.9523853],[34.0887953,44.9514697],[34.0888601,44.9514322]]},"id":"way/94859899"},{"type":"Feature","properties":{"@id":"way/94930016","highway":"primary","lanes":"3","lanes:forward":"2","name":"Севастопольская улица","name:en":"Sevastopolskaya Street","name:ru":"Севастопольская улица","name:uk":"Севастопольська вулиця","oneway":"no","surface":"asphalt"},"geometry":{"type":"LineString","coordinates":[[34.0972954,44.943172],[34.0975985,44.9435056]]},"id":"way/94930016"},{"type":"Feature","properties":{"@id":"way/94930019","highway":"primary","lanes":"3","maxspeed":"60","name":"Севастопольская улица","name:en":"Sevastopolskaya Street","name:ru":"Севастопольская улица","name:uk":"Севастопольська вулиця","oneway":"yes","surface":"asphalt"},"geometry":{"type":"LineString","coordinates":[[34.098712,44.9447848],[34.0988694,44.9450076],[34.0988998,44.9450652],[34.099555,44.9462998],[34.099633,44.9464383]]},"id":"way/94930019"},{"type":"Feature","properties":{"@id":"way/95082718","abutters":"residential","highway":"secondary","maxspeed":"60","name":"улица Гоголя","name:en":"Gogol Street","name:etymology:wikidata":"Q43718","name:ru":"улица Гоголя","name:uk":"Гоголя вулиця","surface":"cobblestone"},"geometry":{"type":"LineString","coordinates":[[34.0784672,44.9580738],[34.0796841,44.9576331]]},"id":"way/95082718"},{"type":"Feature","properties":{"@id":"way/95095248","highway":"secondary","lanes":"2","name":"Объездная улица","name:en":"Obiezdnaya Street","name:ru":"Объездная улица","name:uk":"Об’їзна вулиця","source":"Bing","surface":"asphalt"},"geometry":{"type":"LineString","coordinates":[[34.0912349,44.9369536],[34.091386,44.9369323],[34.0914844,44.9369262],[34.0915993,44.9369298],[34.0917344,44.9369458]]},"id":"way/95095248"},{"type":"Feature","properties":{"@id":"way/95347310","highway":"tertiary","name":"Инкубаторная улица","name:en":"Inkubatorna Street","name:ru":"Инкубаторная улица","name:uk":"Інкубаторна вулиця"},"geometry":{"type":"LineString","coordinates":[[34.135667,44.9459883],[34.1350652,44.9456301],[34.1348307,44.9454548],[34.1348043,44.9453971],[34.1348333,44.9452441],[34.1348362,44.9451513],[34.1348092,44.945095],[34.134726,44.9450363],[34.134633,44.9450087],[34.1345423,44.9449707],[34.1342229,44.9447731],[34.1340963,44.9446935],[34.134063,44.9446687],[34.1339371,44.9445751]]},"id":"way/95347310"},{"type":"Feature","properties":{"@id":"way/95347907","highway":"secondary","oneway":"yes"},"geometry":{"type":"LineString","coordinates":[[34.1333907,44.9542415],[34.1336728,44.9538824],[34.1337624,44.9537809],[34.1341336,44.9536365]]},"id":"way/95347907"},{"type":"Feature","properties":{"@id":"way/95347908","highway":"secondary","oneway":"yes","surface":"asphalt"},"geometry":{"type":"LineString","coordinates":[[34.1337624,44.9537809],[34.1339608,44.9540094]]},"id":"way/95347908"},{"type":"Feature","properties":{"@id":"way/95383657","bridge":"yes","highway":"primary","lanes":"4","layer":"1","name":"проспект Кирова","name:en":"Kirov Avenue","name:ru":"проспект Кирова","name:uk":"Кірова проспект","surface":"asphalt","trolley_wire":"yes"},"geometry":{"type":"LineString","coordinates":[[34.1031202,44.9537467],[34.1033617,44.9542096]]},"id":"way/95383657"},{"type":"Feature","properties":{"@id":"way/95416906","highway":"secondary","maxspeed":"60","name":"Залесская улица","name:ru":"Залесская улица","name:uk":"Заліська вулиця","source":"Bing","surface":"asphalt"},"geometry":{"type":"LineString","coordinates":[[34.0773023,44.9197445],[34.0774782,44.919619],[34.0778041,44.9193864],[34.0786137,44.9188087],[34.0796397,44.9180765],[34.0797561,44.9179934],[34.0801361,44.9177222],[34.0806453,44.9173589],[34.0810081,44.9171],[34.0819025,44.9163882],[34.0822676,44.9161152],[34.0827451,44.915758],[34.0832062,44.9154132],[34.0836087,44.9151332],[34.0838644,44.9149553],[34.0844196,44.9145528],[34.0845271,44.9144721],[34.0853818,44.9138494],[34.0854622,44.9137908]]},"id":"way/95416906"},{"type":"Feature","properties":{"@id":"way/95416918","highway":"secondary","lanes":"2","name":"улица 60 лет Октября","name:en":"60 Let Oktyabrya Street","name:etymology:wikidata":"Q42976","name:ru":"улица 60 лет Октября","name:uk":"60 років Жовтня вулиця","oneway":"yes","surface":"asphalt","trolley_wire":"yes"},"geometry":{"type":"LineString","coordinates":[[34.0855651,44.9137164],[34.0856419,44.9137773],[34.0858525,44.9139442],[34.0868402,44.9147273],[34.086948,44.9148128],[34.0870287,44.9148766],[34.0875774,44.9153107],[34.088259,44.915843],[34.088538,44.9160609],[34.0889944,44.9164174],[34.0890828,44.9164481],[34.0899261,44.9167414],[34.0900227,44.9167777],[34.0900906,44.9168228],[34.0902764,44.9169464]]},"id":"way/95416918"},{"type":"Feature","properties":{"@id":"way/95418842","highway":"tertiary","name":"улица Гавена","name:ru":"улица Гавена","name:uk":"Гавена вулиця","source":"Bing","surface":"asphalt"},"geometry":{"type":"LineString","coordinates":[[34.0815193,44.9232377],[34.081621,44.9231825],[34.0821278,44.9229076],[34.0829397,44.922467],[34.0836929,44.9220583],[34.0839069,44.9219417],[34.0840041,44.9218176],[34.0845079,44.9211742],[34.0857434,44.9202496],[34.0863837,44.9197823],[34.0870378,44.9193194],[34.087652,44.9188541],[34.0883096,44.9183687],[34.0886547,44.9181154],[34.088961,44.9178906],[34.0893697,44.9175906],[34.0895207,44.9174798],[34.0897527,44.917323],[34.0898768,44.9172391]]},"id":"way/95418842"},{"type":"Feature","properties":{"@id":"way/95435662","highway":"secondary","name":"улица Дмитрия Ульянова","name:en":"Dmitriya Ulyanova Street","name:ru":"улица Дмитрия Ульянова","name:uk":"Дмитра Ульянова вулиця","oneway":"yes","surface":"asphalt","trolley_wire":"yes"},"geometry":{"type":"LineString","coordinates":[[34.0954181,44.9214202],[34.0946515,44.921763],[34.0945459,44.9218037]]},"id":"way/95435662"},{"type":"Feature","properties":{"@id":"way/95452720","highway":"secondary","name":"Балаклавская улица","name:en":"Balaklavskaya Street","name:ru":"Балаклавская улица","name:uk":"Балаклавська вулиця","sidewalk":"right","surface":"asphalt"},"geometry":{"type":"LineString","coordinates":[[34.1102116,44.9193646],[34.1102529,44.9190915],[34.1104255,44.9182412],[34.1105185,44.9177896],[34.110556,44.9175437],[34.1105607,44.9173636],[34.1105381,44.9172241],[34.1105175,44.917186],[34.1104828,44.9171348],[34.1104226,44.9170782],[34.1102906,44.9169598],[34.1101717,44.9168614]]},"id":"way/95452720"},{"type":"Feature","properties":{"@id":"way/95458601","highway":"secondary","name":"Балаклавская улица","name:en":"Balaklavskaya Street","name:ru":"Балаклавская улица","name:uk":"Балаклавська вулиця"},"geometry":{"type":"LineString","coordinates":[[34.1094329,44.9162005],[34.1093367,44.9161129],[34.1091238,44.9159301],[34.1080044,44.9149731],[34.1079117,44.9149044],[34.1078689,44.914851],[34.1078555,44.9147914],[34.1078697,44.9146996],[34.1078985,44.9146023],[34.1079787,44.9144315],[34.1080672,44.9142833],[34.1081052,44.9142288],[34.1082786,44.9139781],[34.1086437,44.9134504],[34.1087668,44.9132594]]},"id":"way/95458601"},{"type":"Feature","properties":{"@id":"way/95458602","highway":"secondary","maxspeed":"40","name":"Балаклавская улица","name:en":"Balaklavskaya Street","name:ru":"Балаклавская улица","name:uk":"Балаклавська вулиця"},"geometry":{"type":"LineString","coordinates":[[34.1101717,44.9168614],[34.1098855,44.9165876],[34.1098083,44.91652],[34.1094329,44.9162005]]},"id":"way/95458602"},{"type":"Feature","properties":{"@id":"way/95493835","highway":"tertiary","name":"Баррикадная улица","name:ru":"Баррикадная улица","name:uk":"Барикадна вулиця","oneway":"yes","source":"Bing","surface":"asphalt"},"geometry":{"type":"LineString","coordinates":[[34.0842304,44.9127583],[34.08412,44.9128361],[34.0838036,44.9130593],[34.0831887,44.913493],[34.0827113,44.9138527],[34.0822541,44.9142226],[34.0821046,44.9143435],[34.0818425,44.9145472],[34.0817421,44.9146244],[34.0810685,44.9151131],[34.0805599,44.9154877],[34.0805062,44.9155349],[34.0796688,44.9161624],[34.0789207,44.9167084],[34.0779376,44.9174387],[34.077538,44.9177312],[34.0771531,44.9180285],[34.076968,44.9181595],[34.0763189,44.9186343]]},"id":"way/95493835"},{"type":"Feature","properties":{"@id":"way/95517275","highway":"secondary","lanes":"2","name":"улица 60 лет Октября","name:en":"60 Let Oktyabrya Street","name:etymology:wikidata":"Q42976","name:ru":"улица 60 лет Октября","name:uk":"60 років Жовтня вулиця","oneway":"yes","surface":"asphalt","trolley_wire":"yes"},"geometry":{"type":"LineString","coordinates":[[34.0898768,44.9172391],[34.0896107,44.9170291],[34.0895033,44.9169444],[34.0888852,44.9164571],[34.0884792,44.9161379],[34.0874854,44.9153662],[34.0870369,44.9150169],[34.0869345,44.9149371],[34.0868647,44.9148832],[34.0855354,44.9138478],[34.0854622,44.9137908]]},"id":"way/95517275"},{"type":"Feature","properties":{"@id":"way/95555240","highway":"tertiary","name":"улица Трубаченко","name:en":"Trubachenko Street","name:ru":"улица Трубаченко","name:uk":"Трубаченко вулиця","source":"Bing","surface":"asphalt"},"geometry":{"type":"LineString","coordinates":[[34.0869763,44.9305283],[34.0872065,44.9304461],[34.0874207,44.9303696],[34.0879214,44.9301775],[34.0886101,44.9299289],[34.0892289,44.9296978],[34.0893529,44.9296516],[34.0894663,44.9296125],[34.0895754,44.929575],[34.0914992,44.9289133],[34.0919408,44.9287556],[34.0934021,44.9282338],[34.093867,44.9280678],[34.0944461,44.9278609],[34.0947254,44.9277612],[34.0949158,44.9276932],[34.0954678,44.927496],[34.0959928,44.9273085],[34.0969879,44.9269314]]},"id":"way/95555240"},{"type":"Feature","properties":{"@id":"way/95684313","highway":"secondary","name":"Ангарская улица","name:en":"Angarskaya Street","name:ru":"Ангарская улица","name:uk":"Ангарська вулиця","oneway":"yes","source":"Bing","surface":"asphalt"},"geometry":{"type":"LineString","coordinates":[[34.1020799,44.9315913],[34.1022922,44.9316056]]},"id":"way/95684313"},{"type":"Feature","properties":{"@id":"way/95684359","highway":"secondary","lanes":"2","name":"Красноармейская улица","name:en":"Krasnoarmeyskaya Street","name:etymology:wikidata":"Q251395","name:ru":"Красноармейская улица","name:uk":"Червоноармійська вулиця","surface":"asphalt"},"geometry":{"type":"LineString","coordinates":[[34.1033529,44.93498],[34.103495,44.9349904],[34.1035929,44.9350284],[34.1043806,44.9353671],[34.1044606,44.9354015],[34.1049461,44.9356198],[34.1067217,44.9364002],[34.1069398,44.9365041],[34.1070583,44.9365958],[34.1078648,44.9372402],[34.1083874,44.9376391],[34.1084761,44.9377235],[34.1085479,44.9378172],[34.1096123,44.9392038],[34.1102396,44.940171],[34.1105309,44.9405223],[34.1106573,44.9406623],[34.1112917,44.9413395],[34.1119571,44.9420805],[34.1122355,44.9423922],[34.1125634,44.9427619],[34.1126615,44.9428807],[34.1127862,44.943004],[34.1134603,44.9437558],[34.1137975,44.9442399],[34.1138781,44.944366],[34.1139515,44.9444997],[34.1140087,44.9446155],[34.114055,44.9447249],[34.1142988,44.9454136],[34.1145524,44.9461439],[34.1145803,44.9462],[34.1146065,44.9462527],[34.1147503,44.9464427],[34.1149369,44.9466578],[34.1151159,44.946865],[34.1151317,44.9468979],[34.1151399,44.9469344]]},"id":"way/95684359"},{"type":"Feature","properties":{"@id":"way/95684360","abutters":"residential","highway":"secondary","maxspeed":"60","name":"улица Козлова","name:en":"Kozlova Street","name:ru":"улица Козлова","name:uk":"Козлова вулиця","surface":"asphalt","trolley_wire":"yes"},"geometry":{"type":"LineString","coordinates":[[34.1023387,44.9354054],[34.1022068,44.9354947],[34.1020974,44.93559]]},"id":"way/95684360"},{"type":"Feature","properties":{"@id":"way/95684361","highway":"secondary","name":"улица Козлова","name:en":"Kozlova Street","name:ru":"улица Козлова","name:uk":"Козлова вулиця","source":"Bing","surface":"asphalt"},"geometry":{"type":"LineString","coordinates":[[34.1033529,44.93498],[34.1032188,44.9350084],[34.1030505,44.9350683],[34.1023387,44.9354054]]},"id":"way/95684361"},{"type":"Feature","properties":{"@id":"way/95685944","abutters":"residential","highway":"secondary","maxspeed":"60","name":"Кавказская улица","name:en":"Proletarskaya Street","name:ru":"Кавказская улица","name:uk":"Пролетарська вулиця","surface":"asphalt"},"geometry":{"type":"LineString","coordinates":[[34.1037552,44.9460896],[34.1039027,44.9463562],[34.1040465,44.946662]]},"id":"way/95685944"},{"type":"Feature","properties":{"@id":"way/95775491","highway":"primary","lanes":"5","name":"Севастопольская улица","name:en":"Sevastopolskaya Street","name:ru":"Севастопольская улица","name:uk":"Севастопольська вулиця","surface":"asphalt","trolley_wire":"yes"},"geometry":{"type":"LineString","coordinates":[[34.0913358,44.9364633],[34.0917344,44.9369458]]},"id":"way/95775491"},{"type":"Feature","properties":{"@id":"way/95775492","abutters":"residential","highway":"primary","lanes":"4","maxspeed":"60","name":"Севастопольская улица","name:en":"Sevastopolskaya Street","name:ru":"Севастопольская улица","name:uk":"Севастопольська вулиця","surface":"asphalt","trolley_wire":"yes"},"geometry":{"type":"LineString","coordinates":[[34.0935624,44.9389958],[34.0936542,44.9391071],[34.093822,44.939301]]},"id":"way/95775492"},{"type":"Feature","properties":{"@id":"way/96613269","abutters":"residential","highway":"secondary","maxspeed":"60","name":"улица Генерала Васильева","name:en":"Generala Vasilyeva Street","name:ru":"улица Генерала Васильева","name:uk":"Генерала Васильєва вулиця","surface":"asphalt","trolley_wire":"no"},"geometry":{"type":"LineString","coordinates":[[34.072195,44.9379771],[34.072117,44.9378309],[34.0720731,44.9376298],[34.0720938,44.9372807],[34.0721367,44.9365288],[34.0722199,44.9350696],[34.0722306,44.9348821],[34.0722333,44.9348327],[34.0722378,44.9347492],[34.0722539,44.9344525],[34.072272,44.934138]]},"id":"way/96613269"},{"type":"Feature","properties":{"@id":"way/96613270","highway":"secondary","maxspeed":"60","name":"Элеваторная улица","name:en":"Elevatornaya Street","name:ru":"Элеваторная улица","name:uk":"Елеваторна вулиця","surface":"asphalt"},"geometry":{"type":"LineString","coordinates":[[34.0761244,44.9472781],[34.0760063,44.9474722],[34.0757784,44.9478469],[34.075684,44.948002],[34.0751879,44.9487727],[34.0750248,44.9490261],[34.0745046,44.9498557],[34.0744898,44.9498867],[34.074503,44.9499194],[34.0746814,44.9501006],[34.0747261,44.9501447]]},"id":"way/96613270"},{"type":"Feature","properties":{"@id":"way/96613271","abutters":"residential","highway":"secondary","lanes":"2","maxspeed":"60","name":"Элеваторная улица","name:en":"Elevatornaya Street","name:ru":"Элеваторная улица","name:uk":"Елеваторна вулиця","surface":"asphalt"},"geometry":{"type":"LineString","coordinates":[[34.0774571,44.9452124],[34.0769326,44.9460276],[34.0764028,44.9468575],[34.0763142,44.9469914],[34.0761244,44.9472781]]},"id":"way/96613271"},{"type":"Feature","properties":{"@id":"way/96613275","abutters":"residential","highway":"secondary","maxspeed":"60","name":"улица Маяковского","name:en":"Mayakovskogo Street","name:etymology:wikidata":"Q132964","name:ru":"улица Маяковского","name:uk":"Маяковського вулиця","surface":"asphalt"},"geometry":{"type":"LineString","coordinates":[[34.0896265,44.9490094],[34.0900246,44.9478065]]},"id":"way/96613275"},{"type":"Feature","properties":{"@id":"way/97138703","embankment":"yes","highway":"primary","lanes":"4","maxspeed":"60","old_ref":"Т-01-01","ref":"35К-007;Т-01-01","surface":"asphalt"},"geometry":{"type":"LineString","coordinates":[[34.0690428,44.9795543],[34.0690437,44.9801083],[34.0690521,44.9806459],[34.0690537,44.9810202],[34.0690675,44.9813831],[34.0690904,44.9815725],[34.0691153,44.9817418],[34.0692044,44.9820548]]},"id":"way/97138703"},{"type":"Feature","properties":{"@id":"way/97138729","destination":"Сімферополь","highway":"primary_link","lanes":"1","maxspeed":"60","oneway":"yes","ref":"35К-007;Т-01-01","surface":"asphalt"},"geometry":{"type":"LineString","coordinates":[[34.069854,44.9829613],[34.0702192,44.983137],[34.0704156,44.9832511],[34.0706374,44.9833554],[34.0708846,44.9834487],[34.0711402,44.9835239],[34.0716903,44.9836613],[34.0727413,44.9838985],[34.0727942,44.9839008],[34.0728464,44.983896],[34.0729085,44.9838849],[34.072975,44.9838571],[34.0730205,44.9838207],[34.0731461,44.9836631]]},"id":"way/97138729"},{"type":"Feature","properties":{"@id":"way/97138756","abutters":"residential","bridge":"yes","highway":"primary","lanes":"4","layer":"1","maxspeed":"60","old_ref":"Т-01-01","ref":"35К-007;Т-01-01","surface":"asphalt"},"geometry":{"type":"LineString","coordinates":[[34.0692044,44.9820548],[34.0692672,44.9822229],[34.0693251,44.982331]]},"id":"way/97138756"},{"type":"Feature","properties":{"@id":"way/97138759","embankment":"yes","highway":"primary","lanes":"2","maxspeed":"60","old_ref":"Т-01-01","oneway":"yes","ref":"35К-007;Т-01-01","surface":"asphalt"},"geometry":{"type":"LineString","coordinates":[[34.0693251,44.982331],[34.0695397,44.9825877],[34.0696173,44.9827065]]},"id":"way/97138759"},{"type":"Feature","properties":{"@id":"way/97508014","highway":"primary","oneway":"yes","surface":"asphalt"},"geometry":{"type":"LineString","coordinates":[[34.1285334,44.9680076],[34.1285376,44.9680624],[34.1285281,44.9681071],[34.1284952,44.9681386],[34.1284573,44.9681523],[34.1284154,44.9681554],[34.128356,44.9681543],[34.1282912,44.9681408]]},"id":"way/97508014"},{"type":"Feature","properties":{"@id":"way/97508019","highway":"primary_link","lane_markings":"no","oneway":"yes","surface":"asphalt"},"geometry":{"type":"LineString","coordinates":[[34.1211915,44.9624208],[34.1212455,44.9624618],[34.1212692,44.9624907],[34.1212714,44.9625103],[34.1212614,44.962529],[34.1212346,44.9625429],[34.1211786,44.962557],[34.1210952,44.9625617]]},"id":"way/97508019"},{"type":"Feature","properties":{"@id":"way/97508025","highway":"primary_link","surface":"asphalt"},"geometry":{"type":"LineString","coordinates":[[34.1152499,44.9606892],[34.1153427,44.9605607]]},"id":"way/97508025"},{"type":"Feature","properties":{"@id":"way/97508477","abutters":"residential","highway":"primary","maxspeed":"60","name":"Кечкеметская улица","name:en":"Kechkemetskaya Street","name:ru":"Кечкеметская улица","oneway":"yes","surface":"asphalt","trolley_wire":"yes"},"geometry":{"type":"LineString","coordinates":[[34.0981995,44.9736355],[34.0978659,44.9735787],[34.0977329,44.973576],[34.0975706,44.9735983]]},"id":"way/97508477"},{"type":"Feature","properties":{"@id":"way/97508478","abutters":"residential","highway":"secondary","maxspeed":"60","name":"Объездная улица","name:en":"Obiezdnaya Street","name:ru":"Объездная улица","name:uk":"Об’їзна вулиця","surface":"asphalt"},"geometry":{"type":"LineString","coordinates":[[34.0854314,44.9458497],[34.0828462,44.9450135],[34.0823068,44.9448267],[34.0820464,44.944709],[34.0819992,44.9446442],[34.0819564,44.9445855],[34.0818968,44.9444726],[34.0818611,44.9443676],[34.0818417,44.9442936],[34.0818312,44.9441808],[34.0818646,44.9440356],[34.0819404,44.9438947],[34.0821684,44.9436543]]},"id":"way/97508478"},{"type":"Feature","properties":{"@id":"way/97508691","abutters":"residential","highway":"primary","lanes":"3","maxspeed":"60","name":"проспект Победы","name:en":"Pobedy Avenue","name:etymology:wikidata":"Q270706","name:ru":"проспект Победы","oneway":"yes","surface":"asphalt","trolley_wire":"yes"},"geometry":{"type":"LineString","coordinates":[[34.1347558,44.9734252],[34.133569,44.9724223],[34.1323762,44.971483]]},"id":"way/97508691"},{"type":"Feature","properties":{"@id":"way/97508692","abutters":"residential","highway":"primary","lanes":"2","maxspeed":"RU:urban","name":"проспект Победы","name:en":"Pobedy Avenue","name:etymology:wikidata":"Q270706","name:ru":"проспект Победы","oneway":"yes","surface":"asphalt","trolley_wire":"yes"},"geometry":{"type":"LineString","coordinates":[[34.1108405,44.9589139],[34.1105159,44.9587287],[34.1104481,44.9587056],[34.1103935,44.9586979],[34.1103368,44.9586975],[34.1102625,44.958709],[34.1102033,44.9587178]]},"id":"way/97508692"},{"type":"Feature","properties":{"@id":"way/97509100","abutters":"residential","highway":"primary","lanes":"2","maxspeed":"60","name":"проспект Победы","name:en":"Pobedy Avenue","name:etymology:wikidata":"Q270706","name:ru":"проспект Победы","name:uk":"Перемоги проспект","oneway":"yes","ref":"Р-23","surface":"asphalt","trolley_wire":"yes"},"geometry":{"type":"LineString","coordinates":[[34.1373553,44.9754532],[34.1372077,44.9754009],[34.1370981,44.9753668],[34.1369952,44.9753542],[34.1368686,44.9753528]]},"id":"way/97509100"},{"type":"Feature","properties":{"@id":"way/97509102","highway":"primary","lanes":"2","name":"проспект Вернадского","name:en":"Vernadsky Avenue","name:ru":"проспект Вернадского","name:uk":"Вернадського проспект","old_name":"Ялтинская улица","old_name:uk":"Ялтинська вулиця","oneway":"yes","surface":"asphalt","trolley_wire":"yes"},"geometry":{"type":"LineString","coordinates":[[34.1261918,44.9439734],[34.1263506,44.9439857],[34.12644,44.9439841],[34.12652,44.9439692],[34.1267409,44.9439067]]},"id":"way/97509102"},{"type":"Feature","properties":{"@id":"way/97509103","highway":"primary","lanes":"2","name":"улица Воровского","name:en":"Vorovskogo Street","name:etymology:wikidata":"Q1365246","name:ru":"улица Воровского","name:uk":"Воровського вулиця","oneway":"yes","surface":"asphalt"},"geometry":{"type":"LineString","coordinates":[[34.1255646,44.9444184],[34.1253894,44.9443889],[34.1252275,44.9443881],[34.1250585,44.9444001]]},"id":"way/97509103"},{"type":"Feature","properties":{"@id":"way/97509104","abutters":"residential","highway":"secondary","incline":"-1","lanes":"2","lit":"no","maxspeed":"60","name":"улица Героев Сталинграда","name:ru":"улица Героев Сталинграда","name:uk":"Героїв Сталінграда вулиця","oneway":"yes","smoothness":"excellent","surface":"asphalt","trolley_wire":"no"},"geometry":{"type":"LineString","coordinates":[[34.0491268,44.937752],[34.0484719,44.9377871]]},"id":"way/97509104"},{"type":"Feature","properties":{"@id":"way/97665941","highway":"secondary","lanes":"2","name":"Балаклавская улица","name:en":"Balaklavskaya Street","name:ru":"Балаклавская улица","name:uk":"Балаклавська вулиця","surface":"asphalt"},"geometry":{"type":"LineString","coordinates":[[34.0904322,44.9276459],[34.0906057,44.927621],[34.0908982,44.9275729],[34.091096,44.9275263],[34.0921101,44.9271705],[34.0922335,44.9271272],[34.0935456,44.9266594],[34.0937443,44.9265886],[34.0941419,44.9264468],[34.0949744,44.9261502],[34.0951533,44.9261138],[34.0952961,44.9260869],[34.0961717,44.9257755],[34.0969749,44.9254783],[34.0969859,44.9254743],[34.097149,44.9254146]]},"id":"way/97665941"},{"type":"Feature","properties":{"@id":"way/97669739","highway":"tertiary","lanes":"2","name":"Нижнегоспитальная улица","name:en":"Nizhnegospitalnaya Street","name:ru":"Нижнегоспитальная улица","name:uk":"Нижньогоспітальна вулиця","surface":"asphalt"},"geometry":{"type":"LineString","coordinates":[[34.1078942,44.9414611],[34.1079025,44.9414683],[34.1081237,44.9416614],[34.1084684,44.9419962],[34.108995,44.9425589],[34.1093806,44.9429822],[34.1093995,44.9430009],[34.10963,44.9432335],[34.1097102,44.9433133],[34.1099568,44.9435586],[34.1101476,44.9437656],[34.1103111,44.943943],[34.110454,44.9440061]]},"id":"way/97669739"},{"type":"Feature","properties":{"@id":"way/97694006","highway":"secondary","name":"Фабричный спуск","name:en":"Fabrichniy Descent","name:ru":"Фабричный спуск","name:uk":"Фабричний узвіз","surface":"asphalt"},"geometry":{"type":"LineString","coordinates":[[34.1151399,44.9469344],[34.1151245,44.9469766],[34.1150964,44.9470171],[34.1150464,44.9470535],[34.1149901,44.9470859],[34.1145187,44.9473088],[34.1141035,44.9475235],[34.1135878,44.9477811],[34.1131102,44.9480513],[34.11301,44.9481076]]},"id":"way/97694006"},{"type":"Feature","properties":{"@id":"way/97694007","highway":"secondary","name":"Студенческая улица","name:en":"Studencheskaya Street","name:ru":"Студенческая улица","name:uk":"Студентська вулиця","surface":"asphalt"},"geometry":{"type":"LineString","coordinates":[[34.11301,44.9481076],[34.1130925,44.9481854],[34.1133299,44.9483831],[34.1134061,44.948445],[34.1135952,44.9485962],[34.1137369,44.9487173],[34.1139356,44.9488757],[34.1139605,44.9489194],[34.1139675,44.9489577],[34.1139578,44.9489922],[34.1139392,44.9490151],[34.1139141,44.9490346],[34.1138673,44.9490559]]},"id":"way/97694007"},{"type":"Feature","properties":{"@id":"way/97695067","highway":"secondary","oneway":"yes","surface":"asphalt"},"geometry":{"type":"LineString","coordinates":[[34.1113136,44.9661259],[34.1114169,44.9660241],[34.1114801,44.9659227]]},"id":"way/97695067"},{"type":"Feature","properties":{"@id":"way/97695068","highway":"secondary","oneway":"yes","surface":"asphalt"},"geometry":{"type":"LineString","coordinates":[[34.1107685,44.9661893],[34.1109124,44.9662108],[34.1110589,44.9662008],[34.1112116,44.9661746]]},"id":"way/97695068"},{"type":"Feature","properties":{"@id":"way/97695069","highway":"secondary","oneway":"yes","surface":"asphalt"},"geometry":{"type":"LineString","coordinates":[[34.1114801,44.9659227],[34.1115469,44.9660329],[34.11161,44.9661456]]},"id":"way/97695069"},{"type":"Feature","properties":{"@id":"way/97695070","highway":"secondary","oneway":"yes","surface":"asphalt","trolley_wire":"yes"},"geometry":{"type":"LineString","coordinates":[[34.1115783,44.9667683],[34.1113199,44.9665392]]},"id":"way/97695070"},{"type":"Feature","properties":{"@id":"way/97695071","highway":"secondary","oneway":"yes","surface":"asphalt"},"geometry":{"type":"LineString","coordinates":[[34.1111174,44.9663301],[34.1110094,44.966305],[34.1107685,44.9661893]]},"id":"way/97695071"},{"type":"Feature","properties":{"@id":"way/97695072","highway":"secondary","name":"улица Куйбышева","name:en":"Kuybyshev Street","name:etymology:wikidata":"Q443703","name:ru":"улица Куйбышева","name:uk":"Куйбишева вулиця","surface":"asphalt","trolley_wire":"yes"},"geometry":{"type":"LineString","coordinates":[[34.1077322,44.9772841],[34.1078164,44.977263],[34.108182,44.9770077],[34.1082165,44.9769836],[34.1085788,44.9767307],[34.1090524,44.9763802],[34.1095208,44.9760336],[34.1095992,44.9759769],[34.1096609,44.97591],[34.1100081,44.9746905],[34.1100483,44.9745492],[34.1101652,44.9741418],[34.1103625,44.973454],[34.1105718,44.9726484],[34.1107729,44.9719426],[34.1108775,44.9715726],[34.1109727,44.9712652],[34.1110825,44.9708721],[34.1111011,44.9708054],[34.1111336,44.9706902],[34.1112356,44.9703192],[34.111288,44.970119],[34.1114367,44.9695516],[34.1114795,44.9694014],[34.1115266,44.9692357],[34.1115977,44.9690203],[34.1118069,44.9686142],[34.1118334,44.968532],[34.1118646,44.9684444],[34.1117323,44.9676943],[34.1116508,44.9672322],[34.1116274,44.9670827],[34.1116031,44.9669274],[34.1115783,44.9667683]]},"id":"way/97695072"},{"type":"Feature","properties":{"@id":"way/97802843","highway":"secondary","surface":"asphalt"},"geometry":{"type":"LineString","coordinates":[[34.1386147,44.924139],[34.1389484,44.9242043],[34.1396935,44.9243501],[34.1401863,44.9244466],[34.1403713,44.9245269],[34.140415,44.9245642],[34.1405318,44.9246641],[34.1405704,44.9246999]]},"id":"way/97802843"},{"type":"Feature","properties":{"@id":"way/97802844","highway":"tertiary","name":"Ялтинское шоссе","name:ru":"Ялтинское шоссе","name:uk":"Ялтинське шосе","oneway":"no","surface":"asphalt"},"geometry":{"type":"LineString","coordinates":[[34.1386287,44.9237971],[34.138727,44.923696],[34.1387724,44.9236342],[34.1388398,44.9235426],[34.1389637,44.923416],[34.1392051,44.923283],[34.1404376,44.9227124],[34.1410544,44.9224133],[34.1417733,44.9220647],[34.1429548,44.921512],[34.1434832,44.9212614],[34.1436598,44.9211857],[34.1438386,44.9211427],[34.1440412,44.9211446],[34.144599,44.9212766],[34.1448189,44.9213127],[34.1450223,44.9212997],[34.1452253,44.9212547],[34.1454037,44.9211845],[34.1456008,44.9210686],[34.145857,44.920836],[34.1460474,44.920666],[34.1462365,44.9204627],[34.1465155,44.9200801],[34.146549,44.9199519],[34.1465141,44.9198161],[34.1464794,44.9197565],[34.1460786,44.9190684],[34.1459927,44.9188775],[34.14589,44.9185321],[34.1458716,44.918304],[34.1459417,44.9179886],[34.1462459,44.9178264],[34.1465294,44.9176689],[34.1468907,44.9175658],[34.1481755,44.9172269],[34.1485762,44.9171212],[34.149025,44.916988],[34.1495302,44.9168174]]},"id":"way/97802844"},{"type":"Feature","properties":{"@id":"way/97803828","highway":"tertiary","name":"Промышленная улица","name:ru":"Промышленная улица","name:uk":"Промислова вулиця","surface":"asphalt"},"geometry":{"type":"LineString","coordinates":[[34.1384283,44.9184591],[34.1404905,44.9185364],[34.1417002,44.9186304],[34.1428044,44.9186963],[34.1428478,44.9186999],[34.1436328,44.918752],[34.144023,44.9187814],[34.1449604,44.9188593],[34.1450409,44.9188973],[34.1450451,44.9189018],[34.1450959,44.9189562],[34.1452714,44.9194162],[34.1453091,44.919515],[34.145467,44.9198938],[34.1456015,44.9202197],[34.145646,44.920337],[34.1457088,44.9205027],[34.145717,44.9206482],[34.1456953,44.9207591],[34.1456605,44.9208431],[34.1456102,44.9209247],[34.1456008,44.9210686]]},"id":"way/97803828"},{"type":"Feature","properties":{"@id":"way/97828126","highway":"tertiary","name":"улица Мате Залки","name:en":"Mate Zalky Street","name:ru":"улица Мате Залки","name:uk":"Мате Залки вулиця"},"geometry":{"type":"LineString","coordinates":[[34.1323789,44.9478973],[34.1317493,44.9483152],[34.1315952,44.948419],[34.1312195,44.9486798],[34.131067,44.9488069],[34.1309553,44.9489114],[34.1308228,44.9490639],[34.1307454,44.9491777],[34.1305027,44.9495288],[34.1303891,44.9497541],[34.1301826,44.9501482],[34.1299777,44.9505554],[34.1294912,44.9514959],[34.1294621,44.9515467]]},"id":"way/97828126"},{"type":"Feature","properties":{"@id":"way/97829734","highway":"secondary","oneway":"yes","surface":"asphalt"},"geometry":{"type":"LineString","coordinates":[[34.1261339,44.9654467],[34.126397,44.9653887]]},"id":"way/97829734"},{"type":"Feature","properties":{"@id":"way/97829737","highway":"secondary","name":"Луговая улица","name:en":"Lugovaya Street","surface":"asphalt"},"geometry":{"type":"LineString","coordinates":[[34.126397,44.9653887],[34.1263864,44.9652791],[34.1263748,44.9652028],[34.1263221,44.9650392],[34.1263137,44.9649222],[34.1262985,44.9647887],[34.1263195,44.9646915],[34.1263634,44.9646222],[34.1264012,44.9645811],[34.1264627,44.9645532],[34.1265475,44.9645337],[34.1266789,44.9645137],[34.1271511,44.9644869],[34.1278438,44.9644441],[34.1292716,44.9643706],[34.1301397,44.9643133],[34.1303136,44.9642919],[34.1304649,44.9642641],[34.1306038,44.9642289],[34.1307225,44.96419],[34.1317827,44.9638167],[34.1323391,44.9636208],[34.1332768,44.963292],[34.1337321,44.9631583],[34.1340194,44.9631331],[34.1344618,44.9629278],[34.1354228,44.9624819],[34.1357041,44.962343],[34.1366355,44.9618973],[34.1377501,44.9613566],[34.1378888,44.9612893],[34.1379283,44.9612661],[34.1382469,44.9610786],[34.1386592,44.9608359],[34.1387234,44.9607969],[34.1398661,44.9601029],[34.1400631,44.9599833],[34.1402735,44.9598555],[34.141053,44.9595188],[34.1413418,44.9593941],[34.1420238,44.9591197]]},"id":"way/97829737"},{"type":"Feature","properties":{"@id":"way/97837393","bridge":"yes","highway":"primary","lanes":"2","layer":"2","oneway":"yes","surface":"asphalt","trolley_wire":"yes"},"geometry":{"type":"LineString","coordinates":[[34.1254541,44.964985],[34.1252505,44.9647863]]},"id":"way/97837393"},{"type":"Feature","properties":{"@id":"way/97837395","abutters":"residential","highway":"primary","lanes":"2","maxspeed":"60","name":"проспект Победы","name:en":"Pobedy Avenue","name:etymology:wikidata":"Q270706","name:ru":"проспект Победы","oneway":"yes","surface":"asphalt","trolley_wire":"yes"},"geometry":{"type":"LineString","coordinates":[[34.1252505,44.9647863],[34.1246272,44.9642163],[34.1242831,44.9639481],[34.1239946,44.9637441],[34.1233927,44.9634051],[34.1229144,44.9631914],[34.1225649,44.9630476]]},"id":"way/97837395"},{"type":"Feature","properties":{"@id":"way/97837396","abutters":"residential","highway":"primary","lanes":"2","maxspeed":"60","name":"проспект Победы","name:en":"Pobedy Avenue","name:etymology:wikidata":"Q270706","name:ru":"проспект Победы","oneway":"yes","surface":"asphalt","trolley_wire":"yes"},"geometry":{"type":"LineString","coordinates":[[34.1255984,44.9649148],[34.1260517,44.9653762],[34.1261339,44.9654467],[34.1263708,44.96567],[34.1265295,44.9658435],[34.1266964,44.965998],[34.1268602,44.9661968],[34.1270006,44.9663914],[34.1272045,44.9666997],[34.1272706,44.9667932],[34.1273905,44.9669444],[34.1275244,44.9670965],[34.1277384,44.9673157],[34.1278969,44.9674576],[34.1280554,44.9675905],[34.1285334,44.9680076],[34.1289572,44.9683736],[34.1291494,44.9685345],[34.129735,44.9690248],[34.1311358,44.9701305],[34.1319078,44.9707808],[34.1321369,44.9709738],[34.1321483,44.9709837],[34.1323682,44.9711738]]},"id":"way/97837396"},{"type":"Feature","properties":{"@id":"way/97837397","bridge":"yes","highway":"primary","lanes":"2","layer":"2","oneway":"yes","surface":"asphalt","trolley_wire":"yes"},"geometry":{"type":"LineString","coordinates":[[34.1253858,44.9647069],[34.1255984,44.9649148]]},"id":"way/97837397"},{"type":"Feature","properties":{"@id":"way/97845787","highway":"secondary","name":"Кубанский переулок","name:uk":"Кубанський провулок","oneway":"no","postal_code":"295022","surface":"asphalt","trolley_wire":"no"},"geometry":{"type":"LineString","coordinates":[[34.1559233,44.9749627],[34.1556829,44.9747681],[34.1556486,44.9747403],[34.1550488,44.9742546],[34.154763,44.9740344],[34.1543527,44.9737183],[34.1534228,44.9730186],[34.1530728,44.9727389],[34.152512,44.9722906],[34.1522051,44.9720453]]},"id":"way/97845787"},{"type":"Feature","properties":{"@id":"way/97847374","highway":"secondary","lanes":"2","name":"Озимая улица","name:ru":"Озимая улица","name:uk":"Озима вулиця","surface":"asphalt","trolley_wire":"no"},"geometry":{"type":"LineString","coordinates":[[34.1673982,44.9863976],[34.1675322,44.9863757],[34.1676772,44.9863819],[34.1678284,44.986417],[34.168057,44.9864939],[34.1685922,44.9866836],[34.1689148,44.986798],[34.1694063,44.9870118],[34.1696239,44.9871156],[34.170315,44.987508],[34.1704515,44.9875631]]},"id":"way/97847374"},{"type":"Feature","properties":{"@id":"way/97847375","highway":"tertiary"},"geometry":{"type":"LineString","coordinates":[[34.1673982,44.9863976],[34.167447,44.9862965],[34.1675163,44.9861124],[34.1675592,44.9859903],[34.1676146,44.9858791],[34.1676946,44.9858102],[34.1678635,44.9857005],[34.1680666,44.9855779],[34.1682416,44.9855093],[34.168345,44.9854786],[34.1684727,44.9854517],[34.1686852,44.985429],[34.1690397,44.9853774]]},"id":"way/97847375"},{"type":"Feature","properties":{"@id":"way/97929729","highway":"secondary","lanes":"2","surface":"asphalt","trolley_wire":"no"},"geometry":{"type":"LineString","coordinates":[[34.1704515,44.9875631],[34.1707368,44.9872291],[34.1708395,44.9871123],[34.1709289,44.9870106],[34.1710034,44.9869257],[34.1711951,44.986707],[34.1712491,44.9866571],[34.1713341,44.9866049]]},"id":"way/97929729"},{"type":"Feature","properties":{"@id":"way/97929743","highway":"secondary"},"geometry":{"type":"LineString","coordinates":[[34.1656395,44.9879325],[34.1648054,44.9885635],[34.164104,44.9891297],[34.1633284,44.9897684],[34.1625977,44.9903021],[34.1619386,44.9909254]]},"id":"way/97929743"},{"type":"Feature","properties":{"@id":"way/97929876","highway":"tertiary","source":"Bing"},"geometry":{"type":"LineString","coordinates":[[34.1798034,44.9848487],[34.1792468,44.9844684],[34.1787513,44.984095],[34.178235,44.9837182],[34.1777642,44.9833659],[34.1772566,44.9829915],[34.1767731,44.9826217],[34.1762668,44.9822532],[34.1758056,44.981911],[34.1753228,44.9815558]]},"id":"way/97929876"},{"type":"Feature","properties":{"@id":"way/98008659","highway":"tertiary","name":"Ковыльная улица","name:en":"Kovylnaya Street","name:ru":"Ковыльная улица","name:uk":"Ковилева вулиця","surface":"asphalt"},"geometry":{"type":"LineString","coordinates":[[34.1242233,44.9786049],[34.1245951,44.9788064],[34.125847,44.9794582],[34.1260558,44.9795798],[34.1268701,44.9802581],[34.1270112,44.9803683],[34.1280506,44.9811675],[34.1283078,44.9813283],[34.1283611,44.9813661],[34.1287795,44.9815893],[34.1293873,44.9819134],[34.1305871,44.9827674],[34.1307339,44.9828346],[34.1308376,44.9828688]]},"id":"way/98008659"},{"type":"Feature","properties":{"@id":"way/99296140","highway":"secondary","junction":"roundabout","layer":"1","oneway":"yes","surface":"asphalt"},"geometry":{"type":"LineString","coordinates":[[34.0860498,44.9461684],[34.0860273,44.9462149],[34.0859869,44.946255],[34.0859115,44.9462921],[34.085838,44.9463057],[34.0857763,44.9463098],[34.0856964,44.9462978]]},"id":"way/99296140"},{"type":"Feature","properties":{"@id":"way/100353940","highway":"secondary","name":"улица Беспалова","name:en":"Bespalova Street","surface":"asphalt"},"geometry":{"type":"LineString","coordinates":[[34.1364348,44.9037778],[34.1370697,44.9057109],[34.1376485,44.9074236],[34.1378451,44.9080435],[34.1383045,44.909398],[34.1387966,44.910849],[34.1389415,44.9113397],[34.1390496,44.9118613],[34.1391096,44.9122165],[34.1391235,44.91285],[34.1391289,44.9131334],[34.139068,44.9137948],[34.1390038,44.9142113],[34.1388955,44.9150074],[34.1387698,44.915899],[34.1386679,44.9166515],[34.1385012,44.9178498],[34.1384283,44.9184591],[34.1383716,44.9190445],[34.1383003,44.9196257],[34.1382338,44.9200463],[34.1381635,44.9205023],[34.1380356,44.9214474],[34.1379783,44.9217894],[34.1378996,44.922258],[34.1378769,44.9224316],[34.1378854,44.9225681],[34.1379198,44.9227013],[34.1379999,44.9228388],[34.1381479,44.9230603],[34.1385331,44.9236506],[34.1386287,44.9237971],[34.1386379,44.9238923],[34.1386343,44.9239851],[34.1386147,44.924139]]},"id":"way/100353940"},{"type":"Feature","properties":{"@id":"way/100463261","highway":"secondary","name":"улица Беспалова","name:en":"Bespalova Street","name:ru":"улица Беспалова","name:uk":"Беспалова вулиця","surface":"asphalt"},"geometry":{"type":"LineString","coordinates":[[34.1386147,44.924139],[34.1385973,44.9246083],[34.1385961,44.9247082],[34.1385646,44.9249357],[34.138523,44.9250755],[34.1384891,44.9251657],[34.1383639,44.925391],[34.1382285,44.9256576]]},"id":"way/100463261"},{"type":"Feature","properties":{"@id":"way/107269782","abutters":"residential","highway":"primary","lanes":"3","maxspeed":"60","name":"проспект Победы","name:en":"Pobedy Avenue","name:etymology:wikidata":"Q270706","name:ru":"проспект Победы","oneway":"yes","surface":"asphalt","trolley_wire":"yes"},"geometry":{"type":"LineString","coordinates":[[34.1174097,44.9612192],[34.1188076,44.9616657],[34.1188913,44.9616911],[34.1202994,44.9621384],[34.1205132,44.9622024],[34.1211915,44.9624208],[34.121985,44.9626695],[34.1220942,44.9627037],[34.1226553,44.9628792]]},"id":"way/107269782"},{"type":"Feature","properties":{"@id":"way/107297929","highway":"tertiary","name":"Битакская улица","name:en":"Bitakskaya Street","name:ru":"Битакская улица","name:uk":"Бітакська вулиця","old_name":"улица Ворошилова","oneway":"no","surface":"asphalt"},"geometry":{"type":"LineString","coordinates":[[34.1255946,44.953665],[34.125456,44.9536751],[34.1245803,44.9537284],[34.1238171,44.9537787],[34.1234072,44.953935],[34.1227368,44.9541934],[34.1222251,44.9543907],[34.1212109,44.9547864],[34.120887,44.9549124],[34.1203221,44.9551575],[34.1194912,44.9554716],[34.1192651,44.955575],[34.1190486,44.9556893],[34.1190058,44.9557153],[34.1182162,44.9561959],[34.1178923,44.9563894],[34.1178083,44.9564395]]},"id":"way/107297929"},{"type":"Feature","properties":{"@id":"way/109278901","abutters":"residential","highway":"secondary","maxspeed":"60","name":"улица Гоголя","name:en":"Gogol Street","name:etymology:wikidata":"Q43718","name:ru":"улица Гоголя","name:uk":"Гоголя вулиця","oneway":"yes","surface":"asphalt"},"geometry":{"type":"LineString","coordinates":[[34.0882568,44.9532808],[34.085798,44.9547327],[34.0853389,44.9550038],[34.0840849,44.9556809],[34.0831696,44.9562184],[34.0818928,44.9569406]]},"id":"way/109278901"},{"type":"Feature","properties":{"@id":"way/125653092","highway":"secondary","lit":"yes","maxspeed":"RU:urban","name":"Караимская улица","name:en":"Karaimskaya Street","name:ru":"Караимская улица","name:uk":"Караїмська вулиця","surface":"asphalt"},"geometry":{"type":"LineString","coordinates":[[34.0977639,44.9408063],[34.0980047,44.9409723]]},"id":"way/125653092"},{"type":"Feature","properties":{"@id":"way/125653098","highway":"secondary","maxspeed":"40","name":"Караимская улица","name:en":"Karaimskaya Street","name:ru":"Караимская улица","name:uk":"Караїмська вулиця","surface":"asphalt"},"geometry":{"type":"LineString","coordinates":[[34.0980047,44.9409723],[34.0986106,44.9414034],[34.098711,44.9414749]]},"id":"way/125653098"},{"type":"Feature","properties":{"@id":"way/125654084","abutters":"residential","highway":"secondary","maxspeed":"60","name":"Караимская улица","name:en":"Karaimskaya Street","name:ru":"Караимская улица","name:uk":"Караїмська вулиця","surface":"asphalt"},"geometry":{"type":"LineString","coordinates":[[34.1009846,44.9433566],[34.1011004,44.9434674],[34.101616,44.9439605],[34.1017578,44.9440997],[34.1023757,44.9447064],[34.1024187,44.9447486]]},"id":"way/125654084"},{"type":"Feature","properties":{"@id":"way/125656571","highway":"secondary","lit":"yes","maxspeed":"RU:urban","name":"Караимская улица","name:en":"Karaimskaya Street","name:ru":"Караимская улица","name:uk":"Караїмська вулиця","surface":"asphalt"},"geometry":{"type":"LineString","coordinates":[[34.0991501,44.9417873],[34.0993845,44.9419674],[34.0994699,44.942033],[34.0998265,44.9423337],[34.100262,44.9427011],[34.1005824,44.9429871]]},"id":"way/125656571"},{"type":"Feature","properties":{"@id":"way/125755697","abutters":"residential","highway":"secondary","lanes":"2","lit":"yes","maxspeed":"60","name":"улица Павленко","name:en":"Pavlenko Street","name:ru":"улица Павленко","name:uk":"Павленка вулиця","surface":"asphalt"},"geometry":{"type":"LineString","coordinates":[[34.088698,44.9576422],[34.0885904,44.9575724],[34.0883111,44.9573544],[34.0877173,44.9569165]]},"id":"way/125755697"},{"type":"Feature","properties":{"@id":"way/125759859","highway":"secondary","lanes":"2","maxspeed":"RU:urban","name":"улица Гоголя","name:en":"Gogol street","name:etymology:wikidata":"Q43718","name:ru":"улица Гоголя","name:uk":"Гоголя вулиця","oneway":"yes","surface":"asphalt"},"geometry":{"type":"LineString","coordinates":[[34.0980739,44.9473183],[34.0979837,44.947373],[34.0958741,44.9486523]]},"id":"way/125759859"},{"type":"Feature","properties":{"@id":"way/125759860","abutters":"residential","highway":"primary","lanes":"4","maxspeed":"60","name":"проспект Кирова","name:en":"Kirov Avenue","name:ru":"проспект Кирова","name:uk":"Кірова проспект","oneway":"yes","oneway:bus":"no","oneway:psv":"no","surface":"asphalt","trolley_wire":"yes"},"geometry":{"type":"LineString","coordinates":[[34.0966028,44.9461406],[34.0965288,44.9460842],[34.0961869,44.9458234],[34.0958638,44.9455768],[34.0951152,44.9450056]]},"id":"way/125759860"},{"type":"Feature","properties":{"@id":"way/125759861","abutters":"residential","highway":"primary","lanes":"4","maxspeed":"60","name":"проспект Кирова","name:en":"Kirov Avenue","name:ru":"проспект Кирова","name:uk":"Кірова проспект","oneway":"yes","oneway:bus":"no","oneway:psv":"no","surface":"asphalt","trolley_wire":"yes"},"geometry":{"type":"LineString","coordinates":[[34.0996707,44.9485605],[34.0992167,44.9481871],[34.0988288,44.947868],[34.0985637,44.9476746],[34.0981782,44.9473942],[34.0980739,44.9473183]]},"id":"way/125759861"},{"type":"Feature","properties":{"@id":"way/125759862","highway":"secondary","maxspeed":"RU:urban","name":"улица Чехова","name:en":"Chekhov Street","name:etymology:wikidata":"Q5685","name:ru":"улица Чехова","name:uk":"Чехова вулиця","oneway":"yes","surface":"asphalt"},"geometry":{"type":"LineString","coordinates":[[34.1023461,44.9447978],[34.1021919,44.9449025],[34.1020189,44.9450136],[34.1009381,44.9456795],[34.1008867,44.9457112],[34.1008448,44.945735],[34.1002547,44.9460699],[34.1000707,44.9461757],[34.099783,44.9463483],[34.0997472,44.9463698],[34.099633,44.9464383]]},"id":"way/125759862"},{"type":"Feature","properties":{"@id":"way/125760321","highway":"secondary","lanes":"2","name":"улица Крылова","name:en":"Krylova Street","name:ru":"улица Крылова","name:uk":"Крилова вулиця","oneway":"yes","surface":"asphalt"},"geometry":{"type":"LineString","coordinates":[[34.098712,44.9447848],[34.0988465,44.944673],[34.0992492,44.9444204],[34.0995122,44.9442556],[34.0997992,44.9440758],[34.0999968,44.943952],[34.100231,44.9438098],[34.1007407,44.9435004],[34.100824,44.9434513]]},"id":"way/125760321"},{"type":"Feature","properties":{"@id":"way/125760322","highway":"secondary","name":"улица Самокиша","name:en":"Samokish Street","name:ru":"улица Самокиша","name:uk":"Самокіша вулиця","oneway":"yes"},"geometry":{"type":"LineString","coordinates":[[34.0923466,44.9488781],[34.0934937,44.9481448],[34.0937673,44.9479699],[34.0945136,44.9474928]]},"id":"way/125760322"},{"type":"Feature","properties":{"@id":"way/125772291","highway":"secondary","name":"Полевая улица","name:ru":"Полевая улица","name:uk":"Польова вулиця","surface":"asphalt"},"geometry":{"type":"LineString","coordinates":[[34.190558,44.9417198],[34.1891349,44.9420995],[34.188744,44.9422042],[34.1884665,44.9422785],[34.1882753,44.9423297],[34.1872196,44.9425518],[34.1866984,44.9426814],[34.1857015,44.9429293],[34.1851458,44.9430403],[34.1848427,44.9431009],[34.1839358,44.943275],[34.1833293,44.9433724],[34.1830534,44.9434238],[34.1822112,44.943538],[34.1820127,44.9435608],[34.1813066,44.9436234]]},"id":"way/125772291"},{"type":"Feature","properties":{"@id":"way/125772297","highway":"secondary","surface":"asphalt"},"geometry":{"type":"LineString","coordinates":[[34.1675834,44.9461089],[34.1669953,44.9465578],[34.1664789,44.9467888],[34.1657198,44.9470428],[34.1653976,44.9471506],[34.1652794,44.9471869],[34.1646607,44.9473771],[34.1644461,44.9474431],[34.1639414,44.9475982],[34.1625402,44.9480289],[34.1614957,44.9483444],[34.1605677,44.9486247],[34.1603,44.9487242],[34.1596815,44.948954],[34.1592289,44.9491405],[34.1589615,44.9492521],[34.1583221,44.9495246],[34.1581445,44.9496017],[34.1569991,44.9500989],[34.1559761,44.9505382],[34.1559338,44.9505606],[34.1556398,44.9507161],[34.1549772,44.9510976],[34.1540319,44.9517251],[34.1540219,44.9517325],[34.1537976,44.9518981],[34.1537465,44.9519398],[34.1535715,44.9520826],[34.1531205,44.9524899],[34.1530347,44.9525586],[34.1528969,44.9526549],[34.152637,44.9528413]]},"id":"way/125772297"},{"type":"Feature","properties":{"@id":"way/125910532","abutters":"residential","highway":"primary","maxspeed":"60","name":"Виноградная улица","name:uk":"Виноградна вулиця","old_ref":"Т-01-06","ref":"35К-011;Т-01-06","surface":"asphalt"},"geometry":{"type":"LineString","coordinates":[[34.0222202,44.9333825],[34.022518,44.93349],[34.0232676,44.9337608],[34.0237654,44.9339402],[34.0249557,44.934363],[34.0260606,44.9347488],[34.0269704,44.9350784],[34.0278599,44.9353898],[34.0279697,44.9354345],[34.0282361,44.9355335],[34.0291424,44.9358667],[34.0299694,44.9361399],[34.0306395,44.936319],[34.0311861,44.9364245]]},"id":"way/125910532"},{"type":"Feature","properties":{"@id":"way/126510543","highway":"tertiary","name":"улица Менделеева","name:en":"Mendelieieva Street","name:etymology:wikidata":"Q9106","name:ru":"улица Менделеева","name:uk":"Менделєєва вулиця","surface":"asphalt"},"geometry":{"type":"LineString","coordinates":[[34.1001965,44.9556063],[34.1000671,44.9556111],[34.0998878,44.9556178],[34.0993112,44.9556392],[34.0992018,44.9556433],[34.0991241,44.9556462],[34.0990845,44.9556476]]},"id":"way/126510543"},{"type":"Feature","properties":{"@id":"way/126517512","abutters":"residential","highway":"tertiary","maxspeed":"60","name":"улица Маршала Жукова","name:en":"Marshala Zhukova Street","name:ru":"улица Маршала Жукова","name:uk":"Маршала Жукова вулиця","surface":"asphalt","trolley_wire":"no"},"geometry":{"type":"LineString","coordinates":[[34.049855,44.9423328],[34.0499333,44.9423926],[34.0499412,44.9423984],[34.0500418,44.9424722],[34.0503711,44.9427177],[34.0507888,44.9430367],[34.051157,44.9433141],[34.0512278,44.9433675],[34.0518228,44.9438065],[34.05184,44.9438192],[34.0524192,44.9442447],[34.053579,44.9451055],[34.0540775,44.945492],[34.0541468,44.9455433]]},"id":"way/126517512"},{"type":"Feature","properties":{"@id":"way/126517513","highway":"tertiary","surface":"asphalt","trolley_wire":"no","width":"4"},"geometry":{"type":"LineString","coordinates":[[34.0495536,44.9422116],[34.049763,44.9422888]]},"id":"way/126517513"},{"type":"Feature","properties":{"@id":"way/126523210","highway":"tertiary","name":"Евпаторийский переулок","name:ru":"Евпаторийский переулок","name:uk":"Євпаторійський провулок"},"geometry":{"type":"LineString","coordinates":[[34.0810623,44.9662011],[34.0812119,44.9662364],[34.0815116,44.9663117],[34.0821268,44.9664663],[34.0822537,44.9664982]]},"id":"way/126523210"},{"type":"Feature","properties":{"@id":"way/127622859","highway":"primary","int_ref":"E 105","lanes":"2","loc_name":"Объездная дорога","maxspeed":"60","oneway":"yes","ref":"35К-023","surface":"asphalt"},"geometry":{"type":"LineString","coordinates":[[34.1369238,44.9743042],[34.137164,44.9739601],[34.1377971,44.9730362],[34.1381571,44.9725002],[34.1383934,44.9721672],[34.1388881,44.9714011],[34.138972,44.9712749],[34.1392038,44.9708653],[34.1393698,44.970549],[34.1394364,44.9703825],[34.1394818,44.9702574],[34.1395401,44.9700966],[34.1395911,44.9698424],[34.1396351,44.9694043],[34.1396753,44.9690045],[34.1396905,44.9686167],[34.139693,44.9685518],[34.1397032,44.9682974],[34.1397142,44.9680277],[34.1397499,44.9677291],[34.1397736,44.9675932],[34.139789,44.9675047],[34.1398557,44.9672774],[34.1399503,44.9670001],[34.1399532,44.9669915],[34.1401608,44.9666224],[34.1404086,44.9663437],[34.140758,44.966016],[34.1411308,44.9656945],[34.1412538,44.9655959],[34.1413522,44.9655164],[34.141598,44.965298],[34.1419942,44.9649581],[34.142211,44.9647707],[34.1424304,44.9645783],[34.1429719,44.9640754],[34.1431285,44.9638857],[34.1431964,44.963794],[34.143331,44.96359],[34.1435337,44.9632434],[34.1437643,44.9628206],[34.1440432,44.9624144]]},"id":"way/127622859"},{"type":"Feature","properties":{"@id":"way/127622860","highway":"primary","int_ref":"E 105","lanes":"2","maxspeed":"90","oneway":"yes","ref":"35К-023","surface":"asphalt"},"geometry":{"type":"LineString","coordinates":[[34.1270419,44.9861927],[34.1264668,44.9863622],[34.1257147,44.9865334],[34.124948,44.9867135],[34.123064,44.9871562],[34.1199655,44.9878878],[34.1197443,44.9879385],[34.1189168,44.9881338],[34.1146984,44.9891298],[34.113051,44.9895049],[34.112153,44.9896812],[34.1117076,44.9897284],[34.111337,44.9897628],[34.1107009,44.9897855],[34.1100172,44.9897981],[34.1078336,44.9897254],[34.1075378,44.9897156],[34.1072053,44.989709],[34.1069317,44.9897045],[34.1050926,44.9896372],[34.1010993,44.9894925],[34.1006138,44.9894713],[34.099765,44.9894398],[34.0997068,44.9894376],[34.0985864,44.9893959],[34.0978151,44.9893672],[34.0970224,44.9893378],[34.0965284,44.9893194],[34.0921713,44.9891578],[34.0916991,44.9891473],[34.0913181,44.9891525],[34.0904992,44.9891853],[34.090213,44.9891871],[34.0900045,44.9891825]]},"id":"way/127622860"},{"type":"Feature","properties":{"@id":"way/127622862","highway":"primary","int_ref":"E 105","lanes":"3","lanes:backward":"1","lanes:forward":"2","loc_name":"Объездная дорога","maxspeed":"60","ref":"35К-023","surface":"asphalt"},"geometry":{"type":"LineString","coordinates":[[34.1428801,44.9418544],[34.1426763,44.9417333],[34.1422343,44.9414705]]},"id":"way/127622862"},{"type":"Feature","properties":{"@id":"way/127847375","highway":"primary","lanes":"2","maxspeed":"60","old_ref":"Т-01-06","ref":"35К-011;Т-01-06","surface":"asphalt"},"geometry":{"type":"LineString","coordinates":[[34.0311861,44.9364245],[34.0318213,44.9365123],[34.0327019,44.9365847]]},"id":"way/127847375"},{"type":"Feature","properties":{"@id":"way/127854308","highway":"primary","lanes":"3","maxspeed":"60","name":"Севастопольская улица","name:en":"Sevastopolskaya Street","name:ru":"Севастопольская улица","name:uk":"Севастопольська вулиця","oneway":"yes","surface":"asphalt"},"geometry":{"type":"LineString","coordinates":[[34.1003025,44.947499],[34.1007396,44.9478557],[34.100827,44.9479302],[34.1019852,44.948873]]},"id":"way/127854308"},{"type":"Feature","properties":{"@id":"way/127854309","highway":"primary","lanes":"3","maxspeed":"60","name":"Севастопольская улица","name:en":"Sevastopolskaya Street","name:ru":"Севастопольская улица","name:uk":"Севастопольська вулиця","note":"если верить яндекс панорамам, этот кусок Севастопольской улицы двухсторонний! Видимо, для удобства выезда от здания правительства","surface":"asphalt"},"geometry":{"type":"LineString","coordinates":[[34.099633,44.9464383],[34.0997136,44.946568],[34.0998919,44.9468552],[34.100103,44.9472555],[34.1002205,44.9474068],[34.1003025,44.947499]]},"id":"way/127854309"},{"type":"Feature","properties":{"@id":"way/129285922","est_width":"4","highway":"secondary","name":"Тепличная улица","name:en":"Teplichnaya Street","name:ru":"Тепличная улица","name:uk":"Теплична вулиця","surface":"asphalt"},"geometry":{"type":"LineString","coordinates":[[34.1436251,44.9611343],[34.1434736,44.9610148],[34.1432845,44.9608402],[34.142932,44.9604687],[34.1425992,44.9600165],[34.1422706,44.9595277],[34.1420238,44.9591197]]},"id":"way/129285922"},{"type":"Feature","properties":{"@id":"way/129735548","highway":"secondary","lanes":"4","name":"Элеваторный переулок","name:en":"Elevatornyi Lane","name:ru":"Элеваторный переулок","name:uk":"Елеваторний провулок","surface":"asphalt"},"geometry":{"type":"LineString","coordinates":[[34.0684793,44.9399936],[34.0688464,44.9402593],[34.0691747,44.9404888],[34.0693131,44.9405945],[34.0695716,44.94078],[34.0702315,44.9412535]]},"id":"way/129735548"},{"type":"Feature","properties":{"@id":"way/129743641","abutters":"residential","highway":"secondary","maxspeed":"60","name":"улица Козлова","name:en":"Kozlova Street","name:ru":"улица Козлова","name:uk":"Козлова вулиця","surface":"asphalt","trolley_wire":"yes"},"geometry":{"type":"LineString","coordinates":[[34.0971484,44.9403819],[34.0970348,44.9404942],[34.0965676,44.9409559]]},"id":"way/129743641"},{"type":"Feature","properties":{"@id":"way/129743650","abutters":"residential","highway":"secondary","maxspeed":"60","name":"улица Ленина","name:en":"Lenin Street","name:etymology:wikidata":"Q1394","name:ru":"улица Ленина","name:uk":"Леніна вулиця","surface":"asphalt"},"geometry":{"type":"LineString","coordinates":[[34.1067395,44.9508982],[34.1069469,44.9508203],[34.107951,44.9505888],[34.1089857,44.9503415]]},"id":"way/129743650"},{"type":"Feature","properties":{"@id":"way/130226577","abutters":"residential","highway":"secondary","maxspeed":"60","name":"Новониколаевская улица","name:ru":"Новониколаевская улица","name:uk":"Новомиколаївська вулиця","oneway":"yes","surface":"asphalt","trolley_wire":"no"},"geometry":{"type":"LineString","coordinates":[[34.0660732,44.9384323],[34.0698899,44.9381883]]},"id":"way/130226577"},{"type":"Feature","properties":{"@id":"way/131065260","highway":"secondary","oneway":"yes","surface":"asphalt"},"geometry":{"type":"LineString","coordinates":[[34.0875695,44.9823555],[34.0875081,44.9822788],[34.0874501,44.9822422],[34.0874018,44.982233],[34.0873441,44.9822214],[34.0872121,44.9822134]]},"id":"way/131065260"},{"type":"Feature","properties":{"@id":"way/132128827","highway":"primary","lanes":"3","maxspeed":"RU:urban","old_ref":"Н-05","oneway":"yes","ref":"35К-001","surface":"asphalt","trolley_wire":"yes"},"geometry":{"type":"LineString","coordinates":[[34.0573175,44.9962333],[34.0587548,44.9951694],[34.0594039,44.9947112],[34.0607249,44.993761],[34.0616666,44.9930776],[34.0620285,44.992815],[34.0641368,44.9913047],[34.0655546,44.9902772],[34.0656384,44.9902263],[34.066226,44.9898062],[34.0667246,44.9894498],[34.0674813,44.9889022],[34.0681234,44.9884643],[34.0691671,44.9877047],[34.069468,44.9874957],[34.0704462,44.9868161],[34.070912,44.9864828],[34.0716552,44.9859429],[34.0717633,44.9858558]]},"id":"way/132128827"},{"type":"Feature","properties":{"@id":"way/160005331","highway":"primary","int_ref":"E 105","lanes":"2","maxspeed":"RU:rural","oneway":"yes","ref":"35А-002;М-18","surface":"asphalt","trolley_wire":"no"},"geometry":{"type":"LineString","coordinates":[[34.079044,44.9894698],[34.0783606,44.9899971],[34.0775368,44.9905653],[34.0773043,44.9907574],[34.0769817,44.991016],[34.0767538,44.9911763],[34.0762834,44.9915837],[34.0719325,44.9953519]]},"id":"way/160005331"},{"type":"Feature","properties":{"@id":"way/160005333","highway":"primary","lanes":"3","oneway":"yes","surface":"asphalt","trolley_wire":"no"},"geometry":{"type":"LineString","coordinates":[[34.0817731,44.9867991],[34.0827089,44.9860107]]},"id":"way/160005333"},{"type":"Feature","properties":{"@id":"way/160005334","embankment":"yes","highway":"primary","int_ref":"E 105","lanes":"2","maxspeed":"RU:urban","oneway":"yes","ref":"35А-002;М-18","surface":"asphalt"},"geometry":{"type":"LineString","coordinates":[[34.0809681,44.9867143],[34.0811501,44.9867761]]},"id":"way/160005334"},{"type":"Feature","properties":{"@id":"way/174962291","abutters":"residential","highway":"secondary","lanes":"2","maxspeed":"60","oneway":"yes","surface":"asphalt"},"geometry":{"type":"LineString","coordinates":[[34.0347984,44.936724],[34.0345717,44.9367293],[34.0343837,44.9367444],[34.0342429,44.9367701],[34.034102,44.9368217]]},"id":"way/174962291"},{"type":"Feature","properties":{"@id":"way/183054037","embankment":"yes","highway":"primary","lanes":"4","maxspeed":"60","old_ref":"Т-01-01","ref":"35К-007;Т-01-01","smoothness":"excellent","source":"Bing","surface":"asphalt"},"geometry":{"type":"LineString","coordinates":[[34.0342106,44.9414198],[34.0340913,44.9411585],[34.0340088,44.9409238],[34.0339263,44.9406329],[34.0338894,44.9404524],[34.0338716,44.9403068],[34.0338485,44.9401732],[34.0338368,44.9400541]]},"id":"way/183054037"},{"type":"Feature","properties":{"@id":"way/183987750","abutters":"residential","highway":"primary","maxspeed":"60","motor_vehicle":"no","name":"проспект Кирова","name:en":"Kirov Avenue","name:ru":"проспект Кирова","name:uk":"Кірова проспект","oneway":"yes","oneway:psv":"yes","surface":"asphalt","trolley_wire":"yes"},"geometry":{"type":"LineString","coordinates":[[34.0946676,44.9444036],[34.0947552,44.9446721]]},"id":"way/183987750"},{"type":"Feature","properties":{"@id":"way/183988490","abutters":"residential","highway":"primary","maxspeed":"60","name":"улица Козлова","name:en":"Kozlova Street","name:ru":"улица Козлова","name:uk":"Козлова вулиця","oneway":"yes","parking:lane:right":"perpendicular","surface":"asphalt","trolley_wire":"yes"},"geometry":{"type":"LineString","coordinates":[[34.0951345,44.9426373],[34.0950387,44.9430927],[34.0948111,44.943895]]},"id":"way/183988490"},{"type":"Feature","properties":{"@id":"way/183988491","abutters":"residential","highway":"primary_link","oneway":"yes","surface":"asphalt"},"geometry":{"type":"LineString","coordinates":[[34.0948027,44.9430091],[34.0948738,44.9430063],[34.094942,44.9430208],[34.0949992,44.9430507],[34.0950387,44.9430927]]},"id":"way/183988491"},{"type":"Feature","properties":{"@id":"way/184808331","abutters":"residential","highway":"secondary","maxspeed":"60","name":"Пионерский переулок","name:ru":"Пионерский переулок","name:uk":"Піонерський провулок","parking:lane:right":"diagonal","surface":"asphalt"},"geometry":{"type":"LineString","coordinates":[[34.0923961,44.94577],[34.0932152,44.9451476]]},"id":"way/184808331"},{"type":"Feature","properties":{"@id":"way/184808334","abutters":"residential","highway":"primary","maxspeed":"60","oneway":"yes","surface":"asphalt","trolley_wire":"yes"},"geometry":{"type":"LineString","coordinates":[[34.0948111,44.943895],[34.0947901,44.9439725],[34.0947377,44.9441661]]},"id":"way/184808334"},{"type":"Feature","properties":{"@id":"way/189085244","highway":"primary","int_ref":"E 105","lanes":"4","loc_name":"Объездная дорога","maxspeed":"90","ref":"35К-023","surface":"asphalt"},"geometry":{"type":"LineString","coordinates":[[34.1378538,44.9388579],[34.1377979,44.9388242],[34.1377333,44.9387838],[34.1375926,44.9386957],[34.1373546,44.9385365],[34.1373192,44.9385067],[34.1372144,44.9384185],[34.1371134,44.9383307],[34.1370828,44.9382981],[34.1369507,44.9381573],[34.1368175,44.9379913],[34.1366955,44.9377933],[34.1366217,44.9376173],[34.1365762,44.9374939],[34.1365674,44.9374701],[34.1365358,44.9373182],[34.1365326,44.9372857],[34.1365232,44.9371892]]},"id":"way/189085244"},{"type":"Feature","properties":{"@id":"way/189085245","bridge":"yes","highway":"primary","int_ref":"E 105","lanes":"3","lanes:backward":"2","lanes:forward":"1","layer":"1","maxspeed":"90","ref":"35К-023","surface":"asphalt"},"geometry":{"type":"LineString","coordinates":[[34.1381335,44.9390264],[34.1378538,44.9388579]]},"id":"way/189085245"},{"type":"Feature","properties":{"@id":"way/227718686","highway":"tertiary","name":"улица Чернышевского","name:en":"Chernyshevskogo Street","name:etymology:wikidata":"Q192331","name:ru":"улица Чернышевского","name:uk":"Чернишевського вулиця"},"geometry":{"type":"LineString","coordinates":[[34.0833959,44.9589273],[34.0833843,44.9588853],[34.0832484,44.9587143],[34.082859,44.9582578],[34.0825916,44.9578753],[34.0824803,44.9577074],[34.0821933,44.9573221],[34.0821021,44.9571959],[34.0818928,44.9569406]]},"id":"way/227718686"},{"type":"Feature","properties":{"@id":"way/231837600","highway":"secondary","maxspeed":"RU:urban","name":"улица Гоголя","name:en":"Gogol Street","name:etymology:wikidata":"Q43718","name:ru":"улица Гоголя","name:uk":"Гоголя вулиця","oneway":"yes","surface":"asphalt"},"geometry":{"type":"LineString","coordinates":[[34.0958741,44.9486523],[34.0958339,44.9486767],[34.0948734,44.9492592],[34.0936705,44.9499886]]},"id":"way/231837600"},{"type":"Feature","properties":{"@id":"way/238081976","abutters":"residential","highway":"primary","lanes":"4","maxspeed":"60","name":"проспект Победы","name:en":"Pobedy Avenue","name:etymology:wikidata":"Q270706","name:ru":"проспект Победы","name:uk":"Перемоги проспект","old_ref":"Р-23","ref":"35К-003;Р-23","surface":"asphalt","trolley_wire":"yes"},"geometry":{"type":"LineString","coordinates":[[34.1400792,44.9773607],[34.1404487,44.9775921]]},"id":"way/238081976"},{"type":"Feature","properties":{"@id":"way/264416874","highway":"primary","junction":"roundabout","name":"площадь Амет-Хана Султана","name:ru":"площадь Амет-Хана Султана","name:uk":"Амет-Хана Султана площа","oneway":"yes","surface":"asphalt","trolley_wire":"yes"},"geometry":{"type":"LineString","coordinates":[[34.0939022,44.944099],[34.0939684,44.9440192]]},"id":"way/264416874"},{"type":"Feature","properties":{"@id":"way/264416875","highway":"primary","junction":"roundabout","name":"площадь Амет-Хана Султана","name:ru":"площадь Амет-Хана Султана","name:uk":"Амет-Хана Султана площа","oneway":"yes","surface":"asphalt","trolley_wire":"yes"},"geometry":{"type":"LineString","coordinates":[[34.0938445,44.9442134],[34.0939022,44.944099]]},"id":"way/264416875"},{"type":"Feature","properties":{"@id":"way/264416876","highway":"primary","junction":"roundabout","name":"площадь Амет-Хана Султана","name:ru":"площадь Амет-Хана Султана","name:uk":"Амет-Хана Султана площа","oneway":"yes","surface":"asphalt"},"geometry":{"type":"LineString","coordinates":[[34.0946676,44.9444036],[34.0946053,44.9444896],[34.0945372,44.9445504],[34.0944466,44.9446059],[34.0943375,44.9446415]]},"id":"way/264416876"},{"type":"Feature","properties":{"@id":"way/264416877","highway":"primary","junction":"roundabout","name":"площадь Амет-Хана Султана","name:ru":"площадь Амет-Хана Султана","name:uk":"Амет-Хана Султана площа","oneway":"yes","surface":"asphalt","trolley_wire":"yes"},"geometry":{"type":"LineString","coordinates":[[34.0947377,44.9441661],[34.0947182,44.9442781],[34.0946676,44.9444036]]},"id":"way/264416877"},{"type":"Feature","properties":{"@id":"way/264416880","highway":"primary","junction":"roundabout","name":"площадь Амет-Хана Султана","name:ru":"площадь Амет-Хана Султана","name:uk":"Амет-Хана Султана площа","oneway":"yes","surface":"asphalt","trolley_wire":"yes"},"geometry":{"type":"LineString","coordinates":[[34.0941422,44.944643],[34.0940234,44.9445997],[34.0939199,44.9445144],[34.0938635,44.944429],[34.0938367,44.9443487],[34.0938358,44.9442624],[34.0938445,44.9442134]]},"id":"way/264416880"},{"type":"Feature","properties":{"@id":"way/264416882","highway":"primary","junction":"roundabout","name":"площадь Амет-Хана Султана","name:ru":"площадь Амет-Хана Султана","name:uk":"Амет-Хана Султана площа","oneway":"yes","surface":"asphalt"},"geometry":{"type":"LineString","coordinates":[[34.0939684,44.9440192],[34.0941701,44.9439098],[34.0942665,44.9438651],[34.0943684,44.9438529],[34.0944873,44.9438638],[34.0945962,44.9439111],[34.0946831,44.9440027],[34.0947377,44.9441661]]},"id":"way/264416882"},{"type":"Feature","properties":{"@id":"way/264416883","highway":"secondary","junction":"roundabout","name":"Балаклавская улица","name:en":"Balaklavskaya Street","name:ru":"Балаклавская улица","name:uk":"Балаклавська вулиця","surface":"asphalt","trolley_wire":"yes"},"geometry":{"type":"LineString","coordinates":[[34.1098213,44.9196524],[34.109832,44.9196106],[34.1098546,44.9195713],[34.1098883,44.9195361],[34.1099315,44.9195067],[34.1099825,44.9194842],[34.1100389,44.9194697]]},"id":"way/264416883"},{"type":"Feature","properties":{"@id":"way/264416884","highway":"secondary","junction":"roundabout","name":"Балаклавская улица","name:en":"Balaklavskaya Street","name:ru":"Балаклавская улица","name:uk":"Балаклавська вулиця","surface":"asphalt","trolley_wire":"yes"},"geometry":{"type":"LineString","coordinates":[[34.1101433,44.9194651],[34.1101978,44.9194745],[34.1102484,44.9194917]]},"id":"way/264416884"},{"type":"Feature","properties":{"@id":"way/264416885","abutters":"residential","highway":"primary","lanes":"4","maxspeed":"60","name":"проспект Кирова","name:en":"Kirov Avenue","name:ru":"проспект Кирова","name:uk":"Кірова проспект","oneway":"yes","oneway:psv":"yes","surface":"asphalt","trolley_wire":"yes"},"geometry":{"type":"LineString","coordinates":[[34.0947931,44.9447598],[34.0943375,44.9446415]]},"id":"way/264416885"},{"type":"Feature","properties":{"@id":"way/264416886","abutters":"residential","highway":"secondary","maxspeed":"60","name":"улица Козлова","name:en":"Kozlova Street","name:ru":"улица Козлова","name:uk":"Козлова вулиця","surface":"asphalt","trolley_wire":"yes"},"geometry":{"type":"LineString","coordinates":[[34.101779,44.9358514],[34.101418,44.9361818],[34.1010675,44.9365026]]},"id":"way/264416886"},{"type":"Feature","properties":{"@id":"way/264416887","abutters":"residential","highway":"primary","lanes":"4","maxspeed":"60","name":"проспект Победы","name:en":"Pobedy Avenue","name:etymology:wikidata":"Q270706","name:ru":"проспект Победы","name:uk":"Перемоги проспект","old_ref":"Р-23","ref":"35К-003;Р-23","surface":"asphalt"},"geometry":{"type":"LineString","coordinates":[[34.1506858,44.9841153],[34.1509733,44.9843029],[34.1511833,44.9844394]]},"id":"way/264416887"},{"type":"Feature","properties":{"@id":"way/264416888","abutters":"residential","highway":"primary","lanes":"4","maxspeed":"60","name":"проспект Победы","name:en":"Pobedy Avenue","name:etymology:wikidata":"Q270706","name:ru":"проспект Победы","name:uk":"Перемоги проспект","old_ref":"Р-23","ref":"35К-003;Р-23","surface":"asphalt","trolley_wire":"yes"},"geometry":{"type":"LineString","coordinates":[[34.1442433,44.9799967],[34.1445615,44.980197],[34.1450135,44.9804816]]},"id":"way/264416888"},{"type":"Feature","properties":{"@id":"way/264416895","highway":"primary","junction":"roundabout","maxspeed":"60","oneway":"yes","surface":"asphalt","trolley_wire":"yes"},"geometry":{"type":"LineString","coordinates":[[34.1364233,44.9744047],[34.1364918,44.9743936],[34.1367086,44.9743952],[34.136904,44.9744379],[34.1370858,44.9745112],[34.1371633,44.9745542],[34.1372192,44.9746112],[34.1372873,44.9747015],[34.1373251,44.9748123],[34.1373288,44.9748661],[34.1373261,44.9749232],[34.1373028,44.9750176],[34.1372705,44.9750805],[34.1372276,44.9751401]]},"id":"way/264416895"},{"type":"Feature","properties":{"@id":"way/264416896","highway":"secondary","name":"Русская улица","name:en":"Russkaya Street","name:ru":"Русская улица","name:uk":"Руська вулиця","surface":"asphalt","trolley_wire":"yes"},"geometry":{"type":"LineString","coordinates":[[34.097149,44.9254146],[34.0972296,44.9255239],[34.0980032,44.9265725],[34.0989675,44.9279882],[34.0999239,44.929344],[34.1005383,44.930215],[34.100612,44.9303195],[34.1009589,44.9307927],[34.1011929,44.931104],[34.1012728,44.9312053],[34.1014288,44.9313338]]},"id":"way/264416896"},{"type":"Feature","properties":{"@id":"way/264416904","highway":"primary","junction":"roundabout","name":"Советская площадь","name:en":"Soviet Square","name:ru":"Советская площадь","name:uk":"Радянська площа","oneway":"yes","surface":"asphalt","trolley_wire":"yes"},"geometry":{"type":"LineString","coordinates":[[34.1021549,44.9519969],[34.102227,44.9519374],[34.1023198,44.9518944],[34.1024257,44.9518715],[34.1025365,44.9518704],[34.1026433,44.9518912]]},"id":"way/264416904"},{"type":"Feature","properties":{"@id":"way/264416905","highway":"primary","junction":"roundabout","lanes":"3","loc_name":"Куйбышатник","maxspeed:type":"UA:urban","name":"площадь Куйбышева","name:ru":"площадь Куйбышева","name:uk":"Куйбишева площа","oneway":"yes","route":"junction","surface":"asphalt","trolley_wire":"yes"},"geometry":{"type":"LineString","coordinates":[[34.1100743,44.9587408],[34.109968,44.9587425],[34.1098633,44.9587292],[34.1097846,44.958712],[34.1097007,44.958673],[34.1095992,44.958608],[34.1095394,44.9585458],[34.109505,44.9584869]]},"id":"way/264416905"},{"type":"Feature","properties":{"@id":"way/268075582","highway":"tertiary"},"geometry":{"type":"LineString","coordinates":[[34.1740306,44.9785324],[34.1741819,44.9785424],[34.1751371,44.9788419],[34.1758864,44.9790501],[34.17612,44.9790842],[34.176645,44.9792208],[34.1768252,44.9792393],[34.1773679,44.9794083],[34.1775474,44.9794553],[34.1779852,44.979607],[34.1781813,44.9796711],[34.1786888,44.9798371],[34.1788786,44.9798906],[34.1795595,44.9800267],[34.1803314,44.9801168],[34.1810514,44.980261],[34.181184,44.9802868],[34.1815142,44.9803431],[34.1817444,44.9803926],[34.1819905,44.9804443],[34.1824846,44.9805546],[34.1827878,44.9806363],[34.1831975,44.9807305],[34.183549,44.9808022],[34.1840066,44.9808632]]},"id":"way/268075582"},{"type":"Feature","properties":{"@id":"way/268239815","highway":"secondary","oneway":"yes","surface":"asphalt"},"geometry":{"type":"LineString","coordinates":[[34.1035744,44.9877636],[34.1034427,44.988295],[34.1034025,44.9885399],[34.1033685,44.9889115],[34.1033416,44.9891828]]},"id":"way/268239815"},{"type":"Feature","properties":{"@id":"way/268239816","highway":"secondary","oneway":"yes","surface":"asphalt"},"geometry":{"type":"LineString","coordinates":[[34.1032849,44.9883048],[34.1034299,44.9877785],[34.1034385,44.9877472],[34.103798,44.9865578],[34.1040284,44.9860361]]},"id":"way/268239816"},{"type":"Feature","properties":{"@id":"way/272750881","highway":"secondary","name":"улица Ломоносова","name:en":"Lomonosova Street","name:etymology:wikidata":"Q58720","name:ru":"улица Ломоносова","name:uk":"Ломоносова вулиця","surface":"asphalt"},"geometry":{"type":"LineString","coordinates":[[34.1206121,44.938302],[34.1207203,44.9383542],[34.1208635,44.9383821],[34.1214823,44.93839],[34.1223542,44.9384232],[34.1224623,44.9384147],[34.1225425,44.9383841],[34.1226104,44.9383525],[34.1226794,44.9383166],[34.1230677,44.9379757],[34.1231933,44.9378679],[34.1234353,44.937706]]},"id":"way/272750881"},{"type":"Feature","properties":{"@id":"way/272750891","highway":"secondary","name":"Турбазовский проезд","name:uk":"Турбазовський проїзд","surface":"asphalt"},"geometry":{"type":"LineString","coordinates":[[34.1266626,44.9380616],[34.1268771,44.9379206],[34.1270663,44.9378383],[34.1272365,44.9377905],[34.127414,44.9377862],[34.1275887,44.9378158],[34.1276663,44.9378418],[34.1278065,44.9378888],[34.1280666,44.9380137],[34.1281269,44.9380443],[34.1284418,44.938222],[34.1287056,44.9383708],[34.1287617,44.9383985],[34.129377,44.9387242]]},"id":"way/272750891"},{"type":"Feature","properties":{"@id":"way/301402107","abutters":"residential","highway":"primary","lanes":"2","maxspeed":"60","name":"проспект Победы","name:en":"Pobedy Avenue","name:etymology:wikidata":"Q270706","name:ru":"проспект Победы","oneway":"yes","surface":"asphalt","trolley_wire":"yes"},"geometry":{"type":"LineString","coordinates":[[34.1321499,44.9713048],[34.1319164,44.9711204],[34.1316024,44.9708724],[34.1308939,44.9703127],[34.1301041,44.9696362],[34.1294704,44.9690934],[34.1287145,44.9685032],[34.1286112,44.9684148],[34.1282912,44.9681408],[34.1281138,44.9679956],[34.127882,44.9677866],[34.1275461,44.9674973],[34.1273097,44.9672761],[34.1271126,44.9670387],[34.1270225,44.9669168],[34.1268227,44.9666563],[34.1262781,44.9658609],[34.1261233,44.9656595],[34.1259067,44.9654391],[34.1255709,44.9651022],[34.1254541,44.964985]]},"id":"way/301402107"},{"type":"Feature","properties":{"@id":"way/301402108","abutters":"residential","highway":"primary","maxspeed":"60","name":"Кечкеметская улица","name:en":"Kechkemetskaya Street","name:ru":"Кечкеметская улица","surface":"asphalt","trolley_wire":"yes"},"geometry":{"type":"LineString","coordinates":[[34.1321499,44.9713048],[34.1323682,44.9711738]]},"id":"way/301402108"},{"type":"Feature","properties":{"@id":"way/301402111","abutters":"residential","highway":"primary","lanes":"4","lit":"yes","maxspeed":"60","name":"Севастопольская улица","name:en":"Sevastopolskaya Street","name:ru":"Севастопольская улица","name:uk":"Севастопольська вулиця","surface":"asphalt","trolley_wire":"yes"},"geometry":{"type":"LineString","coordinates":[[34.0712438,44.9146821],[34.0713203,44.9147461],[34.071837,44.9151778]]},"id":"way/301402111"},{"type":"Feature","properties":{"@id":"way/301402112","abutters":"residential","highway":"primary","lanes":"4","lit":"yes","maxspeed":"60","name":"Киевская улица","name:en":"Kievskaya Street","name:etymology:wikidata":"Q1899","name:ru":"Киевская улица","name:uk":"Київська вулиця","oneway":"no","surface":"asphalt","trolley_wire":"yes"},"geometry":{"type":"LineString","coordinates":[[34.1263568,44.9477327],[34.1264329,44.9481501],[34.1264844,44.9484504],[34.1265045,44.9485675]]},"id":"way/301402112"},{"type":"Feature","properties":{"@id":"way/301402117","highway":"secondary","name":"улица Чехова","name:en":"Chekhov Street","name:etymology:wikidata":"Q5685","name:ru":"улица Чехова","name:uk":"Чехова вулиця","surface":"asphalt"},"geometry":{"type":"LineString","coordinates":[[34.1024976,44.9447014],[34.1028286,44.9445032],[34.1032,44.9442808],[34.1046069,44.9434063],[34.1048035,44.9432841]]},"id":"way/301402117"},{"type":"Feature","properties":{"@id":"way/301402118","abutters":"residential","highway":"secondary","maxspeed":"60","name":"Караимская улица","name:en":"Karaimskaya Street","name:ru":"Караимская улица","name:uk":"Караїмська вулиця","surface":"asphalt"},"geometry":{"type":"LineString","coordinates":[[34.1024187,44.9447486],[34.1025008,44.9448268],[34.1027057,44.9450218],[34.1028583,44.9451671],[34.1029434,44.9452518],[34.1033085,44.9456152],[34.103573,44.9458784],[34.1036097,44.9459149],[34.1037552,44.9460896]]},"id":"way/301402118"},{"type":"Feature","properties":{"@id":"way/301402119","abutters":"residential","highway":"primary","lanes":"4","maxspeed":"60","name":"проспект Кирова","name:en":"Kirov Avenue","name:ru":"проспект Кирова","name:uk":"Кірова проспект","oneway":"yes","oneway:bus":"no","oneway:psv":"no","surface":"asphalt","trolley_wire":"yes"},"geometry":{"type":"LineString","coordinates":[[34.0980739,44.9473183],[34.098005,44.9472632],[34.0973764,44.94676],[34.0967168,44.9462319],[34.0966028,44.9461406]]},"id":"way/301402119"},{"type":"Feature","properties":{"@id":"way/306119438","highway":"secondary","name":"Бахчисарайская улица","name:en":"Bakhchisaraiskaya Street","name:ru":"Бахчисарайская улица","name:uk":"Бахчисарайська вулиця","oneway":"yes","surface":"asphalt"},"geometry":{"type":"LineString","coordinates":[[34.1020974,44.93559],[34.1019996,44.9356085],[34.1019245,44.9356085],[34.1018521,44.9355895],[34.1017772,44.9355341]]},"id":"way/306119438"},{"type":"Feature","properties":{"@id":"way/306121671","highway":"primary","lanes":"3","oneway":"yes","ref":"35А-002;М-18","surface":"asphalt","trolley_wire":"no"},"geometry":{"type":"LineString","coordinates":[[34.0815833,44.9872897],[34.0809917,44.9877624],[34.0802769,44.9883646],[34.079044,44.9894698]]},"id":"way/306121671"},{"type":"Feature","properties":{"@id":"way/306122088","abutters":"residential","highway":"primary","lanes":"2","maxspeed":"60","name":"Евпаторийское шоссе","name:ru":"Евпаторийское шоссе","name:uk":"Євпаторійське шосе","oneway":"yes","surface":"asphalt","trolley_wire":"yes"},"geometry":{"type":"LineString","coordinates":[[34.0738412,44.9824808],[34.0733057,44.9840587],[34.0732249,44.9842616],[34.0731427,44.9844492],[34.073108,44.9845414],[34.073099,44.9845644],[34.072953,44.9848411]]},"id":"way/306122088"},{"type":"Feature","properties":{"@id":"way/306122090","abutters":"residential","highway":"primary","maxspeed":"60","name":"Евпаторийское шоссе","name:ru":"Евпаторийское шоссе","name:uk":"Євпаторійське шосе","oneway":"yes","surface":"asphalt","trolley_wire":"yes"},"geometry":{"type":"LineString","coordinates":[[34.073807,44.9816994],[34.0739313,44.9813492],[34.0740387,44.9810468],[34.0741345,44.9809269]]},"id":"way/306122090"},{"type":"Feature","properties":{"@id":"way/306122928","highway":"secondary","oneway":"yes","surface":"asphalt"},"geometry":{"type":"LineString","coordinates":[[34.1031214,44.9902202],[34.1031447,44.9898615]]},"id":"way/306122928"},{"type":"Feature","properties":{"@id":"way/306122929","highway":"secondary","oneway":"yes","surface":"asphalt"},"geometry":{"type":"LineString","coordinates":[[34.1032777,44.9902145],[34.1032224,44.9910984],[34.1031805,44.9912242],[34.1030801,44.9913769]]},"id":"way/306122929"},{"type":"Feature","properties":{"@id":"way/311250489","highway":"secondary"},"geometry":{"type":"LineString","coordinates":[[34.1404527,44.9917278],[34.1397806,44.9912633],[34.1392153,44.9908067],[34.1383517,44.9902376],[34.1374612,44.9898317],[34.1366765,44.9894105],[34.1365707,44.9893537],[34.136104,44.9891905],[34.1355944,44.9891488],[34.1351438,44.989145],[34.1348541,44.9890653],[34.1335022,44.9886442],[34.1321772,44.9882268],[34.1310453,44.9878095],[34.1306215,44.9876691],[34.130128,44.9875401],[34.1295882,44.9874694],[34.1290337,44.9874529],[34.1283596,44.9875171],[34.1276785,44.9876364],[34.1257982,44.987952]]},"id":"way/311250489"},{"type":"Feature","properties":{"@id":"way/311250490","highway":"secondary"},"geometry":{"type":"LineString","coordinates":[[34.1255839,44.9879754],[34.1254911,44.9879673],[34.1253982,44.9879592],[34.1250916,44.9878059],[34.1249855,44.9876212],[34.1249943,44.9875098],[34.1250482,44.9874261],[34.1252786,44.9872209],[34.1262808,44.9868702],[34.1281999,44.9862376],[34.1282762,44.9861957]]},"id":"way/311250490"},{"type":"Feature","properties":{"@id":"way/312756200","highway":"tertiary","name":"улица Механизаторов","name:ru":"улица Механизаторов","name:uk":"Механізаторів вулиця","surface":"asphalt"},"geometry":{"type":"LineString","coordinates":[[34.1379968,44.9825189],[34.136985,44.9817622],[34.1361791,44.9812037],[34.1359619,44.9810305],[34.1358034,44.9809058],[34.1353841,44.9805129],[34.1353135,44.9804526],[34.1347058,44.9799333],[34.1340133,44.9793436]]},"id":"way/312756200"},{"type":"Feature","properties":{"@id":"way/312756201","highway":"tertiary","name":"Майская улица","name:ru":"Майская улица","name:uk":"Майська вулиця"},"geometry":{"type":"LineString","coordinates":[[34.1379968,44.9825189],[34.1396054,44.9813046],[34.1401243,44.9809122],[34.1406007,44.9805519],[34.1415552,44.9798337],[34.1426873,44.9789684]]},"id":"way/312756201"},{"type":"Feature","properties":{"@id":"way/312756202","highway":"tertiary","name":"улица Механизаторов","name:en":"Mehanizatorov Street","name:ru":"улица Механизаторов","name:uk":"Механізаторів вулиця","surface":"asphalt"},"geometry":{"type":"LineString","coordinates":[[34.138998,44.9832174],[34.1384646,44.9828407],[34.1379968,44.9825189]]},"id":"way/312756202"},{"type":"Feature","properties":{"@id":"way/319429592","abutters":"residential","bridge":"yes","highway":"primary","lanes":"4","layer":"1","maxspeed":"60","name":"Киевская улица","name:en":"Kievskaya Street","name:etymology:wikidata":"Q1899","name:ru":"Киевская улица","surface":"asphalt","trolley_wire":"yes"},"geometry":{"type":"LineString","coordinates":[[34.1022194,44.9676315],[34.1024464,44.9673696]]},"id":"way/319429592"},{"type":"Feature","properties":{"@id":"way/319429594","abutters":"residential","highway":"primary","lanes":"4","maxspeed":"60","name":"Киевская улица","name:en":"Kievskaya Street","name:etymology:wikidata":"Q1899","name:ru":"Киевская улица","oneway":"no","surface":"asphalt","trolley_wire":"yes"},"geometry":{"type":"LineString","coordinates":[[34.1024464,44.9673696],[34.1042432,44.9651935]]},"id":"way/319429594"},{"type":"Feature","properties":{"@id":"way/337136489","highway":"tertiary","name":"Гренажный переулок","name:ru":"Гренажный переулок","name:uk":"Гренажний провулок","surface":"asphalt"},"geometry":{"type":"LineString","coordinates":[[34.083127,44.9354394],[34.0826969,44.9354343],[34.082195,44.9354245],[34.0819824,44.935428],[34.0818009,44.9354577],[34.0814662,44.9355984],[34.0811102,44.9357474],[34.0808739,44.9358674],[34.0807161,44.9359919]]},"id":"way/337136489"},{"type":"Feature","properties":{"@id":"way/337136497","bridge":"yes","highway":"tertiary","layer":"1","surface":"asphalt"},"geometry":{"type":"LineString","coordinates":[[34.0837471,44.9354528],[34.0835089,44.9354493],[34.083127,44.9354394]]},"id":"way/337136497"},{"type":"Feature","properties":{"@id":"way/350663664","highway":"tertiary"},"geometry":{"type":"LineString","coordinates":[[34.0637634,44.9702515],[34.0638831,44.9701992],[34.0641607,44.9701223],[34.0645711,44.9699894],[34.0649101,44.9698856],[34.0652885,44.9698016],[34.06554,44.9697812]]},"id":"way/350663664"},{"type":"Feature","properties":{"@id":"way/355303371","highway":"tertiary","name":"Интернациональная улица","smoothness":"very_bad","surface":"ground"},"geometry":{"type":"LineString","coordinates":[[34.050245,44.9686976],[34.0502863,44.9686481],[34.0503377,44.9685905],[34.0507368,44.9681978],[34.0542982,44.9647677],[34.0543085,44.9647557]]},"id":"way/355303371"},{"type":"Feature","properties":{"@id":"way/365682175","abutters":"residential","highway":"primary","lanes":"4","maxspeed":"60","name":"Совнаркомовский переулок","name:ru":"Совнаркомовский переулок","surface":"asphalt","trolley_wire":"yes"},"geometry":{"type":"LineString","coordinates":[[34.1000977,44.9525446],[34.1003145,44.9525084],[34.1007138,44.9524438],[34.1017345,44.9522925]]},"id":"way/365682175"},{"type":"Feature","properties":{"@id":"way/367853335","highway":"primary","oneway":"yes","surface":"asphalt"},"geometry":{"type":"LineString","coordinates":[[34.1083518,44.951232],[34.1077475,44.9514074]]},"id":"way/367853335"},{"type":"Feature","properties":{"@id":"way/373322988","abutters":"residential","highway":"secondary","lanes":"4","maxspeed":"60","name":"улица Генерала Васильева","name:en":"Generala Vasilyeva Street","name:ru":"улица Генерала Васильева","name:uk":"Генерала Васильєва вулиця","surface":"asphalt","trolley_wire":"no"},"geometry":{"type":"LineString","coordinates":[[34.072272,44.934138],[34.0722746,44.9340576],[34.0722797,44.9339095],[34.0723638,44.9329369],[34.0723648,44.9329033],[34.0723789,44.9324184],[34.0723938,44.9319059],[34.0723981,44.9317043],[34.0724063,44.9314048],[34.0724088,44.9312],[34.0724114,44.9309993],[34.0724191,44.9308865],[34.0724295,44.9307338],[34.0724347,44.9301177],[34.0724426,44.9299308],[34.0724515,44.9297195],[34.0724674,44.9293445],[34.0724948,44.9286979],[34.0724966,44.9286551],[34.0724281,44.9284201],[34.0722346,44.9280756],[34.072155,44.9279338],[34.0717318,44.9271802],[34.0717163,44.9271526],[34.0715213,44.9268054],[34.0714194,44.9266178],[34.0713496,44.9264893],[34.0707469,44.9254261],[34.0706783,44.9253041]]},"id":"way/373322988"},{"type":"Feature","properties":{"@id":"way/373322995","abutters":"residential","highway":"secondary","lanes":"3","lanes:backward":"1","lanes:forward":"2","maxspeed":"60","name":"улица Желябова","name:en":"Zheliabova Street","name:ru":"улица Желябова","name:uk":"Желябова вулиця","surface":"asphalt"},"geometry":{"type":"LineString","coordinates":[[34.0865167,44.9463825],[34.086755,44.9465716]]},"id":"way/373322995"},{"type":"Feature","properties":{"@id":"way/373322998","abutters":"residential","highway":"primary","lanes":"4","maxspeed":"60","name":"Киевская улица","name:en":"Kievskaya Street","name:etymology:wikidata":"Q1899","name:ru":"Киевская улица","oneway":"no","surface":"asphalt","trolley_wire":"yes"},"geometry":{"type":"LineString","coordinates":[[34.1042432,44.9651935],[34.1051268,44.9641374],[34.1052242,44.964021]]},"id":"way/373322998"},{"type":"Feature","properties":{"@id":"way/373323004","highway":"primary","lanes":"3","lanes:backward":"2","lanes:forward":"1","name":"проспект Кирова","name:en":"Kirov Avenue","name:ru":"проспект Кирова","name:uk":"Кірова проспект","surface":"asphalt","trolley_wire":"yes"},"geometry":{"type":"LineString","coordinates":[[34.10164,44.9505945],[34.101969,44.9512354],[34.1019899,44.9512774]]},"id":"way/373323004"},{"type":"Feature","properties":{"@id":"way/373323010","highway":"secondary","lanes":"2","name":"улица Крылова","name:en":"Krylova Street","name:ru":"улица Крылова","name:uk":"Крилова вулиця","surface":"asphalt"},"geometry":{"type":"LineString","coordinates":[[34.102829,44.9421806],[34.1036257,44.9416731]]},"id":"way/373323010"},{"type":"Feature","properties":{"@id":"way/373323012","highway":"secondary","name":"улица Ломоносова","name:en":"Lomonosova Street","name:etymology:wikidata":"Q58720","name:ru":"улица Ломоносова","name:uk":"Ломоносова вулиця","surface":"asphalt"},"geometry":{"type":"LineString","coordinates":[[34.123677,44.9376182],[34.123876,44.9375975],[34.1240475,44.9376059],[34.1241989,44.937641],[34.1243341,44.9377306],[34.1244556,44.9378833],[34.1246482,44.9381095],[34.1248137,44.9383389],[34.1249207,44.9384389],[34.1249788,44.9384635],[34.1251445,44.9385078],[34.1253322,44.938521],[34.1254958,44.9385134],[34.1256031,44.9385002],[34.1257641,44.9384755],[34.1259089,44.9384318],[34.1261584,44.9383407],[34.126499,44.938166],[34.1266626,44.9380616]]},"id":"way/373323012"},{"type":"Feature","properties":{"@id":"way/373323014","highway":"secondary","name":"улица Ломоносова","name:en":"Lomonosova Street","name:etymology:wikidata":"Q58720","name:ru":"улица Ломоносова","name:uk":"Ломоносова вулиця","surface":"asphalt"},"geometry":{"type":"LineString","coordinates":[[34.1234353,44.937706],[34.123677,44.9376182]]},"id":"way/373323014"},{"type":"Feature","properties":{"@id":"way/373323016","abutters":"residential","highway":"secondary","maxspeed":"60","name":"улица Маяковского","name:en":"Mayakovskogo Street","name:etymology:wikidata":"Q132964","name:ru":"улица Маяковского","name:uk":"Маяковського вулиця","surface":"asphalt"},"geometry":{"type":"LineString","coordinates":[[34.0903203,44.9472547],[34.0923961,44.94577]]},"id":"way/373323016"},{"type":"Feature","properties":{"@id":"way/373323019","highway":"tertiary","name":"улица Нестерова","name:ru":"улица Нестерова","name:uk":"Нестерова вулиця","surface":"asphalt"},"geometry":{"type":"LineString","coordinates":[[34.1245751,44.937156],[34.1246053,44.9375252],[34.1246482,44.9381095]]},"id":"way/373323019"},{"type":"Feature","properties":{"@id":"way/373323021","abutters":"residential","highway":"secondary","lanes":"2","maxspeed":"60","name":"Объездная улица","name:en":"Obiezdnaya Street","name:ru":"Объездная улица","name:uk":"Об’їзна вулиця","surface":"asphalt"},"geometry":{"type":"LineString","coordinates":[[34.0821684,44.9436543],[34.0822616,44.9435925],[34.0823965,44.9435315],[34.082824,44.9434373],[34.0840103,44.943271],[34.0847236,44.9431009],[34.0847917,44.9430846],[34.0862186,44.9425516],[34.0865322,44.9424296],[34.0866772,44.9423732],[34.0868372,44.9422998],[34.0870248,44.9422138],[34.0872538,44.9420471],[34.0875434,44.9417172],[34.0876188,44.9416038],[34.0879712,44.9410943],[34.0888837,44.9381546],[34.0889668,44.9380445],[34.089172,44.9379163],[34.0893136,44.9378526],[34.0896428,44.9377046],[34.0900397,44.9375337],[34.0900954,44.9375081],[34.0903126,44.9374093],[34.0910313,44.9370802]]},"id":"way/373323021"},{"type":"Feature","properties":{"@id":"way/373323032","abutters":"residential","highway":"secondary","maxspeed":"60","name":"Кавказская улица","name:en":"Kavkazskaya Street","name:ru":"Кавказская улица","name:uk":"Пролетарська вулиця","surface":"asphalt"},"geometry":{"type":"LineString","coordinates":[[34.1045141,44.9476249],[34.1045411,44.9476775],[34.1047345,44.9480789]]},"id":"way/373323032"},{"type":"Feature","properties":{"@id":"way/373323035","abutters":"residential","highway":"secondary","maxspeed":"60","name":"Кавказская улица","name:ru":"Кавказская улица","name:uk":"Пролетарська вулиця","old_name":"Пролетарская улица","surface":"asphalt"},"geometry":{"type":"LineString","coordinates":[[34.1047345,44.9480789],[34.1048288,44.9482471]]},"id":"way/373323035"},{"type":"Feature","properties":{"@id":"way/373323052","highway":"secondary","name":"улица Толстого","name:en":"Tolstogo Street","name:ru":"улица Толстого","name:uk":"Толстого вулиця","surface":"asphalt"},"geometry":{"type":"LineString","coordinates":[[34.1026632,44.9621548],[34.102846,44.9622329]]},"id":"way/373323052"},{"type":"Feature","properties":{"@id":"way/386251921","highway":"primary","lanes":"3","maxspeed":"60","name":"улица Гагарина","name:en":"Gagarina Street","name:etymology:wikidata":"Q7327","name:ru":"улица Гагарина","name:uk":"Гагаріна вулиця","oneway":"yes","surface":"asphalt","trolley_wire":"yes"},"geometry":{"type":"LineString","coordinates":[[34.0859061,44.963645],[34.0854892,44.9633213],[34.0852121,44.9631093],[34.0848004,44.9627879],[34.0843465,44.9624222]]},"id":"way/386251921"},{"type":"Feature","properties":{"@id":"way/386251934","abutters":"residential","highway":"primary","lanes":"2","maxspeed":"60","name":"проспект Победы","name:en":"Pobedy Avenue","name:etymology:wikidata":"Q270706","name:ru":"проспект Победы","oneway":"yes","surface":"asphalt","trolley_wire":"yes"},"geometry":{"type":"LineString","coordinates":[[34.1323682,44.9711738],[34.1325853,44.9713572],[34.1334313,44.9720723],[34.1345239,44.9730188],[34.1354217,44.9737681],[34.1356606,44.9739709],[34.1359554,44.9742113],[34.1361139,44.9743034],[34.136258,44.9743616],[34.1364233,44.9744047]]},"id":"way/386251934"},{"type":"Feature","properties":{"@id":"way/386360125","highway":"primary","int_ref":"E 105","lanes":"3","maxspeed":"60","ref":"35А-002;М-18","surface":"asphalt","trolley_wire":"yes"},"geometry":{"type":"LineString","coordinates":[[34.1481672,44.9184522],[34.1483144,44.9182677],[34.1486799,44.9178577],[34.1487025,44.9178298]]},"id":"way/386360125"},{"type":"Feature","properties":{"@id":"way/386360128","highway":"primary","int_ref":"E 105","lanes":"3","maxspeed":"60","ref":"35А-002;М-18","surface":"asphalt","trolley_wire":"yes"},"geometry":{"type":"LineString","coordinates":[[34.1487025,44.9178298],[34.1489192,44.9175647],[34.1492441,44.9171674],[34.1495302,44.9168174],[34.1498643,44.9164488],[34.1502847,44.915822],[34.151235,44.9146253],[34.1513087,44.9145321],[34.1515849,44.9141828],[34.1528496,44.9125173],[34.153356,44.9118228],[34.1536556,44.9115019],[34.1538184,44.9113583]]},"id":"way/386360128"},{"type":"Feature","properties":{"@id":"way/386360134","highway":"primary","junction":"roundabout","lanes":"2","oneway":"yes","route":"junction","surface":"asphalt","trolley_wire":"yes"},"geometry":{"type":"LineString","coordinates":[[34.1256039,44.9444558],[34.1255646,44.9444184]]},"id":"way/386360134"},{"type":"Feature","properties":{"@id":"way/392619330","highway":"primary","lanes":"3","name":"улица Гагарина","name:en":"Gagarina Street","name:etymology:wikidata":"Q7327","name:ru":"улица Гагарина","name:uk":"Гагаріна вулиця","oneway":"yes","surface":"asphalt","trolley_wire":"yes"},"geometry":{"type":"LineString","coordinates":[[34.0874903,44.9648889],[34.0873746,44.9648023]]},"id":"way/392619330"},{"type":"Feature","properties":{"@id":"way/392619331","highway":"primary","lanes":"3","maxspeed":"60","name":"Евпаторийское шоссе","name:en":"Yevpatoriiskoye Road","surface":"asphalt","trolley_wire":"yes"},"geometry":{"type":"LineString","coordinates":[[34.0801444,44.9681221],[34.0799533,44.9685221]]},"id":"way/392619331"},{"type":"Feature","properties":{"@id":"way/392619337","highway":"primary","lanes":"3","lanes:backward":"1","lanes:forward":"2","oneway":"no","surface":"asphalt"},"geometry":{"type":"LineString","coordinates":[[34.0863729,44.9650279],[34.0865417,44.9649709],[34.0866405,44.9649363],[34.0867523,44.964904],[34.086852,44.9648812],[34.0869622,44.9648578],[34.0870771,44.9648314],[34.0871742,44.9648111],[34.0871917,44.9648074],[34.0872449,44.964803],[34.0873746,44.9648023]]},"id":"way/392619337"},{"type":"Feature","properties":{"@id":"way/400456981","highway":"secondary","junction":"roundabout","oneway":"yes","surface":"asphalt","trolley_wire":"yes"},"geometry":{"type":"LineString","coordinates":[[34.1112116,44.9661746],[34.1112592,44.9661467],[34.1113136,44.9661259]]},"id":"way/400456981"},{"type":"Feature","properties":{"@id":"way/400456982","highway":"secondary","junction":"roundabout","oneway":"yes","surface":"asphalt","trolley_wire":"yes"},"geometry":{"type":"LineString","coordinates":[[34.11161,44.9661456],[34.1116579,44.9661732],[34.1116973,44.9662068],[34.1117266,44.9662453]]},"id":"way/400456982"},{"type":"Feature","properties":{"@id":"way/400456983","highway":"secondary","junction":"roundabout","oneway":"yes","surface":"asphalt","trolley_wire":"yes"},"geometry":{"type":"LineString","coordinates":[[34.1113199,44.9665392],[34.1112643,44.966519],[34.1112154,44.9664913],[34.1111752,44.9664574],[34.1111452,44.9664185],[34.1111223,44.9663663]]},"id":"way/400456983"},{"type":"Feature","properties":{"@id":"way/400456984","highway":"secondary","junction":"roundabout","oneway":"yes","surface":"asphalt","trolley_wire":"yes"},"geometry":{"type":"LineString","coordinates":[[34.1113136,44.9661259],[34.1113727,44.966113],[34.1114343,44.9661085],[34.1114959,44.9661126],[34.1115553,44.9661251],[34.11161,44.9661456]]},"id":"way/400456984"},{"type":"Feature","properties":{"@id":"way/400456985","highway":"secondary","junction":"roundabout","oneway":"yes","surface":"asphalt"},"geometry":{"type":"LineString","coordinates":[[34.1116603,44.9664884],[34.1116132,44.9665162],[34.1115594,44.966537],[34.1115009,44.96655],[34.11144,44.9665548],[34.1113789,44.9665512],[34.1113199,44.9665392]]},"id":"way/400456985"},{"type":"Feature","properties":{"@id":"way/400456986","highway":"secondary","junction":"roundabout","oneway":"yes","surface":"asphalt","trolley_wire":"yes"},"geometry":{"type":"LineString","coordinates":[[34.1111223,44.9663663],[34.1111174,44.9663301],[34.1111261,44.9662892],[34.1111438,44.9662472],[34.1111726,44.9662086],[34.1112116,44.9661746]]},"id":"way/400456986"},{"type":"Feature","properties":{"@id":"way/400456987","highway":"secondary","junction":"roundabout","oneway":"yes","surface":"asphalt"},"geometry":{"type":"LineString","coordinates":[[34.1117266,44.9662453],[34.1117449,44.9662871],[34.1117512,44.9663306],[34.1117454,44.9663742],[34.1117277,44.9664161],[34.1116988,44.9664548]]},"id":"way/400456987"},{"type":"Feature","properties":{"@id":"way/400982237","highway":"tertiary","name":"улица Сельвинского","name:en":"Selvinskogo Street","name:ru":"улица Сельвинского","surface":"asphalt"},"geometry":{"type":"LineString","coordinates":[[34.1189678,44.967662],[34.1195842,44.9694273]]},"id":"way/400982237"},{"type":"Feature","properties":{"@id":"way/400993482","highway":"secondary","name":"Донская улица","name:en":"Donskaya Street","name:ru":"Донская улица","name:uk":"Донська вулиця","surface":"asphalt"},"geometry":{"type":"LineString","coordinates":[[34.1114367,44.9695516],[34.1115199,44.9695773],[34.1124405,44.9699877],[34.1126776,44.9700934],[34.1127302,44.970105],[34.1127854,44.9701056]]},"id":"way/400993482"},{"type":"Feature","properties":{"@id":"way/401008663","highway":"secondary","name":"улица Титова","name:en":"Titova Street","name:ru":"улица Титова","name:uk":"Тітова вулиця","surface":"asphalt"},"geometry":{"type":"LineString","coordinates":[[34.1216335,44.9670028],[34.1239478,44.9664304]]},"id":"way/401008663"},{"type":"Feature","properties":{"@id":"way/401008664","highway":"secondary","name":"улица Титова","name:en":"Titova Street","name:ru":"улица Титова","name:uk":"Тітова вулиця","surface":"asphalt"},"geometry":{"type":"LineString","coordinates":[[34.1239478,44.9664304],[34.124866,44.9662072],[34.1261236,44.9658989],[34.1261493,44.9658952],[34.1262781,44.9658609]]},"id":"way/401008664"},{"type":"Feature","properties":{"@id":"way/401187391","highway":"tertiary","name":"Аэрофлотская улица","name:en":"Aeroflotskaya Street","name:ru":"Аэрофлотская улица","name:uk":"Аерофлотська вулиця","source":"Bing","trolley_wire":"yes"},"geometry":{"type":"LineString","coordinates":[[34.0729843,44.9246325],[34.0729068,44.9245056],[34.0728358,44.9243894],[34.0725251,44.9238805],[34.071716,44.9225554],[34.0716788,44.9224945],[34.071528,44.9222464]]},"id":"way/401187391"},{"type":"Feature","properties":{"@id":"way/401537444","abutters":"residential","highway":"primary","lanes":"4","maxspeed":"60","name":"проспект Победы","name:en":"Pobedy Avenue","name:etymology:wikidata":"Q270706","name:ru":"проспект Победы","name:uk":"Перемоги проспект","old_ref":"Р-23","ref":"35К-003;Р-23","surface":"asphalt","trolley_wire":"yes"},"geometry":{"type":"LineString","coordinates":[[34.1495563,44.983382],[34.14981,44.9835469]]},"id":"way/401537444"},{"type":"Feature","properties":{"@id":"way/401537446","abutters":"residential","highway":"primary","lanes":"4","maxspeed":"60","name":"проспект Победы","name:en":"Pobedy Avenue","name:etymology:wikidata":"Q270706","name:ru":"проспект Победы","name:uk":"Перемоги проспект","old_ref":"Р-23","ref":"35К-003;Р-23","surface":"asphalt","trolley_wire":"yes"},"geometry":{"type":"LineString","coordinates":[[34.1474189,44.982007],[34.1477041,44.9821869]]},"id":"way/401537446"},{"type":"Feature","properties":{"@id":"way/401973075","highway":"tertiary","oneway":"yes"},"geometry":{"type":"LineString","coordinates":[[34.17374,44.9868151],[34.1737533,44.9868391],[34.1737598,44.9868645],[34.173759,44.9868903],[34.1737512,44.9869155],[34.1737366,44.9869392],[34.1737158,44.9869603]]},"id":"way/401973075"},{"type":"Feature","properties":{"@id":"way/401973080","highway":"tertiary","oneway":"yes","trolley_wire":"no"},"geometry":{"type":"LineString","coordinates":[[34.1737158,44.9869603],[34.1736895,44.9869782],[34.1736588,44.9869921],[34.1736248,44.9870015],[34.1735889,44.9870061],[34.1735524,44.9870055],[34.1735168,44.987],[34.1734834,44.9869897],[34.1734535,44.9869749],[34.1734282,44.9869563],[34.1734085,44.9869346],[34.1733952,44.9869106],[34.1733888,44.9868852],[34.1733895,44.9868594],[34.1733973,44.9868342],[34.173412,44.9868106],[34.1734328,44.9867894]]},"id":"way/401973080"},{"type":"Feature","properties":{"@id":"way/401973082","highway":"secondary","lanes":"2","name":"Сельский переулок","name:ru":"Сельский переулок","name:uk":"Сільський провулок","surface":"asphalt","trolley_wire":"no"},"geometry":{"type":"LineString","coordinates":[[34.1654837,44.9878548],[34.1661024,44.9873414],[34.1663942,44.9871309],[34.1667396,44.9868638],[34.166897,44.986742],[34.1670441,44.9866282],[34.1671672,44.9865329],[34.1673982,44.9863976]]},"id":"way/401973082"},{"type":"Feature","properties":{"@id":"way/401973083","highway":"tertiary","oneway":"yes","trolley_wire":"no"},"geometry":{"type":"LineString","coordinates":[[34.17374,44.9868151],[34.1740852,44.9868989]]},"id":"way/401973083"},{"type":"Feature","properties":{"@id":"way/401973088","highway":"tertiary","surface":"asphalt","trolley_wire":"no"},"geometry":{"type":"LineString","coordinates":[[34.1757481,44.9875886],[34.1754383,44.9873739],[34.175117,44.987252],[34.1744375,44.9870018],[34.1740852,44.9868989]]},"id":"way/401973088"},{"type":"Feature","properties":{"@id":"way/401973089","highway":"tertiary","oneway":"yes","trolley_wire":"no"},"geometry":{"type":"LineString","coordinates":[[34.1740852,44.9868989],[34.1739318,44.9869062],[34.1738519,44.9869148],[34.1737861,44.9869317],[34.1737158,44.9869603]]},"id":"way/401973089"},{"type":"Feature","properties":{"@id":"way/401973091","highway":"tertiary"},"geometry":{"type":"LineString","coordinates":[[34.1690397,44.9853774],[34.169413,44.9853224],[34.169597,44.9853196],[34.1698039,44.9852747],[34.1699083,44.9851999],[34.1699659,44.9851641]]},"id":"way/401973091"},{"type":"Feature","properties":{"@id":"way/402445101","highway":"primary","int_ref":"E 105","lanes":"4","loc_name":"Объездная дорога","maxspeed":"90","name":"Плотинная улица","name:ru":"Плотинная улица","name:uk":"Плотинна вулиця","ref":"35К-023","surface":"asphalt"},"geometry":{"type":"LineString","coordinates":[[34.1365232,44.9371892],[34.1365254,44.9370173],[34.1365271,44.9368806],[34.136532,44.9368392],[34.1365579,44.9366196],[34.1366121,44.9364373],[34.1366172,44.9364203],[34.1366243,44.9363964],[34.1367238,44.9361992],[34.136735,44.9361771],[34.1368771,44.9359455],[34.1369063,44.9359023],[34.1371927,44.935479],[34.1373839,44.9351964],[34.13743,44.9351295],[34.1378195,44.9345635],[34.1380679,44.9341665],[34.1381004,44.9340754]]},"id":"way/402445101"},{"type":"Feature","properties":{"@id":"way/402445103","highway":"primary","int_ref":"E 105","lanes":"1","loc_name":"Объездная дорога","maxspeed":"60","oneway":"yes","ref":"35К-023","surface":"asphalt"},"geometry":{"type":"LineString","coordinates":[[34.1381776,44.9338204],[34.1381749,44.9336927],[34.138174,44.9336715],[34.1381689,44.9335553],[34.1381484,44.9334126],[34.138146,44.9333957],[34.1381178,44.9332221],[34.1380987,44.9331501],[34.1380788,44.9330751],[34.1380186,44.9329114],[34.1379995,44.9328594],[34.1379226,44.9326702],[34.1378464,44.9324826],[34.1377614,44.9323056],[34.1377239,44.9322274],[34.1376238,44.9320058],[34.1374437,44.9316069],[34.1372549,44.9311887],[34.1372037,44.9310643],[34.1370802,44.9307641],[34.137053,44.930698],[34.1369867,44.9305437],[34.1369137,44.9303319]]},"id":"way/402445103"},{"type":"Feature","properties":{"@id":"way/403053518","highway":"tertiary","name":"улица Химическая","name:ru":"улица Химическая","name:uk":"Хіміків вулиця","surface":"asphalt"},"geometry":{"type":"LineString","coordinates":[[34.0552447,44.9341427],[34.0552898,44.9334506],[34.0552926,44.9333694],[34.0553629,44.9322359],[34.0553749,44.9320416],[34.0554092,44.9317299],[34.055411,44.9316994],[34.0554167,44.9316033],[34.0554223,44.9315078],[34.0554885,44.9303798],[34.0555308,44.9296593]]},"id":"way/403053518"},{"type":"Feature","properties":{"@id":"way/403128270","highway":"tertiary","name":"улица Пограничников","name:en":"Pogranichnikov Street","name:ru":"улица Пограничников","name:uk":"Прикордонників вулиця","surface":"asphalt"},"geometry":{"type":"LineString","coordinates":[[34.1097017,44.944689],[34.1096093,44.9448604],[34.1095671,44.9449911],[34.1095665,44.9450568],[34.1095485,44.9456315]]},"id":"way/403128270"},{"type":"Feature","properties":{"@id":"way/403583259","abutters":"residential","highway":"primary","lanes":"3","maxspeed":"60","oneway":"yes","surface":"asphalt","trolley_wire":"yes"},"geometry":{"type":"LineString","coordinates":[[34.0724027,44.9855363],[34.072172,44.9857428],[34.0718529,44.9860291]]},"id":"way/403583259"},{"type":"Feature","properties":{"@id":"way/403583282","highway":"tertiary","name":"улица 51-й Армии","name:en":"51-i Armii Street","name:ru":"улица 51-й Армии","name:uk":"51-ї Армії вулиця"},"geometry":{"type":"LineString","coordinates":[[34.1343009,44.9538747],[34.1345796,44.9537686],[34.1348479,44.9536791],[34.1352427,44.953516],[34.1355045,44.9534202],[34.1357833,44.9533226],[34.1360661,44.9531788]]},"id":"way/403583282"},{"type":"Feature","properties":{"@id":"way/403583290","highway":"secondary","name":"улица Василия Жидкова","name:en":"Zhidkova Street","name:ru":"улица Василия Жидкова","name:uk":"Василя Жидкова вулиця","oneway":"yes","source":"Bing","surface":"asphalt"},"geometry":{"type":"LineString","coordinates":[[34.1077375,44.932517],[34.1084376,44.9326818],[34.1092939,44.9333546]]},"id":"way/403583290"},{"type":"Feature","properties":{"@id":"way/403583292","highway":"tertiary","lanes":"2","name":"улица Крылова","name:en":"Krylova Street","name:ru":"улица Крылова","name:uk":"Крилова вулиця","surface":"asphalt"},"geometry":{"type":"LineString","coordinates":[[34.1162189,44.9275492],[34.1163444,44.9269219],[34.1163891,44.9265983],[34.1164007,44.9264538],[34.1164678,44.9256733],[34.1166115,44.92484],[34.1166398,44.9246761],[34.1167533,44.9240174],[34.1168477,44.9234702],[34.1169028,44.9231505],[34.1169162,44.9230409],[34.1169458,44.9227996],[34.1170753,44.9217431],[34.1170931,44.9215977],[34.1171578,44.9210697],[34.1171661,44.9210234],[34.1172763,44.9204124],[34.1173278,44.920127],[34.1174246,44.9195908],[34.117484,44.9192616],[34.1175465,44.9189152],[34.1176018,44.9187035],[34.1176961,44.9184771],[34.1178824,44.9181762],[34.118308,44.9175718],[34.1185443,44.9171868],[34.1186516,44.9168867],[34.118736,44.9163451],[34.1189144,44.9151203]]},"id":"way/403583292"},{"type":"Feature","properties":{"@id":"way/403980534","highway":"tertiary","name":"улица Скрипниченко","name:en":"Skripnichenko Street","name:ru":"улица Скрипниченко","name:uk":"Скрипниченка вулиця","surface":"asphalt"},"geometry":{"type":"LineString","coordinates":[[34.1178412,44.9589162],[34.1188333,44.959205],[34.1198378,44.959489],[34.1199446,44.9595191]]},"id":"way/403980534"},{"type":"Feature","properties":{"@id":"way/404365678","highway":"tertiary","name":"Крымская улица","name:en":"Krymskaya Street","name:ru":"Крымская улица","name:uk":"Кримська вулиця","surface":"asphalt"},"geometry":{"type":"LineString","coordinates":[[34.110454,44.9440061],[34.1104832,44.9440507],[34.1105096,44.944091],[34.1105265,44.9441785],[34.1104956,44.9441974],[34.1102589,44.9443422],[34.1099673,44.9445237],[34.1097017,44.944689]]},"id":"way/404365678"},{"type":"Feature","properties":{"@id":"way/404680359","highway":"secondary","name":"улица Чехова","name:en":"Chekhov Street","name:etymology:wikidata":"Q5685","name:ru":"улица Чехова","name:uk":"Чехова вулиця","surface":"asphalt"},"geometry":{"type":"LineString","coordinates":[[34.1048035,44.9432841],[34.105407,44.9429233],[34.1066739,44.9421545],[34.1078257,44.9414556]]},"id":"way/404680359"},{"type":"Feature","properties":{"@id":"way/405083276","highway":"primary","int_ref":"E 105","lanes":"4","loc_name":"Объездная дорога","maxspeed":"60","ref":"35К-023","surface":"asphalt"},"geometry":{"type":"LineString","coordinates":[[34.1440432,44.9624144],[34.1440947,44.9623123],[34.1443385,44.9618295]]},"id":"way/405083276"},{"type":"Feature","properties":{"@id":"way/405088473","highway":"tertiary","name":"улица Крымской Правды","name:en":"Krymskoy Pravdy Street","name:ru":"улица Крымской Правды","name:uk":"Кримської Правди вулиця"},"geometry":{"type":"LineString","coordinates":[[34.0724281,44.9284201],[34.072618,44.9284277],[34.0732172,44.9284524],[34.073791,44.9284761],[34.0738609,44.928479],[34.0739335,44.928482],[34.07399,44.9284843],[34.0744704,44.9285042],[34.0747612,44.9285162],[34.0761609,44.928574],[34.0763156,44.9285804],[34.0769001,44.9286045],[34.0769596,44.928606],[34.0770932,44.9286095],[34.0772304,44.928613],[34.077384,44.928617]]},"id":"way/405088473"},{"type":"Feature","properties":{"@id":"way/405413905","highway":"tertiary","name":"улица Ломоносова","name:en":"Lomonosova Street","name:etymology:wikidata":"Q58720","name:ru":"улица Ломоносова","name:uk":"Ломоносова вулиця","surface":"asphalt"},"geometry":{"type":"LineString","coordinates":[[34.1266626,44.9380616],[34.1267332,44.9379318],[34.1272208,44.937558],[34.1272965,44.9375]]},"id":"way/405413905"},{"type":"Feature","properties":{"@id":"way/405413907","highway":"tertiary","name":"улица Нестерова","name:ru":"улица Нестерова","name:uk":"Нестерова вулиця","surface":"asphalt"},"geometry":{"type":"LineString","coordinates":[[34.1252005,44.9308543],[34.1250539,44.9327335],[34.1250166,44.9332532],[34.125005,44.9334441],[34.1249505,44.933947],[34.1248779,44.9344957],[34.1248389,44.9348059],[34.1247641,44.9353998],[34.1246017,44.9370097],[34.1245751,44.937156]]},"id":"way/405413907"},{"type":"Feature","properties":{"@id":"way/405462333","abutters":"residential","highway":"primary","lanes":"2","maxspeed":"60","name":"Киевская улица","name:en":"Kievskaya Street","name:etymology:wikidata":"Q1899","name:ru":"Киевская улица","oneway":"yes","surface":"asphalt","trolley_wire":"yes"},"geometry":{"type":"LineString","coordinates":[[34.1100743,44.9587408],[34.1098786,44.958782],[34.1097958,44.9588025],[34.1096609,44.9588506],[34.1096091,44.9589001],[34.1094506,44.9590231]]},"id":"way/405462333"},{"type":"Feature","properties":{"@id":"way/405462407","abutters":"residential","hgv":"no","highway":"primary","lanes":"4","maxspeed":"60","name":"Севастопольская улица","name:en":"Sevastopolskaya Street","name:ru":"Севастопольская улица","name:uk":"Севастопольська вулиця","surface":"asphalt","trolley_wire":"yes"},"geometry":{"type":"LineString","coordinates":[[34.0797465,44.921752],[34.0796641,44.9216878]]},"id":"way/405462407"},{"type":"Feature","properties":{"@id":"way/411346162","abutters":"residential","highway":"primary","lanes":"4","maxspeed":"60","name":"Севастопольская улица","name:en":"Sevastopolskaya Street","name:ru":"Севастопольская улица","name:uk":"Севастопольська вулиця","surface":"asphalt","trolley_wire":"yes"},"geometry":{"type":"LineString","coordinates":[[34.0945666,44.9401464],[34.0946348,44.9402215]]},"id":"way/411346162"},{"type":"Feature","properties":{"@id":"way/411579413","abutters":"residential","highway":"primary","lanes":"4","maxspeed":"60","name":"проспект Кирова","name:en":"Kirov Avenue","name:ru":"проспект Кирова","name:uk":"Кірова проспект","surface":"asphalt","trolley_wire":"yes"},"geometry":{"type":"LineString","coordinates":[[34.1038242,44.95496],[34.1037549,44.9548693]]},"id":"way/411579413"},{"type":"Feature","properties":{"@id":"way/425986355","abutters":"residential","highway":"secondary","lanes":"2","maxspeed":"60","surface":"asphalt"},"geometry":{"type":"LineString","coordinates":[[34.0376253,44.9368936],[34.0377902,44.9369042],[34.0385476,44.9369531],[34.0388776,44.9369747],[34.0409274,44.9371429],[34.0424357,44.9372384]]},"id":"way/425986355"},{"type":"Feature","properties":{"@id":"way/430386963","highway":"tertiary","lanes":"2","name":"Ровный переулок","name:ru":"Ровный переулок","name:uk":"Рівний провулок","surface":"asphalt"},"geometry":{"type":"LineString","coordinates":[[34.048273,44.9372744],[34.0482911,44.9370639]]},"id":"way/430386963"},{"type":"Feature","properties":{"@id":"way/437250407","abutters":"residential","highway":"primary","lanes":"4","maxspeed":"60","name":"проспект Победы","name:en":"Pobedy Avenue","name:etymology:wikidata":"Q270706","name:ru":"проспект Победы","name:uk":"Перемоги проспект","old_ref":"Р-23","ref":"35К-003;Р-23","surface":"asphalt","trolley_wire":"yes"},"geometry":{"type":"LineString","coordinates":[[34.1375364,44.9756094],[34.1378222,44.9758562]]},"id":"way/437250407"},{"type":"Feature","properties":{"@id":"way/440901910","highway":"tertiary","maxspeed":"RU:urban","name":"бульвар Ивана Франко","name:en":"Franko Boulevard","name:ru":"бульвар Ивана Франко","name:uk":"Івана Франка бульвар","surface":"asphalt"},"geometry":{"type":"LineString","coordinates":[[34.1081295,44.9605156],[34.1079982,44.9604616],[34.1066844,44.9599344]]},"id":"way/440901910"},{"type":"Feature","properties":{"@id":"way/441570212","abutters":"residential","highway":"secondary","lane_markings":"no","lit":"yes","maxspeed":"60","name":"улица Куйбышева","name:en":"Kuybyshev Street","name:etymology:wikidata":"Q443703","name:ru":"улица Куйбышева","name:uk":"Куйбишева вулиця","oneway":"yes","surface":"asphalt"},"geometry":{"type":"LineString","coordinates":[[34.1094506,44.9590231],[34.1095788,44.9593404],[34.1095971,44.9593919],[34.1096243,44.9594763],[34.1098521,44.9602274],[34.109971,44.9606196]]},"id":"way/441570212"},{"type":"Feature","properties":{"@id":"way/444394348","highway":"tertiary","lanes":"1","oneway":"yes","surface":"asphalt"},"geometry":{"type":"LineString","coordinates":[[34.0879672,44.9889821],[34.0877831,44.9890231],[34.0877098,44.9890653],[34.0876512,44.9891144],[34.0875846,44.9891994]]},"id":"way/444394348"},{"type":"Feature","properties":{"@id":"way/444394349","highway":"primary","int_ref":"E 105","lanes":"3","oneway":"yes","ref":"35К-023","surface":"asphalt"},"geometry":{"type":"LineString","coordinates":[[34.0871992,44.9888307],[34.0867908,44.9887198],[34.0862797,44.9885751]]},"id":"way/444394349"},{"type":"Feature","properties":{"@id":"way/446145869","abutters":"residential","highway":"primary","lanes":"4","maxspeed":"60","name":"Киевская улица","name:en":"Kievskaya Street","name:etymology:wikidata":"Q1899","name:ru":"Киевская улица","oneway":"no","surface":"asphalt","trolley_wire":"yes"},"geometry":{"type":"LineString","coordinates":[[34.1057024,44.9634235],[34.1058067,44.9633011],[34.1061516,44.9628877],[34.1063136,44.9626935]]},"id":"way/446145869"},{"type":"Feature","properties":{"@id":"way/447505830","abutters":"residential","highway":"primary","lanes":"4","maxspeed":"60","name":"Киевская улица","name:en":"Kievskaya Street","name:etymology:wikidata":"Q1899","name:ru":"Киевская улица","oneway":"no","surface":"asphalt","trolley_wire":"yes"},"geometry":{"type":"LineString","coordinates":[[34.1063136,44.9626935],[34.1068171,44.9620917]]},"id":"way/447505830"},{"type":"Feature","properties":{"@id":"way/448334874","abutters":"residential","highway":"primary","lanes":"4","maxspeed":"60","name":"Киевская улица","name:en":"Kievskaya Street","name:etymology:wikidata":"Q1899","name:ru":"Киевская улица","oneway":"no","surface":"asphalt","trolley_wire":"yes"},"geometry":{"type":"LineString","coordinates":[[34.1068171,44.9620917],[34.1071612,44.961674]]},"id":"way/448334874"},{"type":"Feature","properties":{"@id":"way/448334875","abutters":"residential","highway":"primary","lanes":"4","maxspeed":"60","name":"Киевская улица","name:en":"Kievskaya Street","name:etymology:wikidata":"Q1899","name:ru":"Киевская улица","oneway":"no","surface":"asphalt","trolley_wire":"yes"},"geometry":{"type":"LineString","coordinates":[[34.1081295,44.9605156],[34.10848,44.9600997],[34.1087524,44.9597765],[34.1090217,44.9594615],[34.1091576,44.9592988],[34.1092922,44.9591421]]},"id":"way/448334875"},{"type":"Feature","properties":{"@id":"way/448334876","abutters":"residential","highway":"primary","lanes":"4","maxspeed":"60","name":"Киевская улица","name:en":"Kievskaya Street","name:etymology:wikidata":"Q1899","name:ru":"Киевская улица","oneway":"no","surface":"asphalt","trolley_wire":"yes"},"geometry":{"type":"LineString","coordinates":[[34.1071612,44.961674],[34.1076149,44.9611245],[34.1080653,44.9605911],[34.1081295,44.9605156]]},"id":"way/448334876"},{"type":"Feature","properties":{"@id":"way/448494103","abutters":"residential","highway":"primary","lanes":"4","maxspeed":"60","name":"проспект Кирова","name:en":"Kirov Avenue","name:ru":"проспект Кирова","name:uk":"Кірова проспект","surface":"asphalt","trolley_wire":"yes"},"geometry":{"type":"LineString","coordinates":[[34.104624,44.9557486],[34.1045481,44.955686],[34.1043135,44.9554977],[34.1040496,44.9552365],[34.1038242,44.95496]]},"id":"way/448494103"},{"type":"Feature","properties":{"@id":"way/449029053","abutters":"residential","highway":"primary","lanes":"4","maxspeed":"60","name":"проспект Победы","name:en":"Pobedy Avenue","name:etymology:wikidata":"Q270706","name:ru":"проспект Победы","name:uk":"Перемоги проспект","old_ref":"Р-23","ref":"35К-003;Р-23","surface":"asphalt","trolley_wire":"yes"},"geometry":{"type":"LineString","coordinates":[[34.1456855,44.9809104],[34.1458975,44.9810435],[34.1459917,44.9811026],[34.14613,44.9811895]]},"id":"way/449029053"},{"type":"Feature","properties":{"@id":"way/455680980","abutters":"residential","highway":"primary","lanes":"4","maxspeed":"60","name":"проспект Кирова","name:en":"Kirov Avenue","name:ru":"проспект Кирова","name:uk":"Кірова проспект","surface":"asphalt","trolley_wire":"yes"},"geometry":{"type":"LineString","coordinates":[[34.1074516,44.9571401],[34.1060811,44.9564669]]},"id":"way/455680980"},{"type":"Feature","properties":{"@id":"way/456284467","abutters":"residential","highway":"primary","lanes":"4","maxspeed":"60","name":"проспект Победы","name:en":"Pobedy Avenue","name:etymology:wikidata":"Q270706","name:ru":"проспект Победы","name:uk":"Перемоги проспект","old_ref":"Р-23","oneway":"no","ref":"35К-003;Р-23","surface":"asphalt","trolley_wire":"yes"},"geometry":{"type":"LineString","coordinates":[[34.1373553,44.9754532],[34.1375012,44.9755815]]},"id":"way/456284467"},{"type":"Feature","properties":{"@id":"way/456284468","abutters":"residential","highway":"primary","lanes":"2","maxspeed":"60","name":"проспект Победы","name:en":"Pobedy Avenue","name:etymology:wikidata":"Q270706","name:ru":"проспект Победы","name:uk":"Перемоги проспект","oneway":"yes","ref":"Р-23","surface":"asphalt","trolley_wire":"yes"},"geometry":{"type":"LineString","coordinates":[[34.1372276,44.9751401],[34.1372332,44.9752171],[34.1372469,44.9752792],[34.1372775,44.9753444],[34.137304,44.9753919],[34.1373553,44.9754532]]},"id":"way/456284468"},{"type":"Feature","properties":{"@id":"way/456421077","abutters":"residential","hgv":"no","highway":"primary","lanes":"3","lanes:backward":"1","lanes:forward":"2","maxspeed":"60","name":"проспект Вернадского","name:en":"Vernadsky Avenue","name:ru":"проспект Вернадского","name:uk":"Вернадського проспект","old_name":"Ялтинская улица","old_name:uk":"Ялтинська вулиця","surface":"asphalt","trolley_wire":"yes"},"geometry":{"type":"LineString","coordinates":[[34.1338586,44.9354813],[34.1337881,44.9355779],[34.1334295,44.9360699]]},"id":"way/456421077"},{"type":"Feature","properties":{"@id":"way/463524603","highway":"tertiary","lanes":"2","maxheight":"2.5","maxspeed":"60","name":"Северная улица","name:en":"Severnaya Street","name:ru":"Северная улица","name:uk":"Північна вулиця","surface":"asphalt"},"geometry":{"type":"LineString","coordinates":[[34.0557593,44.9296606],[34.0557331,44.9296592],[34.0556808,44.9296579]]},"id":"way/463524603"},{"type":"Feature","properties":{"@id":"way/463524604","highway":"tertiary","lanes":"2","maxspeed":"60","name":"Северная улица","name:en":"Severnaya Street","name:ru":"Северная улица","name:uk":"Північна вулиця","surface":"asphalt"},"geometry":{"type":"LineString","coordinates":[[34.0556808,44.9296579],[34.0555308,44.9296593]]},"id":"way/463524604"},{"type":"Feature","properties":{"@id":"way/466870648","highway":"secondary","name":"улица Желябова","name:en":"Zheliabova Street","name:ru":"улица Желябова","name:uk":"Желябова вулиця","oneway":"yes","surface":"asphalt"},"geometry":{"type":"LineString","coordinates":[[34.095192,44.9536315],[34.0958386,44.9541533]]},"id":"way/466870648"},{"type":"Feature","properties":{"@id":"way/471573475","abutters":"residential","highway":"primary","lanes":"2","maxspeed":"60","name":"улица Ленина","name:en":"Lenina street","name:etymology:wikidata":"Q1394","name:ru":"улица Ленина","name:uk":"Леніна вулиця","oneway":"yes","surface":"asphalt"},"geometry":{"type":"LineString","coordinates":[[34.1033835,44.9520514],[34.1029719,44.9522253],[34.1029295,44.9522454],[34.1028138,44.9523012]]},"id":"way/471573475"},{"type":"Feature","properties":{"@id":"way/471573480","abutters":"residential","highway":"primary","lanes":"4","maxspeed":"60","name":"улица Ленина","name:en":"Lenina street","name:etymology:wikidata":"Q1394","name:ru":"улица Ленина","name:uk":"Леніна вулиця","surface":"asphalt"},"geometry":{"type":"LineString","coordinates":[[34.1033835,44.9520514],[34.1035358,44.9519993]]},"id":"way/471573480"},{"type":"Feature","properties":{"@id":"way/471573487","highway":"primary","lanes":"2","name":"проспект Кирова","name:en":"Kirov Avenue","name:ru":"проспект Кирова","name:uk":"Кірова проспект","oneway":"yes","surface":"asphalt","trolley_wire":"yes"},"geometry":{"type":"LineString","coordinates":[[34.1026006,44.9527437],[34.1025897,44.952729],[34.102498,44.952605],[34.102424,44.9525],[34.1023118,44.952396]]},"id":"way/471573487"},{"type":"Feature","properties":{"@id":"way/471573490","highway":"primary","lanes":"2","name":"улица Ленина","name:en":"Lenina street","name:etymology:wikidata":"Q1394","name:ru":"улица Ленина","name:uk":"Леніна вулиця","oneway":"yes","surface":"asphalt"},"geometry":{"type":"LineString","coordinates":[[34.1027651,44.9519499],[34.102913,44.9519904],[34.1030156,44.9520181],[34.1030691,44.9520307],[34.1031659,44.952043],[34.1032664,44.9520525],[34.1033835,44.9520514]]},"id":"way/471573490"},{"type":"Feature","properties":{"@id":"way/471573493","highway":"primary","lanes":"2","name":"проспект Кирова","name:en":"Kirov Avenue","name:ru":"проспект Кирова","name:uk":"Кірова проспект","oneway":"yes","surface":"asphalt","trolley_wire":"yes"},"geometry":{"type":"LineString","coordinates":[[34.1021332,44.9515655],[34.1022766,44.9516791],[34.1023944,44.9517496],[34.1026433,44.9518912]]},"id":"way/471573493"},{"type":"Feature","properties":{"@id":"way/471573496","highway":"primary","name":"проспект Кирова","name:en":"Kirov Avenue","name:ru":"проспект Кирова","name:uk":"Кірова проспект","oneway":"yes","surface":"asphalt","trolley_wire":"yes"},"geometry":{"type":"LineString","coordinates":[[34.1021549,44.9519969],[34.1021829,44.951791],[34.1021332,44.9515655]]},"id":"way/471573496"},{"type":"Feature","properties":{"@id":"way/471573498","highway":"primary","lanes":"2","name":"Совнаркомовский переулок","name:ru":"Совнаркомовский переулок","name:uk":"Раднаркомівський провулок","oneway":"yes","surface":"asphalt","trolley_wire":"yes"},"geometry":{"type":"LineString","coordinates":[[34.1017345,44.9522925],[34.1018213,44.952259],[34.1018789,44.95223],[34.1019258,44.9521959],[34.1019753,44.952152],[34.1020748,44.9520692],[34.1021312,44.9520273]]},"id":"way/471573498"},{"type":"Feature","properties":{"@id":"way/471642075","abutters":"residential","highway":"primary","lanes":"2","maxspeed":"60","name":"проспект Кирова","name:en":"Kirov Avenue","name:ru":"проспект Кирова","name:uk":"Кірова проспект","oneway":"yes","surface":"asphalt","trolley_wire":"yes"},"geometry":{"type":"LineString","coordinates":[[34.1026985,44.9523812],[34.1026306,44.9524875],[34.1026105,44.9525795],[34.1026043,44.9526653],[34.1026006,44.9527437]]},"id":"way/471642075"},{"type":"Feature","properties":{"@id":"way/471642076","highway":"primary","lanes":"2","name":"Совнаркомовский переулок","name:ru":"Совнаркомовский переулок","name:uk":"Раднаркомівський провулок","oneway":"yes","surface":"asphalt","trolley_wire":"yes"},"geometry":{"type":"LineString","coordinates":[[34.1022067,44.9523422],[34.1021241,44.9523187],[34.1020587,44.9523093],[34.1019768,44.9522975],[34.1018678,44.9522954],[34.1017345,44.9522925]]},"id":"way/471642076"},{"type":"Feature","properties":{"@id":"way/472329602","abutters":"residential","highway":"primary","lanes":"3","maxspeed":"60","name":"Киевская улица","name:en":"Kievskaya Street","name:etymology:wikidata":"Q1899","name:ru":"Киевская улица","name:uk":"Київська вулиця","oneway":"yes","surface":"asphalt","trolley_wire":"no"},"geometry":{"type":"LineString","coordinates":[[34.0968601,44.9738233],[34.0965574,44.9740947],[34.0961721,44.9744401],[34.0947827,44.9756597]]},"id":"way/472329602"},{"type":"Feature","properties":{"@id":"way/472329605","abutters":"residential","highway":"primary","lanes":"3","maxspeed":"60","name":"улица Гагарина","name:en":"Gagarina Street","name:etymology:wikidata":"Q7327","name:ru":"улица Гагарина","name:uk":"Гагаріна вулиця","oneway":"yes","surface":"asphalt","trolley_wire":"yes"},"geometry":{"type":"LineString","coordinates":[[34.0968286,44.973188],[34.0968129,44.9730763],[34.0967898,44.9730305],[34.0967672,44.972977],[34.0967421,44.9729264],[34.0967131,44.9728669],[34.0966359,44.9727803]]},"id":"way/472329605"},{"type":"Feature","properties":{"@id":"way/472329607","abutters":"residential","highway":"primary","maxspeed":"60","name":"Кечкеметская улица","name:en":"Kechkemetskaya Street","name:ru":"Кечкеметская улица","surface":"asphalt","trolley_wire":"yes"},"geometry":{"type":"LineString","coordinates":[[34.0981995,44.9736355],[34.0983533,44.9736958],[34.0992547,44.9740492]]},"id":"way/472329607"},{"type":"Feature","properties":{"@id":"way/472329608","abutters":"residential","highway":"primary","maxspeed":"60","name":"Кечкеметская улица","name:en":"Kechkemetskaya Street","name:ru":"Кечкеметская улица","oneway":"yes","surface":"asphalt","trolley_wire":"yes"},"geometry":{"type":"LineString","coordinates":[[34.0978334,44.9732643],[34.0979071,44.9733867],[34.0980003,44.9734889],[34.098094,44.9735549],[34.0981995,44.9736355]]},"id":"way/472329608"},{"type":"Feature","properties":{"@id":"way/472329610","abutters":"residential","highway":"primary","lanes":"4","maxspeed":"60","name":"Киевская улица","name:en":"Kievskaya Street","name:etymology:wikidata":"Q1899","name:ru":"Киевская улица","surface":"asphalt","trolley_wire":"yes"},"geometry":{"type":"LineString","coordinates":[[34.1022194,44.9676315],[34.1021388,44.9677384]]},"id":"way/472329610"},{"type":"Feature","properties":{"@id":"way/472329611","abutters":"residential","highway":"primary","lanes":"2","maxspeed":"60","name":"Киевская улица","name:en":"Kievskaya Street","name:etymology:wikidata":"Q1899","name:ru":"Киевская улица","name:uk":"Київська вулиця","oneway":"yes","surface":"asphalt","trolley_wire":"yes"},"geometry":{"type":"LineString","coordinates":[[34.0973551,44.9729438],[34.0974831,44.9728974],[34.0975877,44.972855],[34.0976941,44.9728037],[34.097783,44.9727597],[34.0978845,44.972708]]},"id":"way/472329611"},{"type":"Feature","properties":{"@id":"way/473611577","highway":"primary","junction":"roundabout","lanes":"3","loc_name":"Куйбышатник","maxspeed:type":"UA:urban","name":"площадь Куйбышева","name:ru":"площадь Куйбышева","name:uk":"Куйбишева площа","oneway":"yes","route":"junction","surface":"asphalt","trolley_wire":"yes"},"geometry":{"type":"LineString","coordinates":[[34.1094904,44.9584449],[34.1094753,44.9583473],[34.1094954,44.9582611],[34.1095428,44.9581805],[34.1096152,44.9581097],[34.1097086,44.9580526],[34.109818,44.9580121],[34.1099229,44.9579886]]},"id":"way/473611577"},{"type":"Feature","properties":{"@id":"way/473611579","highway":"primary","lanes":"2","maxspeed":"RU:urban","name":"проспект Победы","name:en":"Pobedy Avenue","name:etymology:wikidata":"Q270706","name:ru":"проспект Победы","oneway":"yes","surface":"asphalt","trolley_wire":"yes"},"geometry":{"type":"LineString","coordinates":[[34.1105483,44.9584096],[34.1105317,44.9585242],[34.11054,44.9585975],[34.1105745,44.9586448],[34.1106378,44.9586998],[34.1107987,44.9588054],[34.1111642,44.9589913],[34.1117307,44.9592794]]},"id":"way/473611579"},{"type":"Feature","properties":{"@id":"way/473611580","highway":"primary","lanes":"2","maxspeed":"RU:urban","name":"проспект Победы","name:en":"Pobedy Avenue","name:etymology:wikidata":"Q270706","name:ru":"проспект Победы","name:uk":"Перемоги проспект","oneway":"yes","surface":"asphalt","trolley_wire":"yes"},"geometry":{"type":"LineString","coordinates":[[34.1092003,44.9579772],[34.1093714,44.9580312],[34.1095877,44.9580493],[34.1099229,44.9579886]]},"id":"way/473611580"},{"type":"Feature","properties":{"@id":"way/473611581","abutters":"residential","highway":"primary","lanes":"4","maxspeed":"60","name":"проспект Кирова","name:en":"Kirov Avenue","name:ru":"проспект Кирова","name:uk":"Кірова проспект","surface":"asphalt","trolley_wire":"yes"},"geometry":{"type":"LineString","coordinates":[[34.1092003,44.9579772],[34.1078182,44.9573156],[34.1074516,44.9571401]]},"id":"way/473611581"},{"type":"Feature","properties":{"@id":"way/473611582","highway":"primary","lanes":"2","maxspeed":"RU:urban","name":"проспект Победы","name:en":"Pobedy Avenue","name:etymology:wikidata":"Q270706","name:ru":"проспект Победы","name:uk":"Перемоги проспект","oneway":"yes","surface":"asphalt","trolley_wire":"yes"},"geometry":{"type":"LineString","coordinates":[[34.1094904,44.9584449],[34.1094132,44.9582302],[34.1092746,44.9580449],[34.1092003,44.9579772]]},"id":"way/473611582"},{"type":"Feature","properties":{"@id":"way/473611583","abutters":"residential","highway":"primary","lanes":"2","maxspeed":"60","name":"Киевская улица","name:en":"Kievskaya Street","name:etymology:wikidata":"Q1899","name:ru":"Киевская улица","oneway":"yes","surface":"asphalt","trolley_wire":"yes"},"geometry":{"type":"LineString","coordinates":[[34.1094506,44.9590231],[34.1092922,44.9591421]]},"id":"way/473611583"},{"type":"Feature","properties":{"@id":"way/473611585","abutters":"residential","highway":"primary","lanes":"2","maxspeed":"60","name":"Киевская улица","name:en":"Kievskaya Street","name:etymology:wikidata":"Q1899","name:ru":"Киевская улица","oneway":"yes","surface":"asphalt","trolley_wire":"yes"},"geometry":{"type":"LineString","coordinates":[[34.1092922,44.9591421],[34.1094725,44.958865],[34.1095178,44.9586627],[34.109505,44.9584869]]},"id":"way/473611585"},{"type":"Feature","properties":{"@id":"way/473611586","highway":"primary","junction":"roundabout","lanes":"3","loc_name":"Куйбышатник","name":"площадь Куйбышева","name:ru":"площадь Куйбышева","name:uk":"Куйбишева площа","oneway":"yes","route":"junction","surface":"asphalt","trolley_wire":"yes"},"geometry":{"type":"LineString","coordinates":[[34.1105483,44.9584096],[34.110525,44.958478],[34.1105069,44.9585254],[34.110466,44.9585764],[34.1104098,44.9586158],[34.1103489,44.9586574],[34.1102795,44.9586917],[34.1102033,44.9587178]]},"id":"way/473611586"},{"type":"Feature","properties":{"@id":"way/473611587","abutters":"residential","highway":"primary","lanes":"2","maxspeed":"60","name":"Киевская улица","name:en":"Kievskaya Street","name:etymology:wikidata":"Q1899","name:ru":"Киевская улица","name:uk":"Київська вулиця","oneway":"yes","surface":"asphalt","trolley_wire":"yes"},"geometry":{"type":"LineString","coordinates":[[34.1105072,44.9579962],[34.1104869,44.9580481],[34.1104946,44.9581338],[34.1105129,44.9582222]]},"id":"way/473611587"},{"type":"Feature","properties":{"@id":"way/473611588","abutters":"residential","highway":"primary","lanes":"2","maxspeed":"60","name":"Киевская улица","name:en":"Kievskaya Street","name:etymology:wikidata":"Q1899","name:ru":"Киевская улица","name:uk":"Київська вулиця","oneway":"yes","surface":"asphalt","trolley_wire":"yes"},"geometry":{"type":"LineString","coordinates":[[34.1100184,44.9579871],[34.1102218,44.9579605],[34.1103984,44.9579276],[34.1105795,44.9578981]]},"id":"way/473611588"},{"type":"Feature","properties":{"@id":"way/473615352","highway":"primary","junction":"roundabout","name":"Советская площадь","name:en":"Soviet Square","name:ru":"Советская площадь","name:uk":"Радянська площа","oneway":"yes","surface":"asphalt","trolley_wire":"yes"},"geometry":{"type":"LineString","coordinates":[[34.1026985,44.9523812],[34.1026071,44.9524116],[34.1025079,44.9524246],[34.1024073,44.9524193],[34.1023118,44.952396]]},"id":"way/473615352"},{"type":"Feature","properties":{"@id":"way/482529079","highway":"secondary","name":"улица 51-й Армии","name:en":"51-i Armii Street","name:ru":"улица 51-й Армии","name:uk":"51-ї Армії вулиця","surface":"asphalt"},"geometry":{"type":"LineString","coordinates":[[34.127246,44.9566308],[34.1273332,44.9565966],[34.1274603,44.9565468],[34.1284419,44.9561621],[34.1290401,44.9559276],[34.1299621,44.9555686],[34.1309071,44.9551999]]},"id":"way/482529079"},{"type":"Feature","properties":{"@id":"way/482547800","highway":"secondary","name":"улица 51-й Армии","name:en":"51-i Armii Street","name:ru":"улица 51-й Армии","name:uk":"51-ї Армії вулиця","surface":"asphalt"},"geometry":{"type":"LineString","coordinates":[[34.1325886,44.9545548],[34.1333907,44.9542415]]},"id":"way/482547800"},{"type":"Feature","properties":{"@id":"way/483124697","highway":"secondary","name":"Курцовская улица","name:ru":"Курцовская улица","name:uk":"Курцовська вулиця","surface":"asphalt"},"geometry":{"type":"LineString","coordinates":[[34.1092939,44.9333546],[34.1103842,44.9331253]]},"id":"way/483124697"},{"type":"Feature","properties":{"@id":"way/483124701","highway":"tertiary","lane_markings":"no","name":"улица Батурина","name:en":"Baturina Street","name:ru":"улица Батурина","name:uk":"Батурина вулиця","sidewalk":"right","source":"Bing","surface":"asphalt"},"geometry":{"type":"LineString","coordinates":[[34.1037292,44.9254153],[34.1034886,44.9255196],[34.1033849,44.9255634],[34.1029925,44.9257065],[34.1019324,44.926093],[34.1005478,44.9266195],[34.0996495,44.9269613],[34.0995748,44.9271628],[34.1003876,44.9284081],[34.1005179,44.9286148],[34.1009548,44.929308],[34.1013685,44.9299645]]},"id":"way/483124701"},{"type":"Feature","properties":{"@id":"way/483124703","abutters":"residential","highway":"secondary","lanes":"2","maxspeed":"60","name":"Объездная улица","name:en":"Obiezdnaya Street","name:ru":"Объездная улица","name:uk":"Об’їзна вулиця","surface":"asphalt"},"geometry":{"type":"LineString","coordinates":[[34.0912349,44.9369536],[34.0913015,44.9368621],[34.0913504,44.9367937],[34.091384,44.9367262],[34.0913916,44.9366203],[34.0913358,44.9364633]]},"id":"way/483124703"},{"type":"Feature","properties":{"@id":"way/483514330","highway":"tertiary","surface":"asphalt"},"geometry":{"type":"LineString","coordinates":[[34.0875846,44.9891994],[34.0875781,44.9892585],[34.0875628,44.9898295],[34.0875754,44.9904311],[34.087613,44.9910457]]},"id":"way/483514330"},{"type":"Feature","properties":{"@id":"way/485235947","abutters":"residential","highway":"secondary","maxspeed":"60","name":"улица Белова","name:ru":"улица Белова","name:uk":"Бєлова вулиця","surface":"asphalt"},"geometry":{"type":"LineString","coordinates":[[34.0682921,44.9794312],[34.0680501,44.9794401],[34.0680032,44.9794418],[34.0669461,44.9794659],[34.0661448,44.9794841]]},"id":"way/485235947"},{"type":"Feature","properties":{"@id":"way/485235948","highway":"secondary","name":"Кубанская улица","name:en":"Kubanskaya Street","name:ru":"Кубанская улица","name:uk":"Кубанська вулиця","surface":"asphalt","trolley_wire":"no"},"geometry":{"type":"LineString","coordinates":[[34.1421862,44.9786549],[34.1430381,44.978003],[34.1438014,44.9774238],[34.1441357,44.9771763],[34.1445427,44.9769118],[34.1454339,44.9763135],[34.1455463,44.9762415],[34.14578,44.9760918],[34.1464333,44.9756733],[34.1466133,44.975558],[34.1466966,44.9755047]]},"id":"way/485235948"},{"type":"Feature","properties":{"@id":"way/498486183","highway":"secondary","lanes":"2","name":"улица Крылова","name:en":"Krylova Street","name:ru":"улица Крылова","name:uk":"Крилова вулиця","surface":"asphalt"},"geometry":{"type":"LineString","coordinates":[[34.1011245,44.9432737],[34.1011976,44.9432288],[34.1013994,44.9431046],[34.1017202,44.9429072],[34.1018147,44.9428463],[34.102829,44.9421806]]},"id":"way/498486183"},{"type":"Feature","properties":{"@id":"way/502672753","highway":"primary","lanes":"5","name":"Севастопольская улица","name:en":"Sevastopolskaya Street","name:ru":"Севастопольская улица","name:uk":"Севастопольська вулиця","surface":"asphalt","trolley_wire":"yes"},"geometry":{"type":"LineString","coordinates":[[34.0930539,44.93844],[34.0931977,44.9385952]]},"id":"way/502672753"},{"type":"Feature","properties":{"@id":"way/503267115","abutters":"residential","highway":"primary","lanes":"3","maxspeed":"60","name":"улица Гагарина","name:en":"Gagarina Street","name:etymology:wikidata":"Q7327","name:ru":"улица Гагарина","name:uk":"Гагаріна вулиця","oneway":"yes","surface":"asphalt","trolley_wire":"yes"},"geometry":{"type":"LineString","coordinates":[[34.0936978,44.9702512],[34.0935987,44.9701747],[34.09344,44.9700388],[34.0925836,44.9693055]]},"id":"way/503267115"},{"type":"Feature","properties":{"@id":"way/503267116","abutters":"residential","highway":"primary","lanes":"3","maxspeed":"60","name":"улица Гагарина","name:en":"Gagarina Street","name:etymology:wikidata":"Q7327","name:ru":"улица Гагарина","name:uk":"Гагаріна вулиця","oneway":"yes","surface":"asphalt","trolley_wire":"yes"},"geometry":{"type":"LineString","coordinates":[[34.0966359,44.9727803],[34.0961094,44.9723353],[34.095999,44.972242],[34.0953575,44.9716844],[34.0944201,44.9708792]]},"id":"way/503267116"},{"type":"Feature","properties":{"@id":"way/503267117","abutters":"residential","highway":"primary","lanes":"3","maxspeed":"60","name":"улица Гагарина","name:en":"Gagarina Street","name:etymology:wikidata":"Q7327","name:ru":"улица Гагарина","name:uk":"Гагаріна вулиця","oneway":"yes","surface":"asphalt","trolley_wire":"yes"},"geometry":{"type":"LineString","coordinates":[[34.0944201,44.9708792],[34.0937601,44.9703053],[34.0936978,44.9702512]]},"id":"way/503267117"},{"type":"Feature","properties":{"@id":"way/503826182","abutters":"residential","highway":"primary","lanes":"3","maxspeed":"60","name":"проспект Победы","name:en":"Pobedy Avenue","name:etymology:wikidata":"Q270706","name:ru":"проспект Победы","oneway":"yes","surface":"asphalt","trolley_wire":"yes","turn:lanes":"left;through|through|right"},"geometry":{"type":"LineString","coordinates":[[34.1323762,44.971483],[34.1321499,44.9713048]]},"id":"way/503826182"},{"type":"Feature","properties":{"@id":"way/504189535","highway":"primary","lanes":"3","maxspeed":"RU:urban","name":"бульвар Ленина","name:en":"Lenina Avenue","name:etymology:wikidata":"Q1394","name:ru":"бульвар Ленина","name:uk":"Леніна бульвар","oneway":"yes","surface":"asphalt","trolley_wire":"yes","turn:lanes":"left|through|through;right"},"geometry":{"type":"LineString","coordinates":[[34.0876596,44.9585538],[34.0878752,44.9583559],[34.088185,44.9580936],[34.0883965,44.9579145],[34.0884955,44.9578215],[34.088698,44.9576422]]},"id":"way/504189535"},{"type":"Feature","properties":{"@id":"way/505215298","highway":"primary","lanes":"4","name":"проспект Кирова","name:en":"Kirov Avenue","name:ru":"проспект Кирова","name:uk":"Кірова проспект","surface":"asphalt","trolley_wire":"yes"},"geometry":{"type":"LineString","coordinates":[[34.1027401,44.9530088],[34.1026006,44.9527437]]},"id":"way/505215298"},{"type":"Feature","properties":{"@id":"way/505216363","abutters":"residential","highway":"secondary","lanes":"3","lanes:backward":"1","lanes:forward":"2","maxspeed":"60","name":"улица Желябова","name:en":"Zheliabova Street","name:ru":"улица Желябова","name:uk":"Желябова вулиця","surface":"asphalt"},"geometry":{"type":"LineString","coordinates":[[34.086755,44.9465716],[34.0868779,44.9466663]]},"id":"way/505216363"},{"type":"Feature","properties":{"@id":"way/508518936","highway":"primary","junction":"roundabout","lanes":"3","name":"Московская площадь","name:ru":"Московская площадь","name:uk":"Московська площа","oneway":"yes","route":"junction","surface":"asphalt","trolley_wire":"yes"},"geometry":{"type":"LineString","coordinates":[[34.0974341,44.9736303],[34.0973886,44.9736342],[34.0973428,44.9736351],[34.0972971,44.973633],[34.0972519,44.9736278],[34.0972076,44.9736232],[34.0971645,44.9736147],[34.0971219,44.9736016],[34.0970775,44.9735867],[34.097028,44.9735648],[34.0969989,44.9735467],[34.0969717,44.9735283],[34.0969375,44.9735043],[34.0969121,44.9734804],[34.0968828,44.9734477],[34.0968665,44.9734184],[34.0968491,44.9733872],[34.0968295,44.9733412]]},"id":"way/508518936"},{"type":"Feature","properties":{"@id":"way/508518939","highway":"primary","junction":"roundabout","name":"Советская площадь","name:en":"Soviet Square","name:ru":"Советская площадь","name:uk":"Радянська площа","oneway":"yes","surface":"asphalt","trolley_wire":"yes"},"geometry":{"type":"LineString","coordinates":[[34.1022067,44.9523422],[34.1021482,44.9522885],[34.1021097,44.9522263],[34.1020937,44.9521594],[34.102101,44.9520917],[34.1021312,44.9520273]]},"id":"way/508518939"},{"type":"Feature","properties":{"@id":"way/508518940","highway":"primary","junction":"roundabout","lanes":"3","loc_name":"Куйбышатник","maxspeed:type":"UA:urban","name":"площадь Куйбышева","name:ru":"площадь Куйбышева","name:uk":"Куйбишева площа","oneway":"yes","route":"junction","surface":"asphalt","trolley_wire":"yes"},"geometry":{"type":"LineString","coordinates":[[34.1100184,44.9579871],[34.1101413,44.9579988],[34.1102572,44.9580302],[34.1103596,44.9580797],[34.1104432,44.9581445],[34.1105129,44.9582222]]},"id":"way/508518940"},{"type":"Feature","properties":{"@id":"way/548754647","destination":"Ніколаевка;Севастополь","highway":"primary_link","lanes":"1","maxspeed":"60","old_ref":"Т-01-01","oneway":"yes","ref":"35К-007","surface":"asphalt"},"geometry":{"type":"LineString","coordinates":[[34.0719876,44.9856539],[34.0721132,44.9853863],[34.0721287,44.9852432],[34.0720828,44.9851415],[34.0719976,44.9850339],[34.071902,44.984966],[34.0717563,44.9848929],[34.0715772,44.9848227],[34.0714465,44.98478],[34.0712932,44.9847148],[34.0712192,44.9846837],[34.0711406,44.9845643],[34.0711103,44.984425],[34.0710774,44.9842837],[34.0710197,44.9841556],[34.0709419,44.9840377],[34.0707937,44.98392],[34.0703339,44.9836126],[34.0701294,44.9833847]]},"id":"way/548754647"},{"type":"Feature","properties":{"@id":"way/600454021","abutters":"residential","highway":"primary","lanes":"4","maxspeed":"60","name":"Киевская улица","name:en":"Kievskaya Street","name:etymology:wikidata":"Q1899","name:ru":"Киевская улица","name:uk":"Київська вулиця","oneway":"yes","surface":"asphalt","trolley_wire":"yes"},"geometry":{"type":"LineString","coordinates":[[34.1105795,44.9578981],[34.1105072,44.9579962]]},"id":"way/600454021"},{"type":"Feature","properties":{"@id":"way/608729847","highway":"tertiary","oneway":"yes","smoothness":"excellent","surface":"asphalt"},"geometry":{"type":"LineString","coordinates":[[34.0623792,44.9386586],[34.0619471,44.9385085],[34.0618113,44.9384802],[34.0617235,44.9384788],[34.0616398,44.9384896],[34.0615725,44.9385085],[34.0615219,44.9385272],[34.0614343,44.9386226]]},"id":"way/608729847"},{"type":"Feature","properties":{"@id":"way/615015957","bridge":"yes","highway":"primary","int_ref":"E 105","lanes":"2","layer":"1","loc_name":"Объездная дорога","maxspeed":"60","oneway":"yes","ref":"35К-023","surface":"asphalt"},"geometry":{"type":"LineString","coordinates":[[34.1361246,44.9754835],[34.1361962,44.9753843],[34.1368851,44.974359],[34.1369238,44.9743042]]},"id":"way/615015957"},{"type":"Feature","properties":{"@id":"way/615015958","highway":"primary","int_ref":"E 105","lanes":"2","loc_name":"Объездная дорога","maxspeed":"60","oneway":"yes","ref":"35К-023","surface":"asphalt"},"geometry":{"type":"LineString","coordinates":[[34.1271648,44.986051],[34.1272308,44.9860268],[34.1274622,44.9859422],[34.1280495,44.9856843],[34.1283563,44.9855223],[34.1288906,44.985201],[34.1294256,44.9848251],[34.129873,44.9844496],[34.1301837,44.9841334],[34.1304926,44.9837447],[34.1311459,44.9827848],[34.1315019,44.9822655],[34.1318604,44.981739],[34.1335744,44.979222],[34.1345818,44.9777824],[34.1353304,44.9766385],[34.1357452,44.976034],[34.1361246,44.9754835]]},"id":"way/615015958"},{"type":"Feature","properties":{"@id":"way/615015959","highway":"primary","int_ref":"E 105","lanes":"2","loc_name":"Объездная дорога","maxspeed":"90","oneway":"yes","ref":"35К-023","surface":"asphalt"},"geometry":{"type":"LineString","coordinates":[[34.1362367,44.9755235],[34.1358649,44.9760702],[34.1354984,44.9766069],[34.1351213,44.977164],[34.1347561,44.9777104],[34.1345186,44.9780463],[34.1339982,44.9788102],[34.133878,44.9789784],[34.1335948,44.9794039],[34.133393,44.9797072],[34.1332206,44.9799571],[34.1331162,44.9801085],[34.132755,44.9806388],[34.1322743,44.9813379],[34.1319773,44.9817689],[34.1316141,44.9823116],[34.1314422,44.9825735],[34.1308403,44.9834399],[34.13061,44.9838028],[34.1305384,44.9838942],[34.1301775,44.9843106],[34.1297235,44.9847312],[34.12951,44.984906],[34.1291237,44.9851794],[34.128895,44.9853309],[34.1286343,44.9854867],[34.1283147,44.9856587],[34.128083,44.9857707],[34.1279049,44.9858494],[34.1277765,44.9859056],[34.1275188,44.986013],[34.1272866,44.9861121],[34.1270419,44.9861927]]},"id":"way/615015959"},{"type":"Feature","properties":{"@id":"way/615015960","bridge":"yes","highway":"primary","int_ref":"E 105","lanes":"2","layer":"1","loc_name":"Объездная дорога","maxspeed":"60","oneway":"yes","ref":"35К-023","surface":"asphalt"},"geometry":{"type":"LineString","coordinates":[[34.1370381,44.9743481],[34.1370028,44.9743962],[34.1363064,44.9754178],[34.1362367,44.9755235]]},"id":"way/615015960"},{"type":"Feature","properties":{"@id":"way/625532009","highway":"primary_link","lanes":"1","maxspeed":"RU:urban","oneway":"yes","surface":"asphalt"},"geometry":{"type":"LineString","coordinates":[[34.0727073,44.9845769],[34.0724202,44.9845136],[34.0720304,44.9844082],[34.0717056,44.9843099],[34.0715953,44.984298],[34.0714769,44.9843041],[34.0713932,44.9843303],[34.0713207,44.9843808],[34.0712718,44.9844528],[34.0712577,44.9845121],[34.0712795,44.9845757],[34.0713369,44.984634],[34.0714207,44.9846892],[34.072218,44.9849677],[34.0723135,44.9849772],[34.0724091,44.9849707],[34.07249,44.9849468],[34.0725772,44.9848981],[34.0726966,44.9847999]]},"id":"way/625532009"},{"type":"Feature","properties":{"@id":"way/626826029","highway":"primary","int_ref":"E 105","lanes":"2","loc_name":"Объездная дорога","maxspeed":"60","oneway":"yes","ref":"35К-023","surface":"asphalt"},"geometry":{"type":"LineString","coordinates":[[34.1440432,44.9624144],[34.1438959,44.9627431],[34.1438532,44.9628385],[34.1437824,44.9629687],[34.1436373,44.9632466],[34.143432,44.9635997],[34.143385,44.9636722],[34.1431949,44.9639653],[34.1429098,44.9642731],[34.1426384,44.9645191],[34.1422917,44.9648248],[34.1419465,44.9651155],[34.1412218,44.965734],[34.1408384,44.9660625]]},"id":"way/626826029"},{"type":"Feature","properties":{"@id":"way/626826030","highway":"primary_link","oneway":"yes"},"geometry":{"type":"LineString","coordinates":[[34.140758,44.966016],[34.1408384,44.9660625]]},"id":"way/626826030"},{"type":"Feature","properties":{"@id":"way/626958755","highway":"secondary","name":"улица 51-й Армии","name:en":"51-i Armii Street","name:ru":"улица 51-й Армии","name:uk":"51-ї Армії вулиця","surface":"asphalt"},"geometry":{"type":"LineString","coordinates":[[34.1317582,44.9548632],[34.1325886,44.9545548]]},"id":"way/626958755"},{"type":"Feature","properties":{"@id":"way/626958756","highway":"tertiary","name":"улица Бетховена","name:en":"Betkhovena Street","name:ru":"улица Бетховена","name:uk":"Бетховена вулиця","surface":"ground"},"geometry":{"type":"LineString","coordinates":[[34.1326314,44.9532005],[34.133555,44.9529138]]},"id":"way/626958756"},{"type":"Feature","properties":{"@id":"way/626958762","highway":"secondary","name":"улица 51-й Армии","name:en":"51-i Armii Street","name:ru":"улица 51-й Армии","name:uk":"51-ї Армії вулиця","surface":"asphalt"},"geometry":{"type":"LineString","coordinates":[[34.1333907,44.9542415],[34.1339608,44.9540094],[34.1343009,44.9538747]]},"id":"way/626958762"},{"type":"Feature","properties":{"@id":"way/626958764","highway":"tertiary","lanes":"2","maxspeed":"60","name":"Суходольная улица","name:en":"Sukhodolnaya Street","name:ru":"Суходольная улица","name:uk":"Суходольна вулиця","surface":"asphalt"},"geometry":{"type":"LineString","coordinates":[[34.1343009,44.9538747],[34.1343119,44.9539599],[34.1346049,44.9543552],[34.1354262,44.9554633],[34.1365688,44.9569197],[34.1372731,44.9578169]]},"id":"way/626958764"},{"type":"Feature","properties":{"@id":"way/626958765","highway":"secondary","name":"Суходольная улица","name:en":"Sukhodolnaya Street","name:ru":"Суходольная улица","name:uk":"Суходольна вулиця"},"geometry":{"type":"LineString","coordinates":[[34.1341336,44.9536365],[34.1341699,44.953687],[34.1343009,44.9538747]]},"id":"way/626958765"},{"type":"Feature","properties":{"@id":"way/627584053","highway":"secondary","name":"Балаклавская улица","name:en":"Balaklavskaya Street","name:ru":"Балаклавская улица","name:uk":"Балаклавська вулиця","oneway":"yes","surface":"asphalt","trolley_wire":"yes"},"geometry":{"type":"LineString","coordinates":[[34.1098176,44.9200501],[34.1098511,44.9198532],[34.1098308,44.9196937]]},"id":"way/627584053"},{"type":"Feature","properties":{"@id":"way/627584058","highway":"primary","junction":"roundabout","name":"Советская площадь","name:en":"Soviet Square","name:ru":"Советская площадь","name:uk":"Радянська площа","oneway":"yes","surface":"asphalt","trolley_wire":"yes"},"geometry":{"type":"LineString","coordinates":[[34.1021312,44.9520273],[34.1021549,44.9519969]]},"id":"way/627584058"},{"type":"Feature","properties":{"@id":"way/627584059","highway":"primary","junction":"roundabout","lanes":"3","loc_name":"Куйбышатник","maxspeed:type":"UA:urban","name":"площадь Куйбышева","name:ru":"площадь Куйбышева","name:uk":"Куйбишева площа","oneway":"yes","route":"junction","surface":"asphalt","trolley_wire":"yes"},"geometry":{"type":"LineString","coordinates":[[34.1102033,44.9587178],[34.110117,44.9587335],[34.1100743,44.9587408]]},"id":"way/627584059"},{"type":"Feature","properties":{"@id":"way/627584060","highway":"primary","junction":"roundabout","lanes":"3","loc_name":"Куйбышатник","name":"площадь Куйбышева","name:ru":"площадь Куйбышева","name:uk":"Куйбишева площа","oneway":"yes","route":"junction","surface":"asphalt","trolley_wire":"yes"},"geometry":{"type":"LineString","coordinates":[[34.1105129,44.9582222],[34.1105363,44.9582893],[34.1105492,44.9583491],[34.1105483,44.9584096]]},"id":"way/627584060"},{"type":"Feature","properties":{"@id":"way/627584061","highway":"primary","junction":"roundabout","lanes":"3","loc_name":"Куйбышатник","maxspeed:type":"UA:urban","name":"площадь Куйбышева","name:ru":"площадь Куйбышева","name:uk":"Куйбишева площа","oneway":"yes","route":"junction","surface":"asphalt","trolley_wire":"yes"},"geometry":{"type":"LineString","coordinates":[[34.109505,44.9584869],[34.1094904,44.9584449]]},"id":"way/627584061"},{"type":"Feature","properties":{"@id":"way/627584064","highway":"primary","junction":"roundabout","name":"Советская площадь","name:en":"Soviet Square","name:ru":"Советская площадь","name:uk":"Радянська площа","oneway":"yes","surface":"asphalt","trolley_wire":"yes"},"geometry":{"type":"LineString","coordinates":[[34.1023118,44.952396],[34.1022561,44.9523722],[34.1022067,44.9523422]]},"id":"way/627584064"},{"type":"Feature","properties":{"@id":"way/627584065","highway":"primary","junction":"roundabout","name":"Советская площадь","name:en":"Soviet Square","name:ru":"Советская площадь","name:uk":"Радянська площа","oneway":"yes","surface":"asphalt","trolley_wire":"yes"},"geometry":{"type":"LineString","coordinates":[[34.1028138,44.9523012],[34.102762,44.9523455],[34.1026985,44.9523812]]},"id":"way/627584065"},{"type":"Feature","properties":{"@id":"way/627584066","highway":"primary","junction":"roundabout","name":"Советская площадь","name:en":"Soviet Square","name:ru":"Советская площадь","name:uk":"Радянська площа","oneway":"yes","surface":"asphalt","trolley_wire":"yes"},"geometry":{"type":"LineString","coordinates":[[34.1026433,44.9518912],[34.1027081,44.9519164],[34.1027651,44.9519499]]},"id":"way/627584066"},{"type":"Feature","properties":{"@id":"way/627584067","highway":"primary","junction":"roundabout","name":"Советская площадь","name:en":"Soviet Square","name:ru":"Советская площадь","name:uk":"Радянська площа","oneway":"yes","surface":"asphalt","trolley_wire":"yes"},"geometry":{"type":"LineString","coordinates":[[34.1028799,44.9521379],[34.1028741,44.9521952],[34.1028517,44.9522504],[34.1028138,44.9523012]]},"id":"way/627584067"},{"type":"Feature","properties":{"@id":"way/627584068","highway":"primary","junction":"roundabout","lanes":"3","loc_name":"Куйбышатник","maxspeed:type":"UA:urban","name":"площадь Куйбышева","name:ru":"площадь Куйбышева","name:uk":"Куйбишева площа","oneway":"yes","route":"junction","surface":"asphalt","trolley_wire":"yes"},"geometry":{"type":"LineString","coordinates":[[34.1099229,44.9579886],[34.1100184,44.9579871]]},"id":"way/627584068"},{"type":"Feature","properties":{"@id":"way/627584070","highway":"primary","junction":"roundabout","maxspeed":"60","oneway":"yes","surface":"asphalt","trolley_wire":"yes"},"geometry":{"type":"LineString","coordinates":[[34.1368686,44.9753528],[34.1367346,44.9753734],[34.1366797,44.9753791],[34.1366059,44.9753829],[34.1365192,44.975379],[34.1363742,44.9753591],[34.1362943,44.9753384],[34.1362237,44.9753103],[34.1361249,44.9752593],[34.1360237,44.9751867]]},"id":"way/627584070"},{"type":"Feature","properties":{"@id":"way/627584071","highway":"primary","junction":"roundabout","maxspeed":"60","oneway":"yes","surface":"asphalt","trolley_wire":"yes"},"geometry":{"type":"LineString","coordinates":[[34.1372276,44.9751401],[34.1371491,44.9752094],[34.1370543,44.9752773],[34.1369432,44.9753312],[34.1368686,44.9753528]]},"id":"way/627584071"},{"type":"Feature","properties":{"@id":"way/627584072","highway":"primary","junction":"roundabout","maxspeed":"60","oneway":"yes","surface":"asphalt"},"geometry":{"type":"LineString","coordinates":[[34.1360134,44.974607],[34.1361256,44.9745168],[34.1362649,44.9744481],[34.1364233,44.9744047]]},"id":"way/627584072"},{"type":"Feature","properties":{"@id":"way/627584073","highway":"primary","junction":"roundabout","maxspeed":"60","oneway":"yes","surface":"asphalt","trolley_wire":"yes"},"geometry":{"type":"LineString","coordinates":[[34.1358817,44.9749193],[34.1358917,44.9748391],[34.1359239,44.9747349],[34.1360134,44.974607]]},"id":"way/627584073"},{"type":"Feature","properties":{"@id":"way/627584076","highway":"primary","junction":"roundabout","name":"Советская площадь","name:en":"Soviet Square","name:ru":"Советская площадь","name:uk":"Радянська площа","oneway":"yes","surface":"asphalt","trolley_wire":"yes"},"geometry":{"type":"LineString","coordinates":[[34.1027651,44.9519499],[34.1028122,44.9519902],[34.1028478,44.9520361],[34.1028707,44.952086],[34.1028799,44.9521379]]},"id":"way/627584076"},{"type":"Feature","properties":{"@id":"way/628065027","abutters":"residential","hgv":"no","highway":"primary","lanes":"3","lanes:backward":"1","lanes:forward":"2","maxspeed":"60","name":"проспект Вернадского","name:en":"Vernadsky Avenue","name:ru":"проспект Вернадского","name:uk":"Вернадського проспект","old_name":"Ялтинская улица","old_name:uk":"Ялтинська вулиця","surface":"asphalt","trolley_wire":"yes"},"geometry":{"type":"LineString","coordinates":[[34.1334295,44.9360699],[34.1331677,44.9364229],[34.1330882,44.93653]]},"id":"way/628065027"},{"type":"Feature","properties":{"@id":"way/636036657","abutters":"residential","highway":"primary","lanes":"3","maxspeed":"60","name":"улица Гагарина","name:en":"Gagarina Street","name:etymology:wikidata":"Q7327","name:ru":"улица Гагарина","name:uk":"Гагаріна вулиця","oneway":"yes","surface":"asphalt","trolley_wire":"yes"},"geometry":{"type":"LineString","coordinates":[[34.0967587,44.9727709],[34.0968459,44.9728237],[34.0969393,44.9728705],[34.0970006,44.9728921],[34.0971316,44.9729348],[34.0972481,44.972947]]},"id":"way/636036657"},{"type":"Feature","properties":{"@id":"way/636036658","highway":"primary","lanes":"3","maxspeed":"60","name":"улица Гагарина","name:en":"Gagarina street","name:etymology:wikidata":"Q7327","name:ru":"улица Гагарина","name:uk":"Гагаріна вулиця","oneway":"yes","surface":"asphalt","trolley_wire":"yes"},"geometry":{"type":"LineString","coordinates":[[34.0865243,44.9639729],[34.0866693,44.9640859]]},"id":"way/636036658"},{"type":"Feature","properties":{"@id":"way/636036661","access":"yes","agricultural":"destination","hgv":"destination","highway":"primary","lanes":"2","name":"улица КИМа","name:ru":"улица КИМа","name:uk":"КІМа вулиця","oneway":"no","oneway:psv":"no","surface":"asphalt","trolley_wire":"yes"},"geometry":{"type":"LineString","coordinates":[[34.0842278,44.9669528],[34.0843163,44.9667564],[34.0843671,44.9666395],[34.0844432,44.9664631],[34.0845818,44.9662139],[34.0847088,44.9660704],[34.084857,44.9659413],[34.0849784,44.9658683],[34.0855541,44.9655573]]},"id":"way/636036661"},{"type":"Feature","properties":{"@id":"way/636036663","access":"yes","agricultural":"destination","bridge":"yes","hgv":"destination","highway":"primary","lanes":"2","layer":"1","name":"улица КИМа","name:ru":"улица КИМа","name:uk":"КІМа вулиця","oneway":"no","oneway:psv":"no","surface":"asphalt","trolley_wire":"yes"},"geometry":{"type":"LineString","coordinates":[[34.0855541,44.9655573],[34.0860816,44.9652284]]},"id":"way/636036663"},{"type":"Feature","properties":{"@id":"way/636036666","access":"yes","agricultural":"destination","hgv":"destination","highway":"primary","lanes":"2","name":"Персиковый переулок","name:ru":"Персиковый переулок","name:uk":"Персиковий провулок","oneway":"yes","oneway:psv":"no","surface":"asphalt","trolley_wire":"yes"},"geometry":{"type":"LineString","coordinates":[[34.0830002,44.968795],[34.0832724,44.9688616]]},"id":"way/636036666"},{"type":"Feature","properties":{"@id":"way/636036667","highway":"primary","lanes":"2","oneway":"no","trolley_wire":"yes"},"geometry":{"type":"LineString","coordinates":[[34.0863729,44.9650279],[34.0864454,44.9649442],[34.0865115,44.9648357],[34.0865437,44.964755],[34.0865565,44.9646653],[34.0865634,44.964538],[34.0865687,44.9643289],[34.0865573,44.9641729]]},"id":"way/636036667"},{"type":"Feature","properties":{"@id":"way/636036668","highway":"primary","lanes":"3","maxspeed":"60","name":"улица Гагарина","name:en":"Gagarina street","name:etymology:wikidata":"Q7327","name:ru":"улица Гагарина","name:uk":"Гагаріна вулиця","oneway":"yes","surface":"asphalt","trolley_wire":"yes"},"geometry":{"type":"LineString","coordinates":[[34.0844066,44.9623447],[34.0848068,44.9626512],[34.0852287,44.9629567],[34.0853963,44.9630835],[34.0856256,44.9632637]]},"id":"way/636036668"},{"type":"Feature","properties":{"@id":"way/636906044","abutters":"residential","cycleway:both":"no","highway":"primary","lanes":"4","lit":"yes","maxspeed":"60","name":"Киевская улица","name:en":"Kievskaya Street","name:etymology:wikidata":"Q1899","name:ru":"Киевская улица","name:uk":"Київська вулиця","oneway":"no","surface":"asphalt","trolley_wire":"yes"},"geometry":{"type":"LineString","coordinates":[[34.1109258,44.9577435],[34.1105795,44.9578981]]},"id":"way/636906044"},{"type":"Feature","properties":{"@id":"way/638421826","highway":"primary","lanes":"2","oneway":"yes","surface":"asphalt"},"geometry":{"type":"LineString","coordinates":[[34.0873746,44.9648023],[34.0874762,44.9648136],[34.087572,44.9648392]]},"id":"way/638421826"},{"type":"Feature","properties":{"@id":"way/638421827","highway":"primary","lanes":"3","name":"улица Гагарина","name:en":"Gagarina Street","name:etymology:wikidata":"Q7327","name:ru":"улица Гагарина","name:uk":"Гагаріна вулиця","oneway":"yes","surface":"asphalt","trolley_wire":"yes"},"geometry":{"type":"LineString","coordinates":[[34.0873746,44.9648023],[34.0865573,44.9641729]]},"id":"way/638421827"},{"type":"Feature","properties":{"@id":"way/638421830","highway":"primary","oneway":"yes","surface":"asphalt","trolley_wire":"yes"},"geometry":{"type":"LineString","coordinates":[[34.0865243,44.9639729],[34.0865573,44.9641729]]},"id":"way/638421830"},{"type":"Feature","properties":{"@id":"way/655011286","abutters":"residential","highway":"secondary","incline":"-1","lanes":"2","lit":"no","maxspeed":"60","name":"улица Героев Сталинграда","name:ru":"улица Героев Сталинграда","name:uk":"Героїв Сталінграда вулиця","oneway":"yes","smoothness":"excellent","surface":"asphalt","trolley_wire":"no"},"geometry":{"type":"LineString","coordinates":[[34.0486362,44.9375334],[34.0487545,44.9376041],[34.0488547,44.9376562],[34.0489823,44.9377107],[34.0491268,44.937752]]},"id":"way/655011286"},{"type":"Feature","properties":{"@id":"way/655011287","abutters":"residential","highway":"secondary","incline":"-1","lanes":"4","lit":"no","maxspeed":"60","name":"улица Героев Сталинграда","name:ru":"улица Героев Сталинграда","name:uk":"Героїв Сталінграда вулиця","smoothness":"excellent","surface":"asphalt","trolley_wire":"no"},"geometry":{"type":"LineString","coordinates":[[34.0491268,44.937752],[34.0492117,44.937759],[34.0497713,44.9378013],[34.0499516,44.9378149]]},"id":"way/655011287"},{"type":"Feature","properties":{"@id":"way/672146525","highway":"secondary","maxspeed":"RU:urban","oneway":"yes","surface":"asphalt"},"geometry":{"type":"LineString","coordinates":[[34.0875763,44.9883823],[34.0876426,44.988609],[34.0876687,44.9886584],[34.0877064,44.9887058],[34.0877653,44.9887442],[34.087829,44.9887689],[34.087994,44.9888198],[34.088094,44.9888507]]},"id":"way/672146525"},{"type":"Feature","properties":{"@id":"way/672146527","highway":"secondary","maxspeed":"RU:urban","oneway":"yes","surface":"asphalt"},"geometry":{"type":"LineString","coordinates":[[34.0870127,44.9886317],[34.0873011,44.9886517],[34.0874179,44.9886505],[34.0875024,44.9886304],[34.0875414,44.9885837],[34.0875625,44.9885042],[34.0875763,44.9883823]]},"id":"way/672146527"},{"type":"Feature","properties":{"@id":"way/675445985","highway":"primary","lanes":"2","maxspeed":"90","oneway":"yes","source":"Bing","surface":"asphalt"},"geometry":{"type":"LineString","coordinates":[[34.0182458,44.9101507],[34.0186714,44.9104404],[34.0199452,44.9116505],[34.0203033,44.9120036],[34.0206269,44.9123438],[34.0219402,44.9136829],[34.0239468,44.9155351],[34.0260562,44.9174821],[34.0269055,44.9182703],[34.028007,44.9193244],[34.0283744,44.9196737],[34.028827,44.9201196],[34.0293346,44.9206318],[34.0300193,44.9213978],[34.0306207,44.9221293],[34.0310803,44.9227653],[34.0314546,44.9233293],[34.0319194,44.9241264],[34.0322967,44.9248458],[34.0326434,44.9256306],[34.0329698,44.9264498],[34.0331207,44.9269439],[34.0332676,44.9274682],[34.0334071,44.9280569],[34.0335054,44.9286107],[34.0335895,44.9292019],[34.0336242,44.9295143],[34.0336365,44.9296655],[34.0336599,44.9299581],[34.0336755,44.9305994]]},"id":"way/675445985"},{"type":"Feature","properties":{"@id":"way/679824596","highway":"primary_link","lane_markings":"no","oneway":"yes","surface":"asphalt"},"geometry":{"type":"LineString","coordinates":[[34.1225649,44.9630476],[34.1224899,44.9629797],[34.1224615,44.9629523],[34.122464,44.9629193],[34.1224899,44.9628948],[34.1225551,44.9628829],[34.1226553,44.9628792]]},"id":"way/679824596"},{"type":"Feature","properties":{"@id":"way/680739835","embankment":"yes","highway":"primary","lanes":"2","maxspeed":"RU:urban","oneway":"yes","ref":"35К-023","surface":"asphalt"},"geometry":{"type":"LineString","coordinates":[[34.0760262,44.9852168],[34.0754315,44.985037],[34.0751031,44.984945],[34.0747599,44.9848679],[34.0742723,44.9847749],[34.0738928,44.9847117],[34.0735052,44.9846514]]},"id":"way/680739835"},{"type":"Feature","properties":{"@id":"way/680739836","highway":"primary","lanes":"2","oneway":"yes","ref":"35К-007","surface":"asphalt"},"geometry":{"type":"LineString","coordinates":[[34.0701294,44.9833847],[34.0699564,44.983238],[34.069795,44.983071],[34.0695504,44.9827836],[34.0694489,44.9826191],[34.0693251,44.982331]]},"id":"way/680739836"},{"type":"Feature","properties":{"@id":"way/680739837","embankment":"yes","highway":"primary","lanes":"3","maxspeed":"60","oneway":"yes","ref":"35К-007","surface":"asphalt"},"geometry":{"type":"LineString","coordinates":[[34.069854,44.9829613],[34.0700292,44.9831361],[34.0702594,44.9833383],[34.0705243,44.9835282],[34.0708198,44.9837174],[34.0710284,44.9838283],[34.0712105,44.983919],[34.0713476,44.9839857],[34.0715335,44.9840553],[34.0717636,44.9841463],[34.0719767,44.9842237],[34.0720284,44.9842383]]},"id":"way/680739837"},{"type":"Feature","properties":{"@id":"way/680739838","highway":"primary_link","lanes":"1","maxspeed":"RU:urban","oneway":"yes","surface":"asphalt","trolley_wire":"no"},"geometry":{"type":"LineString","coordinates":[[34.0728799,44.984461],[34.0728827,44.9843018],[34.0728802,44.9842243],[34.0728663,44.9841681],[34.0728194,44.9840984],[34.07276,44.9840368],[34.0726423,44.9839599],[34.072465,44.9839126],[34.0722413,44.9838629],[34.0721477,44.9838502],[34.0720221,44.9838575],[34.0719382,44.983889],[34.071888,44.9839467],[34.0718627,44.9839995],[34.0718737,44.9840651],[34.0719115,44.9841173],[34.0720284,44.9842383]]},"id":"way/680739838"},{"type":"Feature","properties":{"@id":"way/680739841","bridge":"yes","highway":"primary","lanes":"3","layer":"1","maxspeed":"RU:urban","oneway":"yes","ref":"35К-023;35К-007;Т-01-01","surface":"asphalt","trolley_wire":"no"},"geometry":{"type":"LineString","coordinates":[[34.0727287,44.9844083],[34.0727802,44.9844163],[34.0730449,44.984462],[34.073308,44.9845038],[34.0735341,44.9845436]]},"id":"way/680739841"},{"type":"Feature","properties":{"@id":"way/680739842","bridge":"yes","highway":"primary","lanes":"2","layer":"1","maxspeed":"RU:urban","oneway":"yes","ref":"35К-023","surface":"asphalt"},"geometry":{"type":"LineString","coordinates":[[34.0735052,44.9846514],[34.0732677,44.9846143],[34.0729893,44.9845735],[34.0727343,44.9845305]]},"id":"way/680739842"},{"type":"Feature","properties":{"@id":"way/680739843","highway":"primary_link","lanes":"1","maxspeed":"40","oneway":"yes","ref":"35К-007;Т-01-01"},"geometry":{"type":"LineString","coordinates":[[34.0735341,44.9845436],[34.0737891,44.9845229],[34.0738948,44.9844956],[34.07396,44.9844625],[34.0739992,44.9844238],[34.0740155,44.9843875],[34.074018,44.9843317],[34.073999,44.9842864],[34.0739615,44.9842324],[34.0738918,44.9841873],[34.0738339,44.9841485],[34.0736944,44.9840809],[34.0736308,44.9840667],[34.0735672,44.984067],[34.0734814,44.9840851],[34.0734175,44.9841267],[34.0733001,44.9843331],[34.072953,44.9848411]]},"id":"way/680739843"},{"type":"Feature","properties":{"@id":"way/680741049","bridge":"yes","highway":"primary","lanes":"3","layer":"1","maxspeed":"60","name":"бульвар Ленина","name:en":"Lenina Avenue","name:ru":"улица Гагарина","name:uk":"Гагаріна вулиця","oneway":"yes","surface":"asphalt","trolley_wire":"yes"},"geometry":{"type":"LineString","coordinates":[[34.087572,44.9648392],[34.087793,44.9650285]]},"id":"way/680741049"},{"type":"Feature","properties":{"@id":"way/680741050","highway":"primary","lanes":"3","maxspeed":"60","name":"улица Гагарина","name:en":"Gagarina street","name:etymology:wikidata":"Q7327","name:ru":"улица Гагарина","name:uk":"Гагаріна вулиця","oneway":"yes","surface":"asphalt","trolley_wire":"yes"},"geometry":{"type":"LineString","coordinates":[[34.087793,44.9650285],[34.088909,44.9659857]]},"id":"way/680741050"},{"type":"Feature","properties":{"@id":"way/680977913","highway":"primary_link","oneway":"yes","surface":"asphalt","trolley_wire":"no"},"geometry":{"type":"LineString","coordinates":[[34.07314,44.9848629],[34.0730714,44.9849193],[34.0729347,44.9850602],[34.0727621,44.9852588],[34.0726371,44.9853796],[34.0724027,44.9855363]]},"id":"way/680977913"},{"type":"Feature","properties":{"@id":"way/680977915","embankment":"yes","highway":"primary","lanes":"2","maxspeed":"RU:urban","oneway":"yes","ref":"35К-007"},"geometry":{"type":"LineString","coordinates":[[34.0727343,44.9845305],[34.0721634,44.9843898],[34.0717693,44.9842592],[34.0715704,44.9841826],[34.0713182,44.9840868],[34.0710628,44.983967],[34.0707949,44.9838308],[34.0704784,44.9836344],[34.0701294,44.9833847]]},"id":"way/680977915"},{"type":"Feature","properties":{"@id":"way/680977916","embankment":"yes","highway":"primary","lanes":"2","maxspeed":"RU:urban","oneway":"yes","ref":"35К-007","surface":"asphalt","trolley_wire":"no"},"geometry":{"type":"LineString","coordinates":[[34.0735341,44.9845436],[34.0742671,44.9846723],[34.0748179,44.9847743],[34.0753047,44.9849001],[34.0761045,44.9851437],[34.0762411,44.9851864]]},"id":"way/680977916"},{"type":"Feature","properties":{"@id":"way/680977917","embankment":"yes","highway":"primary_link","lanes":"1","oneway":"yes","surface":"asphalt","trolley_wire":"no"},"geometry":{"type":"LineString","coordinates":[[34.0753983,44.9850749],[34.0751884,44.9850377],[34.0744138,44.9849462],[34.0740192,44.9848895],[34.073817,44.9848565],[34.0734889,44.9848032],[34.073375,44.9847953],[34.0732884,44.9848014],[34.0732364,44.9848163],[34.07314,44.9848629]]},"id":"way/680977917"},{"type":"Feature","properties":{"@id":"way/684963185","highway":"tertiary","lanes":"2","maxspeed":"60","name":"улица Трансформаторная","name:uk":"вулиця Трансформаторна"},"geometry":{"type":"LineString","coordinates":[[34.081031,44.9402623],[34.0816517,44.9398317],[34.0816777,44.9398109],[34.0819904,44.9394761],[34.0822881,44.9392654],[34.0824571,44.9391457],[34.0830903,44.9386647],[34.0831226,44.9385876],[34.0831225,44.9385141],[34.0831136,44.9384362],[34.083067,44.938362],[34.0808398,44.936161],[34.0807161,44.9359919]]},"id":"way/684963185"},{"type":"Feature","properties":{"@id":"way/687506735","abutters":"residential","hgv":"no","highway":"primary","lanes":"3","lanes:backward":"1","lanes:forward":"2","maxspeed":"60","name":"проспект Вернадского","name:en":"Vernadsky Avenue","name:ru":"проспект Вернадского","name:uk":"Вернадського проспект","old_name":"Ялтинская улица","old_name:uk":"Ялтинська вулиця","surface":"asphalt","trolley_wire":"yes"},"geometry":{"type":"LineString","coordinates":[[34.1301043,44.9400803],[34.1299394,44.9402714],[34.1297546,44.9404838],[34.1276839,44.9428632]]},"id":"way/687506735"},{"type":"Feature","properties":{"@id":"way/687507115","abutters":"residential","highway":"primary","maxspeed":"60","name":"улица Воровского","name:en":"Vorovskogo Street","name:etymology:wikidata":"Q1365246","name:ru":"улица Воровского","name:uk":"Воровського вулиця","surface":"asphalt"},"geometry":{"type":"LineString","coordinates":[[34.1201667,44.9469892],[34.1205653,44.9467902],[34.1207763,44.9466863]]},"id":"way/687507115"},{"type":"Feature","properties":{"@id":"way/687507116","abutters":"residential","highway":"primary","maxspeed":"60","name":"улица Воровского","name:en":"Vorovskogo Street","name:etymology:wikidata":"Q1365246","name:ru":"улица Воровского","name:uk":"Воровського вулиця","surface":"asphalt"},"geometry":{"type":"LineString","coordinates":[[34.119502,44.947328],[34.1201667,44.9469892]]},"id":"way/687507116"},{"type":"Feature","properties":{"@id":"way/690938705","highway":"primary","lanes":"2","maxspeed":"90","oneway":"yes","ref":"35А-002","surface":"asphalt","trolley_wire":"yes"},"geometry":{"type":"LineString","coordinates":[[34.1372208,44.9293735],[34.1371624,44.9295984],[34.1370918,44.9298843]]},"id":"way/690938705"},{"type":"Feature","properties":{"@id":"way/693801520","highway":"secondary","junction":"roundabout","surface":"asphalt","trolley_wire":"no"},"geometry":{"type":"LineString","coordinates":[[34.0484719,44.9377871],[34.0483804,44.9378159],[34.0483182,44.9378288],[34.0482438,44.9378318],[34.0481629,44.9378284],[34.0480847,44.9378155],[34.047995,44.9377836],[34.0479188,44.9377449]]},"id":"way/693801520"},{"type":"Feature","properties":{"@id":"way/693801521","highway":"secondary","maxspeed":"60","oneway":"yes"},"geometry":{"type":"LineString","coordinates":[[34.0479188,44.9377449],[34.0476233,44.9376805],[34.0473055,44.9376241],[34.0469267,44.9375382]]},"id":"way/693801521"},{"type":"Feature","properties":{"@id":"way/693801522","abutters":"residential","highway":"secondary","lanes":"2","maxspeed":"60","oneway":"yes","surface":"asphalt"},"geometry":{"type":"LineString","coordinates":[[34.0469267,44.9375382],[34.0472162,44.9375632],[34.0474085,44.9375579],[34.0475357,44.9375471],[34.0476521,44.9375169],[34.047717,44.9374876],[34.0477792,44.9374545],[34.047867,44.9374204]]},"id":"way/693801522"},{"type":"Feature","properties":{"@id":"way/694636638","highway":"primary","lanes":"4","maxspeed":"60","name":"Евпаторийское шоссе","name:en":"Yevpatoriiskoye Road","surface":"asphalt","trolley_wire":"yes"},"geometry":{"type":"LineString","coordinates":[[34.0793513,44.969782],[34.0792568,44.9699798]]},"id":"way/694636638"},{"type":"Feature","properties":{"@id":"way/694636715","highway":"primary","lanes":"4","maxspeed":"60","name":"Евпаторийское шоссе","name:en":"Yevpatoriiskoye Road","surface":"asphalt","trolley_wire":"yes"},"geometry":{"type":"LineString","coordinates":[[34.0783143,44.971952],[34.0782346,44.9721188],[34.0780392,44.9725278],[34.0779733,44.9726657],[34.0778347,44.9729558],[34.0775572,44.9735365],[34.0767437,44.9752387],[34.0764881,44.9757735],[34.0762332,44.976307],[34.0760853,44.9766165]]},"id":"way/694636715"},{"type":"Feature","properties":{"@id":"way/694636716","highway":"primary","lanes":"4","maxspeed":"60","name":"Евпаторийское шоссе","name:en":"Yevpatoriiskoye Road","surface":"asphalt","trolley_wire":"yes"},"geometry":{"type":"LineString","coordinates":[[34.0784041,44.9717642],[34.0783143,44.971952]]},"id":"way/694636716"},{"type":"Feature","properties":{"@id":"way/694636738","highway":"primary","lanes":"4","maxspeed":"60","name":"Евпаторийское шоссе","name:en":"Yevpatoriiskoye Road","surface":"asphalt","trolley_wire":"yes"},"geometry":{"type":"LineString","coordinates":[[34.078801,44.9709335],[34.0787597,44.9710199],[34.0784041,44.9717642]]},"id":"way/694636738"},{"type":"Feature","properties":{"@id":"way/694637546","highway":"primary","lanes":"3","maxspeed":"60","name":"улица Гагарина","name:en":"Gagarina street","name:etymology:wikidata":"Q7327","name:ru":"улица Гагарина","name:uk":"Гагаріна вулиця","oneway":"yes","surface":"asphalt","trolley_wire":"yes"},"geometry":{"type":"LineString","coordinates":[[34.088909,44.9659857],[34.0889097,44.9659862]]},"id":"way/694637546"},{"type":"Feature","properties":{"@id":"way/694637547","abutters":"residential","highway":"primary","lanes":"3","maxspeed":"60","name":"улица Гагарина","name:en":"Gagarina Street","name:etymology:wikidata":"Q7327","name:ru":"улица Гагарина","name:uk":"Гагаріна вулиця","oneway":"yes","surface":"asphalt","trolley_wire":"yes"},"geometry":{"type":"LineString","coordinates":[[34.0888322,44.9660284],[34.0877138,44.9650801]]},"id":"way/694637547"},{"type":"Feature","properties":{"@id":"way/694637692","abutters":"residential","highway":"primary","lanes":"4","maxspeed":"60","name":"Киевская улица","name:en":"Kievskaya Street","name:etymology:wikidata":"Q1899","name:ru":"Киевская улица","surface":"asphalt","trolley_wire":"yes"},"geometry":{"type":"LineString","coordinates":[[34.101516,44.9685157],[34.1010909,44.9690216],[34.1007396,44.9694397],[34.0992872,44.9711682]]},"id":"way/694637692"},{"type":"Feature","properties":{"@id":"way/694638026","abutters":"residential","highway":"primary","lanes":"4","maxspeed":"60","name":"проспект Кирова","name:en":"Kirov Avenue","name:ru":"проспект Кирова","name:uk":"Кірова проспект","oneway":"yes","oneway:bus":"no","oneway:psv":"no","surface":"asphalt","trolley_wire":"yes"},"geometry":{"type":"LineString","coordinates":[[34.0951152,44.9450056],[34.0947931,44.9447598]]},"id":"way/694638026"},{"type":"Feature","properties":{"@id":"way/694638274","abutters":"residential","highway":"primary","lanes":"4","maxspeed":"60","name":"проспект Кирова","name:en":"Kirov Avenue","name:ru":"проспект Кирова","name:uk":"Кірова проспект","surface":"asphalt","trolley_wire":"yes"},"geometry":{"type":"LineString","coordinates":[[34.1060073,44.9564315],[34.104951,44.9559305],[34.1047194,44.9558067],[34.104624,44.9557486]]},"id":"way/694638274"},{"type":"Feature","properties":{"@id":"way/694638347","abutters":"residential","hgv":"no","highway":"primary","lanes":"4","maxspeed":"60","name":"Севастопольская улица","name:en":"Sevastopolskaya Street","name:ru":"Севастопольская улица","name:uk":"Севастопольська вулиця","surface":"asphalt","trolley_wire":"yes"},"geometry":{"type":"LineString","coordinates":[[34.0869763,44.9305283],[34.0868525,44.9303527]]},"id":"way/694638347"},{"type":"Feature","properties":{"@id":"way/694638348","abutters":"residential","hgv":"no","highway":"primary","lanes":"4","maxspeed":"60","name":"Севастопольская улица","name:en":"Sevastopolskaya Street","name:ru":"Севастопольская улица","name:uk":"Севастопольська вулиця","surface":"asphalt","trolley_wire":"yes"},"geometry":{"type":"LineString","coordinates":[[34.0868525,44.9303527],[34.0866772,44.9300922],[34.0865607,44.929919],[34.0865323,44.9298769],[34.0864898,44.9298172],[34.0863664,44.9296441],[34.0860401,44.9291861]]},"id":"way/694638348"},{"type":"Feature","properties":{"@id":"way/694638359","abutters":"residential","hgv":"no","highway":"primary","lanes":"4","maxspeed":"60","name":"Севастопольская улица","name:en":"Sevastopolskaya Street","name:ru":"Севастопольская улица","name:uk":"Севастопольська вулиця","surface":"asphalt","trolley_wire":"yes"},"geometry":{"type":"LineString","coordinates":[[34.0815193,44.9232377],[34.0813343,44.9230841]]},"id":"way/694638359"},{"type":"Feature","properties":{"@id":"way/694638769","abutters":"residential","highway":"primary","maxspeed":"60","name":"улица Воровского","name:en":"Vorovskogo Street","name:etymology:wikidata":"Q1365246","name:ru":"улица Воровского","name:uk":"Воровського вулиця","surface":"asphalt"},"geometry":{"type":"LineString","coordinates":[[34.1225111,44.9457791],[34.1229907,44.94553],[34.1237565,44.9451165]]},"id":"way/694638769"},{"type":"Feature","properties":{"@id":"way/694638810","abutters":"residential","hgv":"no","highway":"primary","maxspeed":"60","name":"проспект Вернадского","name:en":"Vernadsky Avenue","name:ru":"проспект Вернадского","name:uk":"Вернадського проспект","old_name":"Ялтинская улица","old_name:uk":"Ялтинська вулиця","surface":"asphalt","trolley_wire":"yes"},"geometry":{"type":"LineString","coordinates":[[34.1276839,44.9428632],[34.1270596,44.9435693],[34.1270031,44.9436319],[34.1267967,44.9438604],[34.1267409,44.9439067]]},"id":"way/694638810"},{"type":"Feature","properties":{"@id":"way/700297771","abutters":"residential","highway":"primary","lanes":"4","maxspeed":"60","name":"проспект Кирова","name:en":"Kirov Avenue","name:ru":"проспект Кирова","name:uk":"Кірова проспект","surface":"asphalt","trolley_wire":"yes"},"geometry":{"type":"LineString","coordinates":[[34.1035764,44.9546189],[34.1033617,44.9542096]]},"id":"way/700297771"},{"type":"Feature","properties":{"@id":"way/701310765","highway":"tertiary","name":"Евпаторийский переулок","name:ru":"Евпаторийский переулок","name:uk":"Євпаторійський провулок"},"geometry":{"type":"LineString","coordinates":[[34.0822537,44.9664982],[34.0828123,44.9666245],[34.0838692,44.9668684],[34.0841351,44.9669297],[34.0842278,44.9669528]]},"id":"way/701310765"},{"type":"Feature","properties":{"@id":"way/701317701","highway":"primary","lanes":"4","maxspeed":"60","name":"Евпаторийское шоссе","name:en":"Yevpatoriiskoye Road","surface":"asphalt","trolley_wire":"yes"},"geometry":{"type":"LineString","coordinates":[[34.0797111,44.969029],[34.0795126,44.9694444]]},"id":"way/701317701"},{"type":"Feature","properties":{"@id":"way/702094633","abutters":"residential","highway":"primary","lanes":"4","maxspeed":"60","name":"улица Ленина","name:en":"Lenin Street","name:etymology:wikidata":"Q1394","name:ru":"улица Ленина","name:uk":"Леніна вулиця","surface":"asphalt"},"geometry":{"type":"LineString","coordinates":[[34.1035358,44.9519993],[34.1045143,44.951668],[34.1055036,44.9513292],[34.1065133,44.9509694],[34.1067395,44.9508982]]},"id":"way/702094633"},{"type":"Feature","properties":{"@id":"way/703482465","highway":"primary","lanes":"3","maxspeed":"60","name":"улица Гагарина","name:en":"Gagarina street","name:etymology:wikidata":"Q7327","name:ru":"улица Гагарина","name:uk":"Гагаріна вулиця","oneway":"yes","surface":"asphalt","trolley_wire":"yes"},"geometry":{"type":"LineString","coordinates":[[34.0856256,44.9632637],[34.0865243,44.9639729]]},"id":"way/703482465"},{"type":"Feature","properties":{"@id":"way/704143819","abutters":"residential","highway":"primary","lanes":"4","lit":"yes","maxspeed":"60","name":"Киевская улица","name:en":"Kievskaya Street","name:etymology:wikidata":"Q1899","name:ru":"Киевская улица","name:uk":"Київська вулиця","oneway":"no","surface":"asphalt","trolley_wire":"yes"},"geometry":{"type":"LineString","coordinates":[[34.1265613,44.9489662],[34.1265454,44.9490779],[34.1265222,44.9491973],[34.1264916,44.9493334],[34.1264518,44.949461],[34.126393,44.9496057],[34.1263161,44.9497654]]},"id":"way/704143819"},{"type":"Feature","properties":{"@id":"way/704143820","abutters":"residential","highway":"primary","lanes":"4","lit":"yes","maxspeed":"60","name":"Киевская улица","name:en":"Kyivska Street","name:etymology:wikidata":"Q1899","name:ru":"Киевская улица","name:uk":"Київська вулиця","oneway":"no","surface":"asphalt","trolley_wire":"yes"},"geometry":{"type":"LineString","coordinates":[[34.1263161,44.9497654],[34.1262348,44.9498993],[34.1261384,44.9500332],[34.1260075,44.9501998],[34.1258463,44.9503794]]},"id":"way/704143820"},{"type":"Feature","properties":{"@id":"way/704877033","abutters":"residential","highway":"primary","lanes":"4","maxspeed":"60","name":"Киевская улица","name:en":"Kievskaya Street","name:etymology:wikidata":"Q1899","name:ru":"Киевская улица","surface":"asphalt","trolley_wire":"yes"},"geometry":{"type":"LineString","coordinates":[[34.1017946,44.9681889],[34.101516,44.9685157]]},"id":"way/704877033"},{"type":"Feature","properties":{"@id":"way/706641223","abutters":"residential","highway":"primary","lanes":"4","maxspeed":"60","name":"Киевская улица","name:en":"Kievskaya Street","name:etymology:wikidata":"Q1899","name:ru":"Киевская улица","oneway":"no","surface":"asphalt","trolley_wire":"yes"},"geometry":{"type":"LineString","coordinates":[[34.1052242,44.964021],[34.1055984,44.9635442],[34.1057024,44.9634235]]},"id":"way/706641223"},{"type":"Feature","properties":{"@id":"way/708042817","abutters":"residential","highway":"primary","lanes":"4","maxspeed":"60","name":"Севастопольская улица","name:en":"Sevastopolskaya Street","name:ru":"Севастопольская улица","name:uk":"Севастопольська вулиця","surface":"asphalt","trolley_wire":"yes"},"geometry":{"type":"LineString","coordinates":[[34.0725322,44.9157586],[34.0733812,44.916468],[34.0736547,44.9166965],[34.0737391,44.9167672],[34.0747159,44.9175794],[34.0748238,44.9176691],[34.0749261,44.917759],[34.0754328,44.9181824]]},"id":"way/708042817"},{"type":"Feature","properties":{"@id":"way/708042818","abutters":"residential","highway":"primary","lanes":"4","lit":"yes","maxspeed":"60","name":"Севастопольская улица","name:en":"Sevastopolskaya Street","name:ru":"Севастопольская улица","name:uk":"Севастопольська вулиця","surface":"asphalt","trolley_wire":"yes"},"geometry":{"type":"LineString","coordinates":[[34.071837,44.9151778],[34.0721276,44.9154206],[34.0725322,44.9157586]]},"id":"way/708042818"},{"type":"Feature","properties":{"@id":"way/711294676","highway":"primary","lanes":"4","maxspeed":"60","old_ref":"Т-01-01","ref":"35К-007;Т-01-01","smoothness":"excellent","surface":"asphalt"},"geometry":{"type":"LineString","coordinates":[[34.06554,44.9697812],[34.0656373,44.9699228],[34.0659492,44.9703959],[34.066781,44.9715422]]},"id":"way/711294676"},{"type":"Feature","properties":{"@id":"way/714445168","abutters":"residential","highway":"primary","maxspeed":"60","name":"Кечкеметская улица","name:en":"Kechkemetskaya Street","name:ru":"Кечкеметская улица","surface":"asphalt","trolley_wire":"yes"},"geometry":{"type":"LineString","coordinates":[[34.1077322,44.9772841],[34.1083558,44.9775246],[34.1090771,44.9778028],[34.1093464,44.9779085],[34.1098827,44.9781394],[34.1100869,44.9781802],[34.1102813,44.9781865],[34.1104681,44.9781734],[34.1106589,44.9781462],[34.110961,44.9780506],[34.111269,44.977933],[34.1114013,44.9778815],[34.1117187,44.9777577],[34.1118174,44.9777192],[34.1119349,44.9776744],[34.112327,44.9775199],[34.1127771,44.9773433],[34.1133786,44.9771114],[34.1136144,44.9770214],[34.114027,44.9768639],[34.1146117,44.9766407],[34.1146464,44.976631],[34.1148087,44.9765859],[34.1149581,44.9765443],[34.1149626,44.9765433],[34.1150977,44.9765161],[34.115665,44.9764021],[34.1157886,44.9763773],[34.1167929,44.9761755],[34.1177051,44.9760154],[34.1186838,44.9758167],[34.1189002,44.9757765]]},"id":"way/714445168"},{"type":"Feature","properties":{"@id":"way/714687398","highway":"secondary","name":"улица Шмидта","name:en":"Shmidt Street","name:ru":"улица Шмидта","name:uk":"Шмідта вулиця","surface":"asphalt","wikidata":"Q106485393","wikipedia":"ru:Улица Шмидта (Симферополь)"},"geometry":{"type":"LineString","coordinates":[[34.1121295,44.9554887],[34.112223,44.9555608],[34.1123217,44.9556272]]},"id":"way/714687398"},{"type":"Feature","properties":{"@id":"way/714687399","highway":"secondary","name":"улица Шмидта","name:en":"Shmidt Street","name:ru":"улица Шмидта","name:uk":"Шмідта вулиця","surface":"asphalt","wikidata":"Q106485393","wikipedia":"ru:Улица Шмидта (Симферополь)"},"geometry":{"type":"LineString","coordinates":[[34.1123217,44.9556272],[34.1124118,44.9556913],[34.1134767,44.9565891],[34.1135316,44.956648]]},"id":"way/714687399"},{"type":"Feature","properties":{"@id":"way/714689048","abutters":"residential","highway":"primary","lanes":"4","lit":"yes","maxspeed":"60","name":"Киевская улица","name:en":"Kievskaya Street","name:etymology:wikidata":"Q1899","name:ru":"Киевская улица","name:uk":"Київська вулиця","oneway":"no","surface":"asphalt","trolley_wire":"yes"},"geometry":{"type":"LineString","coordinates":[[34.1265045,44.9485675],[34.1265613,44.9489662]]},"id":"way/714689048"},{"type":"Feature","properties":{"@id":"way/717289619","highway":"primary","int_ref":"E 105","lanes":"2","maxspeed":"70","oneway":"yes","ref":"35К-023","surface":"asphalt"},"geometry":{"type":"LineString","coordinates":[[34.1071577,44.9896025],[34.1089464,44.9896682],[34.1093759,44.9896868]]},"id":"way/717289619"},{"type":"Feature","properties":{"@id":"way/717289620","highway":"primary","int_ref":"E 105","lanes":"2","maxspeed":"90","oneway":"yes","ref":"35К-023","surface":"asphalt"},"geometry":{"type":"LineString","coordinates":[[34.0899759,44.9889858],[34.0910441,44.9890191],[34.0913899,44.9890339],[34.0922345,44.98907],[34.0953542,44.9891807],[34.0986061,44.9892893],[34.0988647,44.9892979],[34.0995573,44.9893211],[34.1011984,44.9893843],[34.1037075,44.9894786],[34.1052271,44.9895364],[34.1068201,44.9895926],[34.1071577,44.9896025]]},"id":"way/717289620"},{"type":"Feature","properties":{"@id":"way/717289621","highway":"primary","int_ref":"E 105","lanes":"2","maxspeed":"70","oneway":"yes","ref":"35К-023","surface":"asphalt"},"geometry":{"type":"LineString","coordinates":[[34.1238674,44.9868652],[34.1245277,44.986711],[34.1258782,44.9864027]]},"id":"way/717289621"},{"type":"Feature","properties":{"@id":"way/717289622","highway":"primary","int_ref":"E 105","lanes":"2","maxspeed":"RU:urban","oneway":"yes","ref":"35К-023","surface":"asphalt"},"geometry":{"type":"LineString","coordinates":[[34.1258782,44.9864027],[34.1261428,44.9863356],[34.1266454,44.9862025],[34.126909,44.9861256],[34.1270927,44.986072],[34.1271648,44.986051]]},"id":"way/717289622"},{"type":"Feature","properties":{"@id":"way/718876209","abutters":"residential","hgv":"no","highway":"primary","lanes":"4","maxspeed":"60","name":"Севастопольская улица","name:en":"Sevastopolskaya Street","name:ru":"Севастопольская улица","name:uk":"Севастопольська вулиця","surface":"asphalt","trolley_wire":"yes"},"geometry":{"type":"LineString","coordinates":[[34.0888448,44.9331296],[34.0887336,44.933025]]},"id":"way/718876209"},{"type":"Feature","properties":{"@id":"way/718876210","abutters":"residential","hgv":"no","highway":"primary","lanes":"4","maxspeed":"60","name":"Севастопольская улица","name:en":"Sevastopolskaya Street","name:ru":"Севастопольская улица","name:uk":"Севастопольська вулиця","surface":"asphalt","trolley_wire":"yes"},"geometry":{"type":"LineString","coordinates":[[34.0887336,44.933025],[34.087984,44.9319165]]},"id":"way/718876210"},{"type":"Feature","properties":{"@id":"way/720117787","highway":"primary","lanes":"5","name":"Севастопольская улица","name:en":"Sevastopolskaya Street","name:ru":"Севастопольская улица","name:uk":"Севастопольська вулиця","surface":"asphalt","trolley_wire":"yes"},"geometry":{"type":"LineString","coordinates":[[34.0917344,44.9369458],[34.091763,44.9369714],[34.0923947,44.9376903],[34.0925534,44.9378752]]},"id":"way/720117787"},{"type":"Feature","properties":{"@id":"way/720472984","highway":"primary_link","maxspeed":"60","oneway":"yes","surface":"asphalt"},"geometry":{"type":"LineString","coordinates":[[34.1367399,44.9741435],[34.1369635,44.9738688],[34.137516,44.9731084]]},"id":"way/720472984"},{"type":"Feature","properties":{"@id":"way/721069839","highway":"primary","lanes":"3","maxspeed":"60","name":"улица Гагарина","name:en":"Gagarina street","name:etymology:wikidata":"Q7327","name:ru":"улица Гагарина","name:uk":"Гагаріна вулиця","oneway":"yes","surface":"asphalt","trolley_wire":"yes"},"geometry":{"type":"LineString","coordinates":[[34.09378,44.9702069],[34.0938423,44.9702557],[34.0945064,44.9708275],[34.0956116,44.9717776],[34.0967587,44.9727709]]},"id":"way/721069839"},{"type":"Feature","properties":{"@id":"way/721132316","highway":"primary","lanes":"5","name":"Севастопольская улица","name:en":"Sevastopolskaya Street","name:ru":"Севастопольская улица","name:uk":"Севастопольська вулиця","surface":"asphalt","trolley_wire":"yes"},"geometry":{"type":"LineString","coordinates":[[34.0925534,44.9378752],[34.0926835,44.938017]]},"id":"way/721132316"},{"type":"Feature","properties":{"@id":"way/721132317","highway":"primary","lanes":"5","name":"Севастопольская улица","name:en":"Sevastopolskaya Street","name:ru":"Севастопольская улица","name:uk":"Севастопольська вулиця","surface":"asphalt","trolley_wire":"yes"},"geometry":{"type":"LineString","coordinates":[[34.0931977,44.9385952],[34.0934654,44.9388896],[34.0935057,44.9389325],[34.0935624,44.9389958]]},"id":"way/721132317"},{"type":"Feature","properties":{"@id":"way/721132318","abutters":"residential","highway":"primary","lanes":"4","maxspeed":"60","name":"Севастопольская улица","name:en":"Sevastopolskaya Street","name:ru":"Севастопольская улица","name:uk":"Севастопольська вулиця","surface":"asphalt","trolley_wire":"yes"},"geometry":{"type":"LineString","coordinates":[[34.093822,44.939301],[34.0940636,44.9395804]]},"id":"way/721132318"},{"type":"Feature","properties":{"@id":"way/721132319","abutters":"residential","highway":"primary","lanes":"4","maxspeed":"60","name":"Севастопольская улица","name:en":"Sevastopolskaya Street","name:ru":"Севастопольская улица","name:uk":"Севастопольська вулиця","surface":"asphalt","trolley_wire":"yes"},"geometry":{"type":"LineString","coordinates":[[34.0940636,44.9395804],[34.0945666,44.9401464]]},"id":"way/721132319"},{"type":"Feature","properties":{"@id":"way/721132320","abutters":"residential","hgv":"no","highway":"primary","lanes":"4","maxspeed":"60","name":"Севастопольская улица","name:en":"Sevastopolskaya Street","name:ru":"Севастопольская улица","name:uk":"Севастопольська вулиця","surface":"asphalt","trolley_wire":"yes"},"geometry":{"type":"LineString","coordinates":[[34.0910862,44.9361858],[34.0901696,44.9350351]]},"id":"way/721132320"},{"type":"Feature","properties":{"@id":"way/721132321","abutters":"residential","hgv":"no","highway":"primary","lanes":"4","maxspeed":"60","name":"Севастопольская улица","name:en":"Sevastopolskaya Street","name:ru":"Севастопольская улица","name:uk":"Севастопольська вулиця","surface":"asphalt","trolley_wire":"yes"},"geometry":{"type":"LineString","coordinates":[[34.0901696,44.9350351],[34.0901475,44.9350057],[34.0900413,44.934864],[34.0899336,44.9347136],[34.0897338,44.9344224],[34.08921,44.9336588]]},"id":"way/721132321"},{"type":"Feature","properties":{"@id":"way/724009185","abutters":"residential","highway":"primary","maxspeed":"60","name":"улица Воровского","name:en":"Vorovskogo Street","name:etymology:wikidata":"Q1365246","name:ru":"улица Воровского","name:uk":"Воровського вулиця","surface":"asphalt"},"geometry":{"type":"LineString","coordinates":[[34.1097167,44.9509113],[34.1102644,44.9507843]]},"id":"way/724009185"},{"type":"Feature","properties":{"@id":"way/724009186","abutters":"residential","highway":"primary","maxspeed":"60","name":"улица Воровского","name:en":"Vorovskogo Street","name:etymology:wikidata":"Q1365246","name:ru":"улица Воровского","name:uk":"Воровського вулиця","surface":"asphalt"},"geometry":{"type":"LineString","coordinates":[[34.1102644,44.9507843],[34.1108646,44.9506458]]},"id":"way/724009186"},{"type":"Feature","properties":{"@id":"way/724009187","abutters":"residential","highway":"primary","maxspeed":"60","name":"улица Воровского","name:en":"Vorovskogo Street","name:etymology:wikidata":"Q1365246","name:ru":"улица Воровского","name:uk":"Воровського вулиця","surface":"asphalt"},"geometry":{"type":"LineString","coordinates":[[34.1108646,44.9506458],[34.110933,44.9506276]]},"id":"way/724009187"},{"type":"Feature","properties":{"@id":"way/724009188","abutters":"residential","highway":"primary","maxspeed":"60","name":"улица Воровского","name:en":"Vorovskogo Street","name:etymology:wikidata":"Q1365246","name:ru":"улица Воровского","name:uk":"Воровського вулиця","surface":"asphalt"},"geometry":{"type":"LineString","coordinates":[[34.1111369,44.9505751],[34.1116309,44.9504523],[34.1119939,44.9503564]]},"id":"way/724009188"},{"type":"Feature","properties":{"@id":"way/724009189","abutters":"residential","highway":"primary","maxspeed":"60","name":"улица Воровского","name:en":"Vorovskogo Street","name:etymology:wikidata":"Q1365246","name:ru":"улица Воровского","name:uk":"Воровського вулиця","surface":"asphalt"},"geometry":{"type":"LineString","coordinates":[[34.1166362,44.9486318],[34.1166953,44.9486063],[34.1167697,44.9485709]]},"id":"way/724009189"},{"type":"Feature","properties":{"@id":"way/724009190","abutters":"residential","highway":"primary","maxspeed":"60","name":"улица Воровского","name:en":"Vorovskogo Street","name:etymology:wikidata":"Q1365246","name:ru":"улица Воровского","name:uk":"Воровського вулиця","surface":"asphalt"},"geometry":{"type":"LineString","coordinates":[[34.1167697,44.9485709],[34.1176264,44.9482073],[34.1184382,44.9478509],[34.1185244,44.9478168],[34.1185964,44.947784],[34.1192457,44.947459]]},"id":"way/724009190"},{"type":"Feature","properties":{"@id":"way/724264199","abutters":"residential","highway":"primary","lanes":"4","maxspeed":"60","name":"Киевская улица","name:en":"Kievskaya Street","name:etymology:wikidata":"Q1899","name:ru":"Киевская улица","surface":"asphalt","trolley_wire":"yes"},"geometry":{"type":"LineString","coordinates":[[34.0992872,44.9711682],[34.098492,44.9720965],[34.098136,44.9724549],[34.0978845,44.972708]]},"id":"way/724264199"},{"type":"Feature","properties":{"@id":"way/725101160","abutters":"residential","hgv":"no","highway":"primary","lanes":"4","maxspeed":"60","name":"Севастопольская улица","name:en":"Sevastopolskaya Street","name:ru":"Севастопольская улица","name:uk":"Севастопольська вулиця","surface":"asphalt","trolley_wire":"yes"},"geometry":{"type":"LineString","coordinates":[[34.0873936,44.9311307],[34.0869763,44.9305283]]},"id":"way/725101160"},{"type":"Feature","properties":{"@id":"way/725286061","highway":"primary","lanes":"3","maxspeed":"60","name":"Севастопольская улица","name:en":"Sevastopolskaya Street","name:ru":"Севастопольская улица","name:uk":"Севастопольська вулиця","oneway":"yes","surface":"asphalt"},"geometry":{"type":"LineString","coordinates":[[34.1019852,44.948873],[34.1019997,44.948908],[34.1019882,44.9489624],[34.1018871,44.949114]]},"id":"way/725286061"},{"type":"Feature","properties":{"@id":"way/725286062","highway":"primary","lanes":"3","maxspeed":"60","name":"Севастопольская улица","name:en":"Sevastopolskaya Street","name:ru":"Севастопольская улица","name:uk":"Севастопольська вулиця","oneway":"yes","surface":"asphalt"},"geometry":{"type":"LineString","coordinates":[[34.1018871,44.949114],[34.1013893,44.9497423],[34.1012811,44.9498605]]},"id":"way/725286062"},{"type":"Feature","properties":{"@id":"way/725290648","abutters":"residential","highway":"secondary","maxspeed":"60","name":"улица Козлова","name:en":"Kozlova Street","name:ru":"улица Козлова","name:uk":"Козлова вулиця","surface":"asphalt","trolley_wire":"yes"},"geometry":{"type":"LineString","coordinates":[[34.100771,44.936774],[34.1001667,44.9373271],[34.1000965,44.9373969],[34.0999814,44.9375114],[34.0997073,44.9377855]]},"id":"way/725290648"},{"type":"Feature","properties":{"@id":"way/725290649","abutters":"residential","highway":"secondary","maxspeed":"60","name":"улица Козлова","name:en":"Kozlova Street","name:ru":"улица Козлова","name:uk":"Козлова вулиця","surface":"asphalt","trolley_wire":"yes"},"geometry":{"type":"LineString","coordinates":[[34.1010675,44.9365026],[34.100771,44.936774]]},"id":"way/725290649"},{"type":"Feature","properties":{"@id":"way/727393689","highway":"tertiary","lanes":"2","living_street":"yes","name":"бульвар Ивана Франко","name:en":"Franko Boulevard","name:ru":"бульвар Ивана Франко","name:uk":"Івана Франка бульвар","oneway":"yes","surface":"asphalt"},"geometry":{"type":"LineString","coordinates":[[34.1084239,44.9606364],[34.1082287,44.9605597],[34.1081295,44.9605156]]},"id":"way/727393689"},{"type":"Feature","properties":{"@id":"way/728093642","abutters":"residential","highway":"secondary","maxspeed":"60","name":"улица Данилова","name:ru":"улица Данилова","name:uk":"Данилова вулиця","surface":"asphalt","trolley_wire":"yes"},"geometry":{"type":"LineString","coordinates":[[34.0780877,44.9224945],[34.0785736,44.9222459]]},"id":"way/728093642"},{"type":"Feature","properties":{"@id":"way/734730845","abutters":"residential","highway":"primary","maxspeed":"60","name":"улица Воровского","name:en":"Vorovskogo Street","name:etymology:wikidata":"Q1365246","name:ru":"улица Воровского","name:uk":"Воровського вулиця","surface":"asphalt"},"geometry":{"type":"LineString","coordinates":[[34.115276,44.9492271],[34.11578,44.9490015]]},"id":"way/734730845"},{"type":"Feature","properties":{"@id":"way/734730846","abutters":"residential","highway":"primary","maxspeed":"60","name":"улица Воровского","name:en":"Vorovskogo Street","name:etymology:wikidata":"Q1365246","name:ru":"улица Воровского","name:uk":"Воровського вулиця","surface":"asphalt"},"geometry":{"type":"LineString","coordinates":[[34.11578,44.9490015],[34.1166362,44.9486318]]},"id":"way/734730846"},{"type":"Feature","properties":{"@id":"way/734732488","abutters":"residential","cycleway:both":"no","highway":"primary","lanes":"4","lit":"yes","maxspeed":"60","name":"Киевская улица","name:en":"Kievskaya Street","name:etymology:wikidata":"Q1899","name:ru":"Киевская улица","name:uk":"Київська вулиця","oneway":"no","surface":"asphalt","trolley_wire":"yes"},"geometry":{"type":"LineString","coordinates":[[34.1119574,44.9573127],[34.1113626,44.9575569]]},"id":"way/734732488"},{"type":"Feature","properties":{"@id":"way/734734050","abutters":"residential","hgv":"no","highway":"primary","lanes":"4","lit":"yes","maxspeed":"60","name":"Севастопольская улица","name:en":"Sevastopolskaya Street","name:ru":"Севастопольская улица","name:uk":"Севастопольська вулиця","surface":"asphalt","trolley_wire":"yes"},"geometry":{"type":"LineString","coordinates":[[34.0809253,44.9227446],[34.079855,44.9218434],[34.0797465,44.921752]]},"id":"way/734734050"},{"type":"Feature","properties":{"@id":"way/734737448","abutters":"residential","highway":"primary","lanes":"4","maxspeed":"60","name":"проспект Победы","name:en":"Pobedy Avenue","name:etymology:wikidata":"Q270706","name:ru":"проспект Победы","name:uk":"Перемоги проспект","old_ref":"Р-23","ref":"35К-003;Р-23","surface":"asphalt","trolley_wire":"yes"},"geometry":{"type":"LineString","coordinates":[[34.1413994,44.9781651],[34.1414791,44.978211]]},"id":"way/734737448"},{"type":"Feature","properties":{"@id":"way/734737449","abutters":"residential","highway":"primary","lanes":"4","maxspeed":"60","name":"проспект Победы","name:en":"Pobedy Avenue","name:etymology:wikidata":"Q270706","name:ru":"проспект Победы","name:uk":"Перемоги проспект","old_ref":"Р-23","ref":"35К-003;Р-23","surface":"asphalt","trolley_wire":"yes"},"geometry":{"type":"LineString","coordinates":[[34.1414791,44.978211],[34.1421862,44.9786549]]},"id":"way/734737449"},{"type":"Feature","properties":{"@id":"way/734737450","abutters":"residential","highway":"primary","lanes":"4","maxspeed":"60","name":"проспект Победы","name:en":"Pobedy Avenue","name:etymology:wikidata":"Q270706","name:ru":"проспект Победы","name:uk":"Перемоги проспект","old_ref":"Р-23","ref":"35К-003;Р-23","surface":"asphalt","trolley_wire":"yes"},"geometry":{"type":"LineString","coordinates":[[34.1413446,44.9781313],[34.1413994,44.9781651]]},"id":"way/734737450"},{"type":"Feature","properties":{"@id":"way/736163541","abutters":"residential","highway":"secondary","maxspeed":"60","name":"улица Ленина","name:en":"Lenin Street","name:etymology:wikidata":"Q1394","name:ru":"улица Ленина","name:uk":"Леніна вулиця","surface":"asphalt"},"geometry":{"type":"LineString","coordinates":[[34.1089857,44.9503415],[34.1101019,44.950053],[34.1108405,44.9498592],[34.1109795,44.9498254],[34.1116765,44.9496374],[34.113139,44.9492521],[34.1138673,44.9490559]]},"id":"way/736163541"},{"type":"Feature","properties":{"@id":"way/736163542","abutters":"residential","highway":"primary","maxspeed":"60","name":"улица Воровского","name:en":"Vorovskogo Street","name:etymology:wikidata":"Q1365246","name:ru":"улица Воровского","name:uk":"Воровського вулиця","surface":"asphalt"},"geometry":{"type":"LineString","coordinates":[[34.110933,44.9506276],[34.1111369,44.9505751]]},"id":"way/736163542"},{"type":"Feature","properties":{"@id":"way/744934796","abutters":"residential","highway":"primary","maxspeed":"60","name":"улица Воровского","name:en":"Vorovskogo Street","name:etymology:wikidata":"Q1365246","name:ru":"улица Воровского","name:uk":"Воровського вулиця","surface":"asphalt"},"geometry":{"type":"LineString","coordinates":[[34.1237565,44.9451165],[34.1240995,44.9449294]]},"id":"way/744934796"},{"type":"Feature","properties":{"@id":"way/758302976","highway":"primary","int_ref":"E 105","lanes":"5","lanes:backward":"2","lanes:forward":"3","loc_name":"Объездная дорога","maxspeed":"60","ref":"35К-023","surface":"asphalt","turn:lanes:forward":"left|through|through;right"},"geometry":{"type":"LineString","coordinates":[[34.15317,44.9536739],[34.1528524,44.9531559],[34.1528293,44.9531182],[34.1528142,44.9530947],[34.152637,44.9528413]]},"id":"way/758302976"},{"type":"Feature","properties":{"@id":"way/763101523","abutters":"residential","hgv":"no","highway":"primary","lanes":"4","maxspeed":"60","name":"Севастопольская улица","name:en":"Sevastopolskaya Street","name:ru":"Севастопольская улица","name:uk":"Севастопольська вулиця","surface":"asphalt","trolley_wire":"yes"},"geometry":{"type":"LineString","coordinates":[[34.081929,44.9236051],[34.0818837,44.9235645],[34.0815193,44.9232377]]},"id":"way/763101523"},{"type":"Feature","properties":{"@id":"way/763101525","abutters":"residential","highway":"primary","lanes":"4","lit":"yes","maxspeed":"60","name":"Севастопольская улица","name:en":"Sevastopolskaya Street","name:ru":"Севастопольская улица","name:uk":"Севастопольська вулиця","surface":"asphalt","trolley_wire":"yes"},"geometry":{"type":"LineString","coordinates":[[34.078473,44.9207302],[34.0796641,44.9216878]]},"id":"way/763101525"},{"type":"Feature","properties":{"@id":"way/763291725","highway":"primary","int_ref":"E 105","lanes":"4","loc_name":"Объездная дорога","maxspeed":"60","ref":"35К-023","surface":"asphalt"},"geometry":{"type":"LineString","coordinates":[[34.1509373,44.9501768],[34.1508143,44.9499855],[34.1506844,44.9497836]]},"id":"way/763291725"},{"type":"Feature","properties":{"@id":"way/765634061","abutters":"residential","cycleway:both":"no","highway":"primary","lanes":"4","lit":"yes","maxspeed":"60","name":"Киевская улица","name:en":"Kievskaya Street","name:etymology:wikidata":"Q1899","name:ru":"Киевская улица","name:uk":"Київська вулиця","oneway":"no","shoulder":"no","surface":"asphalt","trolley_wire":"yes"},"geometry":{"type":"LineString","coordinates":[[34.1145653,44.9560233],[34.1140966,44.9562962],[34.1135316,44.956648]]},"id":"way/765634061"},{"type":"Feature","properties":{"@id":"way/770834416","abutters":"residential","highway":"primary","lanes":"4","maxspeed":"60","name":"улица Александра Невского","name:etymology:wikidata":"Q174044","name:ru":"улица Александра Невского","name:uk":"Олександра Невського вулиця","old_name":"Рози Люксембург вулиця","old_name:en":"Rosa Luxemburg Street","old_name:ru":"Розы Люксембург улица","surface":"asphalt","trolley_wire":"yes"},"geometry":{"type":"LineString","coordinates":[[34.0995094,44.9527975],[34.0997913,44.9526345],[34.0998837,44.9525978],[34.0998954,44.9525944]]},"id":"way/770834416"},{"type":"Feature","properties":{"@id":"way/770834417","abutters":"residential","highway":"primary","maxspeed":"60","name":"улица Александра Невского","name:etymology:wikidata":"Q174044","name:ru":"улица Александра Невского","name:uk":"Олександра Невського вулиця","old_name":"Рози Люксембург вулиця","old_name:en":"Rosa Luxemburg Street","old_name:ru":"Розы Люксембург улица","surface":"asphalt","trolley_wire":"yes"},"geometry":{"type":"LineString","coordinates":[[34.099125,44.9530206],[34.0992158,44.9529672]]},"id":"way/770834417"},{"type":"Feature","properties":{"@id":"way/775187125","abutters":"residential","highway":"primary","maxspeed":"60","name":"улица Воровского","name:en":"Vorovskogo Street","name:etymology:wikidata":"Q1365246","name:ru":"улица Воровского","name:uk":"Воровського вулиця","surface":"asphalt"},"geometry":{"type":"LineString","coordinates":[[34.1207763,44.9466863],[34.1219904,44.9460583]]},"id":"way/775187125"},{"type":"Feature","properties":{"@id":"way/775187127","abutters":"residential","highway":"primary","maxspeed":"60","name":"улица Воровского","name:en":"Vorovskogo Street","name:etymology:wikidata":"Q1365246","name:ru":"улица Воровского","name:uk":"Воровського вулиця","surface":"asphalt"},"geometry":{"type":"LineString","coordinates":[[34.1219904,44.9460583],[34.1225111,44.9457791]]},"id":"way/775187127"},{"type":"Feature","properties":{"@id":"way/775187128","abutters":"residential","highway":"primary","maxspeed":"60","name":"улица Воровского","name:en":"Vorovskogo Street","name:etymology:wikidata":"Q1365246","name:ru":"улица Воровского","name:uk":"Воровського вулиця","surface":"asphalt"},"geometry":{"type":"LineString","coordinates":[[34.1240995,44.9449294],[34.1242433,44.9448514]]},"id":"way/775187128"},{"type":"Feature","properties":{"@id":"way/775197266","highway":"secondary","name":"Троллейбусная улица","name:en":"Trolleybusnaya Street","name:ru":"Троллейбусная улица","name:uk":"Тролейбусна вулиця","surface":"asphalt"},"geometry":{"type":"LineString","coordinates":[[34.1063982,44.9637269],[34.1073641,44.9641157]]},"id":"way/775197266"},{"type":"Feature","properties":{"@id":"way/775197267","highway":"secondary","maxspeed":"60","name":"Троллейбусная улица","name:en":"Trolleybusnaya Street","name:ru":"Троллейбусная улица","name:uk":"Тролейбусна вулиця","surface":"asphalt"},"geometry":{"type":"LineString","coordinates":[[34.1073641,44.9641157],[34.1074999,44.9641699]]},"id":"way/775197267"},{"type":"Feature","properties":{"@id":"way/775197268","highway":"secondary","maxspeed":"60","name":"Троллейбусная улица","name:en":"Trolleybusnaya Street","name:ru":"Троллейбусная улица","name:uk":"Тролейбусна вулиця","surface":"asphalt"},"geometry":{"type":"LineString","coordinates":[[34.1074999,44.9641699],[34.1080125,44.9643701]]},"id":"way/775197268"},{"type":"Feature","properties":{"@id":"way/775197270","highway":"secondary","maxspeed":"60","name":"Троллейбусная улица","name:en":"Trolleybusnaya Street","name:ru":"Троллейбусная улица","name:uk":"Тролейбусна вулиця","surface":"asphalt"},"geometry":{"type":"LineString","coordinates":[[34.1080125,44.9643701],[34.1082964,44.9644952]]},"id":"way/775197270"},{"type":"Feature","properties":{"@id":"way/775197271","highway":"secondary","maxspeed":"60","name":"Троллейбусная улица","name:en":"Trolleybusnaya Street","name:ru":"Троллейбусная улица","name:uk":"Тролейбусна вулиця","surface":"asphalt"},"geometry":{"type":"LineString","coordinates":[[34.1082964,44.9644952],[34.1087291,44.964698],[34.108881,44.9648141],[34.1092734,44.9651143],[34.1100965,44.9656931],[34.1101516,44.9657352],[34.1107685,44.9661893]]},"id":"way/775197271"},{"type":"Feature","properties":{"@id":"way/775519993","abutters":"residential","highway":"primary","lanes":"3","maxspeed":"60","name":"Киевская улица","name:en":"Kievskaya Street","name:etymology:wikidata":"Q1899","name:ru":"Киевская улица","name:uk":"Київська вулиця","oneway":"yes","surface":"asphalt","trolley_wire":"no"},"geometry":{"type":"LineString","coordinates":[[34.0854936,44.9837629],[34.085138,44.9840906],[34.0847982,44.9844037],[34.0845231,44.984661],[34.0844131,44.9847688],[34.0836603,44.9854721],[34.08291,44.9861302]]},"id":"way/775519993"},{"type":"Feature","properties":{"@id":"way/775519994","abutters":"residential","highway":"primary","lanes":"3","maxspeed":"60","name":"Киевская улица","name:en":"Kievskaya Street","name:etymology:wikidata":"Q1899","name:ru":"Киевская улица","name:uk":"Київська вулиця","oneway":"yes","surface":"asphalt","trolley_wire":"no"},"geometry":{"type":"LineString","coordinates":[[34.0857094,44.9835561],[34.0855954,44.9836654],[34.0854936,44.9837629]]},"id":"way/775519994"},{"type":"Feature","properties":{"@id":"way/775519995","abutters":"residential","highway":"primary","lanes":"3","maxspeed":"60","name":"Киевская улица","name:en":"Kievskaya Street","name:etymology:wikidata":"Q1899","name:ru":"Киевская улица","name:uk":"Київська вулиця","oneway":"yes","surface":"asphalt","trolley_wire":"no"},"geometry":{"type":"LineString","coordinates":[[34.0879584,44.9814083],[34.0886809,44.9807742],[34.0892291,44.9802992],[34.0894427,44.980114],[34.0902503,44.9794167],[34.0903759,44.9793104]]},"id":"way/775519995"},{"type":"Feature","properties":{"@id":"way/776702391","abutters":"residential","highway":"primary","maxspeed":"60","name":"улица Александра Невского","name:etymology:wikidata":"Q174044","name:ru":"улица Александра Невского","name:uk":"Олександра Невського вулиця","old_name":"Рози Люксембург вулиця","old_name:en":"Rosa Luxemburg Street","old_name:ru":"Розы Люксембург улица","surface":"asphalt","trolley_wire":"yes"},"geometry":{"type":"LineString","coordinates":[[34.0982707,44.9535109],[34.0990608,44.9530586],[34.099125,44.9530206]]},"id":"way/776702391"},{"type":"Feature","properties":{"@id":"way/780227681","bridge":"yes","highway":"tertiary","layer":"1","name":"улица Менделеева","name:en":"Mendelieieva Street","name:etymology:wikidata":"Q9106","name:ru":"улица Менделеева","name:uk":"Менделєєва вулиця","surface":"asphalt"},"geometry":{"type":"LineString","coordinates":[[34.0987666,44.9556542],[34.0990845,44.9556476]]},"id":"way/780227681"},{"type":"Feature","properties":{"@id":"way/782351344","abutters":"residential","highway":"primary","lanes":"4","lit":"yes","maxspeed":"60","name":"Севастопольская улица","name:en":"Sevastopolskaya Street","name:ru":"Севастопольская улица","name:uk":"Севастопольська вулиця","surface":"asphalt","trolley_wire":"yes"},"geometry":{"type":"LineString","coordinates":[[34.0754328,44.9181824],[34.0761208,44.9187573]]},"id":"way/782351344"},{"type":"Feature","properties":{"@id":"way/782351345","abutters":"residential","highway":"primary","lanes":"4","maxspeed":"60","name":"Севастопольская улица","name:en":"Sevastopolskaya Street","name:ru":"Севастопольская улица","name:uk":"Севастопольська вулиця","surface":"asphalt","trolley_wire":"yes"},"geometry":{"type":"LineString","coordinates":[[34.0762046,44.9188278],[34.0766417,44.9191927],[34.0768517,44.919368],[34.076994,44.9194869]]},"id":"way/782351345"},{"type":"Feature","properties":{"@id":"way/782351346","abutters":"residential","highway":"primary","lanes":"4","maxspeed":"60","name":"Севастопольская улица","name:en":"Sevastopolskaya Street","name:ru":"Севастопольская улица","name:uk":"Севастопольська вулиця","surface":"asphalt","trolley_wire":"yes"},"geometry":{"type":"LineString","coordinates":[[34.0761208,44.9187573],[34.0762046,44.9188278]]},"id":"way/782351346"},{"type":"Feature","properties":{"@id":"way/782351347","highway":"tertiary","name":"Баррикадная улица","name:ru":"Баррикадная улица","name:uk":"Барикадна вулиця","oneway":"yes","source":"Bing","surface":"asphalt"},"geometry":{"type":"LineString","coordinates":[[34.0763189,44.9186343],[34.0762099,44.918702],[34.0761208,44.9187573]]},"id":"way/782351347"},{"type":"Feature","properties":{"@id":"way/782351349","abutters":"residential","highway":"primary","lanes":"4","maxspeed":"60","name":"Севастопольская улица","name:en":"Sevastopolskaya Street","name:ru":"Севастопольская улица","name:uk":"Севастопольська вулиця","surface":"asphalt","trolley_wire":"yes"},"geometry":{"type":"LineString","coordinates":[[34.076994,44.9194869],[34.0773023,44.9197445],[34.0780487,44.920373],[34.0783416,44.9206196],[34.078473,44.9207302]]},"id":"way/782351349"},{"type":"Feature","properties":{"@id":"way/788307340","abutters":"residential","highway":"secondary","maxspeed":"60","name":"улица Белова","name:ru":"улица Белова","name:uk":"Бєлова вулиця","oneway":"yes","surface":"asphalt"},"geometry":{"type":"LineString","coordinates":[[34.0485037,44.9674708],[34.0481101,44.9671938]]},"id":"way/788307340"},{"type":"Feature","properties":{"@id":"way/788307341","highway":"secondary","oneway":"yes"},"geometry":{"type":"LineString","coordinates":[[34.0485245,44.9670942],[34.0484883,44.9672854],[34.0485037,44.9674708]]},"id":"way/788307341"},{"type":"Feature","properties":{"@id":"way/788307830","highway":"secondary","junction":"roundabout"},"geometry":{"type":"LineString","coordinates":[[34.0483655,44.9672445],[34.0483105,44.9672527],[34.0482543,44.9672513],[34.0482001,44.9672406],[34.0481511,44.9672211],[34.0481101,44.9671938],[34.048079,44.9671598],[34.0480604,44.9671214],[34.0480556,44.967081],[34.0480647,44.967041],[34.0480873,44.9670037],[34.048122,44.9669714],[34.0481667,44.966946],[34.0482187,44.9669291]]},"id":"way/788307830"},{"type":"Feature","properties":{"@id":"way/791806957","highway":"primary","lanes":"4","lit":"yes","maxspeed":"RU:urban","name":"улица Павленко","name:uk":"вулиця Павленка","oneway":"no","surface":"asphalt","trolley_wire":"yes"},"geometry":{"type":"LineString","coordinates":[[34.088698,44.9576422],[34.088915,44.9578299],[34.0892307,44.9580955],[34.0893859,44.9582451]]},"id":"way/791806957"},{"type":"Feature","properties":{"@id":"way/794557206","highway":"tertiary","name":"улица Гавена","name:ru":"улица Гавена","name:uk":"Гавена вулиця","source":"Bing","surface":"asphalt"},"geometry":{"type":"LineString","coordinates":[[34.0902764,44.9169464],[34.0906502,44.9166542],[34.0907811,44.9165652],[34.0913284,44.9161572],[34.0916952,44.9158884],[34.0919657,44.9156901],[34.0924125,44.9153627],[34.0926378,44.9151976],[34.0927062,44.9151474],[34.0934012,44.9146381],[34.0934826,44.9145227]]},"id":"way/794557206"},{"type":"Feature","properties":{"@id":"way/794557207","highway":"tertiary","name":"улица Гавена","name:ru":"улица Гавена","name:uk":"Гавена вулиця","oneway":"yes","source":"Bing","surface":"asphalt"},"geometry":{"type":"LineString","coordinates":[[34.0902764,44.9169464],[34.0898768,44.9172391]]},"id":"way/794557207"},{"type":"Feature","properties":{"@id":"way/797176614","highway":"tertiary","junction":"roundabout","name":"Балаклавская улица","name:en":"Balaklavskaya Street","name:ru":"Балаклавская улица","name:uk":"Балаклавська вулиця","surface":"asphalt","trolley_wire":"yes"},"geometry":{"type":"LineString","coordinates":[[34.1098308,44.9196937],[34.1098213,44.9196524]]},"id":"way/797176614"},{"type":"Feature","properties":{"@id":"way/797176615","highway":"secondary","name":"Балаклавская улица","name:en":"Balaklavskaya Street","name:ru":"Балаклавская улица","name:uk":"Балаклавська вулиця","oneway":"yes","surface":"asphalt"},"geometry":{"type":"LineString","coordinates":[[34.1102699,44.9198022],[34.1101413,44.9198828],[34.1100669,44.9199242],[34.1098176,44.9200501]]},"id":"way/797176615"},{"type":"Feature","properties":{"@id":"way/797176616","highway":"secondary","junction":"roundabout","surface":"asphalt"},"geometry":{"type":"LineString","coordinates":[[34.1102699,44.9198022],[34.110189,44.9198301],[34.1100999,44.9198387],[34.1100113,44.9198273],[34.1099321,44.9197972],[34.1098699,44.9197511],[34.1098308,44.9196937]]},"id":"way/797176616"},{"type":"Feature","properties":{"@id":"way/797546550","highway":"secondary","maxspeed":"RU:urban","oneway":"yes","surface":"asphalt"},"geometry":{"type":"LineString","coordinates":[[34.0875463,44.9819315],[34.0875695,44.9823555]]},"id":"way/797546550"},{"type":"Feature","properties":{"@id":"way/800607139","highway":"secondary","oneway":"yes"},"geometry":{"type":"LineString","coordinates":[[34.1102116,44.9193646],[34.110228,44.9194215],[34.1102484,44.9194917]]},"id":"way/800607139"},{"type":"Feature","properties":{"@id":"way/800607140","highway":"secondary","name":"Балаклавская улица","name:en":"Balaklavskaya Street","name:ru":"Балаклавская улица","name:uk":"Балаклавська вулиця","oneway":"yes"},"geometry":{"type":"LineString","coordinates":[[34.1100778,44.9194649],[34.1101537,44.9194157],[34.1102116,44.9193646]]},"id":"way/800607140"},{"type":"Feature","properties":{"@id":"way/808770630","abutters":"residential","highway":"primary","lanes":"4","maxspeed":"60","name":"проспект Кирова","name:en":"Kirov Avenue","name:ru":"проспект Кирова","name:uk":"Кірова проспект","surface":"asphalt","trolley_wire":"yes"},"geometry":{"type":"LineString","coordinates":[[34.1060811,44.9564669],[34.1060073,44.9564315]]},"id":"way/808770630"},{"type":"Feature","properties":{"@id":"way/810707802","abutters":"residential","highway":"primary","lanes":"4","maxspeed":"60","name":"проспект Победы","name:en":"Pobedy Avenue","name:etymology:wikidata":"Q270706","name:ru":"проспект Победы","name:uk":"Перемоги проспект","old_ref":"Р-23","ref":"35К-003;Р-23","surface":"asphalt","trolley_wire":"yes"},"geometry":{"type":"LineString","coordinates":[[34.1381698,44.9761308],[34.1386344,44.9764452],[34.1392287,44.9768218],[34.1398366,44.977207],[34.1400792,44.9773607]]},"id":"way/810707802"},{"type":"Feature","properties":{"@id":"way/810707803","abutters":"residential","highway":"primary","lanes":"4","maxspeed":"60","name":"проспект Победы","name:en":"Pobedy Avenue","name:etymology:wikidata":"Q270706","name:ru":"проспект Победы","name:uk":"Перемоги проспект","old_ref":"Р-23","ref":"35К-003;Р-23","surface":"asphalt","trolley_wire":"yes"},"geometry":{"type":"LineString","coordinates":[[34.1380839,44.9760629],[34.1381698,44.9761308]]},"id":"way/810707803"},{"type":"Feature","properties":{"@id":"way/810707804","abutters":"residential","highway":"primary","lanes":"4","maxspeed":"60","name":"проспект Победы","name:en":"Pobedy Avenue","name:etymology:wikidata":"Q270706","name:ru":"проспект Победы","name:uk":"Перемоги проспект","old_ref":"Р-23","ref":"35К-003;Р-23","surface":"asphalt","trolley_wire":"yes"},"geometry":{"type":"LineString","coordinates":[[34.1410813,44.9779826],[34.1413446,44.9781313]]},"id":"way/810707804"},{"type":"Feature","properties":{"@id":"way/816764106","abutters":"residential","hgv":"no","highway":"primary","lanes":"4","lit":"yes","maxspeed":"60","name":"Севастопольская улица","name:en":"Sevastopolskaya Street","name:ru":"Севастопольская улица","name:uk":"Севастопольська вулиця","surface":"asphalt","trolley_wire":"yes"},"geometry":{"type":"LineString","coordinates":[[34.0813343,44.9230841],[34.0809253,44.9227446]]},"id":"way/816764106"},{"type":"Feature","properties":{"@id":"way/817105372","abutters":"residential","highway":"primary","lanes":"4","maxspeed":"60","name":"проспект Кирова","name:en":"Kirov Avenue","name:ru":"проспект Кирова","name:uk":"Кірова проспект","surface":"asphalt","trolley_wire":"yes"},"geometry":{"type":"LineString","coordinates":[[34.1037549,44.9548693],[34.1035764,44.9546189]]},"id":"way/817105372"},{"type":"Feature","properties":{"@id":"way/820860947","highway":"primary","lanes":"4","name":"проспект Кирова","name:en":"Kirov Avenue","name:ru":"проспект Кирова","name:uk":"Кірова проспект","surface":"asphalt","trolley_wire":"yes"},"geometry":{"type":"LineString","coordinates":[[34.1029699,44.9534228],[34.1029213,44.9533352],[34.1027401,44.9530088]]},"id":"way/820860947"},{"type":"Feature","properties":{"@id":"way/825809652","highway":"primary","int_ref":"E 105","lanes":"3","lanes:backward":"2","lanes:forward":"1","loc_name":"Объездная дорога","maxspeed":"60","ref":"35К-023","surface":"asphalt"},"geometry":{"type":"LineString","coordinates":[[34.1532503,44.9568729],[34.1533375,44.9567928],[34.153541,44.9566056],[34.1536068,44.9565451],[34.1536944,44.9564465],[34.1538295,44.9562559],[34.1539556,44.9559186],[34.1539908,44.9557175],[34.1539976,44.9555202],[34.1539828,44.9552353],[34.1539761,44.9552079],[34.1539238,44.9549953],[34.1539002,44.9549353],[34.1538634,44.9548418],[34.1538351,44.9547699],[34.1537499,44.954605],[34.1536786,44.9544671],[34.1535967,44.9543393]]},"id":"way/825809652"},{"type":"Feature","properties":{"@id":"way/827363005","highway":"primary_link","maxspeed":"60","oneway":"yes","surface":"asphalt"},"geometry":{"type":"LineString","coordinates":[[34.138048,44.9724074],[34.1384762,44.9718652],[34.1386374,44.9716377],[34.1388881,44.9714011]]},"id":"way/827363005"},{"type":"Feature","properties":{"@id":"way/827363006","highway":"primary_link","maxspeed":"60","oneway":"yes","surface":"asphalt"},"geometry":{"type":"LineString","coordinates":[[34.137516,44.9731084],[34.138048,44.9724074]]},"id":"way/827363006"},{"type":"Feature","properties":{"@id":"way/830291499","abutters":"residential","cycleway:both":"no","highway":"primary","lanes":"4","lit":"yes","maxspeed":"60","name":"Киевская улица","name:en":"Kievskaya Street","name:etymology:wikidata":"Q1899","name:ru":"Киевская улица","name:uk":"Київська вулиця","oneway":"no","surface":"asphalt","trolley_wire":"yes"},"geometry":{"type":"LineString","coordinates":[[34.1135316,44.956648],[34.1127627,44.9569793],[34.1119574,44.9573127]]},"id":"way/830291499"},{"type":"Feature","properties":{"@id":"way/831207183","abutters":"residential","cycleway:both":"no","highway":"primary","lanes":"4","lit":"yes","maxspeed":"60","name":"Киевская улица","name:en":"Kievskaya Street","name:etymology:wikidata":"Q1899","name:ru":"Киевская улица","name:uk":"Київська вулиця","oneway":"no","surface":"asphalt","trolley_wire":"yes"},"geometry":{"type":"LineString","coordinates":[[34.1113626,44.9575569],[34.1111502,44.9576476],[34.1109258,44.9577435]]},"id":"way/831207183"},{"type":"Feature","properties":{"@id":"way/833889541","abutters":"residential","highway":"primary","lanes":"4","maxspeed":"60","name":"проспект Победы","name:en":"Pobedy Avenue","name:etymology:wikidata":"Q270706","name:ru":"проспект Победы","name:uk":"Перемоги проспект","old_ref":"Р-23","ref":"35К-003;Р-23","surface":"asphalt","trolley_wire":"yes"},"geometry":{"type":"LineString","coordinates":[[34.1404487,44.9775921],[34.1407826,44.9778013]]},"id":"way/833889541"},{"type":"Feature","properties":{"@id":"way/833889542","abutters":"residential","highway":"primary","lanes":"4","maxspeed":"60","name":"проспект Победы","name:en":"Pobedy Avenue","name:etymology:wikidata":"Q270706","name:ru":"проспект Победы","name:uk":"Перемоги проспект","old_ref":"Р-23","oneway":"no","ref":"35К-003;Р-23","surface":"asphalt","trolley_wire":"yes"},"geometry":{"type":"LineString","coordinates":[[34.1375012,44.9755815],[34.1375364,44.9756094]]},"id":"way/833889542"},{"type":"Feature","properties":{"@id":"way/838241219","abutters":"residential","highway":"primary","maxspeed":"60","name":"улица Воровского","name:en":"Vorovskogo Street","name:etymology:wikidata":"Q1365246","name:ru":"улица Воровского","name:uk":"Воровського вулиця","surface":"asphalt"},"geometry":{"type":"LineString","coordinates":[[34.1192457,44.947459],[34.119502,44.947328]]},"id":"way/838241219"},{"type":"Feature","properties":{"@id":"way/838241220","abutters":"residential","highway":"primary","maxspeed":"60","name":"улица Воровского","name:en":"Vorovskogo Street","name:etymology:wikidata":"Q1365246","name:ru":"улица Воровского","name:uk":"Воровського вулиця","surface":"asphalt"},"geometry":{"type":"LineString","coordinates":[[34.124736,44.9445828],[34.1250585,44.9444001]]},"id":"way/838241220"},{"type":"Feature","properties":{"@id":"way/840483458","highway":"secondary","oneway":"yes"},"geometry":{"type":"LineString","coordinates":[[34.1282762,44.9861957],[34.1282817,44.9860885],[34.1282505,44.9859978],[34.1281781,44.9859466],[34.1281003,44.9859238],[34.128001,44.9859049],[34.1279313,44.9859163],[34.1278535,44.9859352],[34.127561,44.9860658],[34.1270971,44.9862388],[34.1264561,44.986419],[34.1251525,44.9867206],[34.124948,44.9867135]]},"id":"way/840483458"},{"type":"Feature","properties":{"@id":"way/840483459","highway":"secondary","oneway":"yes"},"geometry":{"type":"LineString","coordinates":[[34.1291237,44.9851794],[34.1287877,44.9854739],[34.128629,44.9855963],[34.1285647,44.9856779],[34.1285363,44.9857345],[34.1285084,44.985887],[34.128473,44.9859974],[34.1283867,44.9861184],[34.1282762,44.9861957]]},"id":"way/840483459"},{"type":"Feature","properties":{"@id":"way/846174228","abutters":"residential","highway":"secondary","maxspeed":"60","name":"улица Калинина","name:en":"Kalinina Street","name:etymology:wikidata":"Q229828","name:ru":"улица Калинина","name:uk":"Калініна вулиця","oneway":"yes","surface":"asphalt"},"geometry":{"type":"LineString","coordinates":[[34.0841916,44.9540733],[34.0853371,44.9534329],[34.0872086,44.9523853]]},"id":"way/846174228"},{"type":"Feature","properties":{"@id":"way/846174255","highway":"secondary","name":"Балаклавская улица","name:en":"Balaklavskaya Street","name:ru":"Балаклавская улица","name:uk":"Балаклавська вулиця","surface":"asphalt","trolley_wire":"yes"},"geometry":{"type":"LineString","coordinates":[[34.1067359,44.9221193],[34.1069688,44.9220278],[34.1070774,44.9219851],[34.1071643,44.9219509]]},"id":"way/846174255"},{"type":"Feature","properties":{"@id":"way/846174256","highway":"secondary","name":"Балаклавская улица","name:en":"Balaklavskaya Street","name:ru":"Балаклавская улица","name:uk":"Балаклавська вулиця","surface":"asphalt","trolley_wire":"yes"},"geometry":{"type":"LineString","coordinates":[[34.1071643,44.9219509],[34.1071822,44.9219437],[34.1072978,44.921897],[34.1073631,44.9218707],[34.1077332,44.9217182]]},"id":"way/846174256"},{"type":"Feature","properties":{"@id":"way/846174276","highway":"secondary","name":"Балаклавская улица","name:en":"Balaklavskaya Street","name:ru":"Балаклавская улица","name:uk":"Балаклавська вулиця","surface":"asphalt","trolley_wire":"yes"},"geometry":{"type":"LineString","coordinates":[[34.1020708,44.923709],[34.1028113,44.9234708]]},"id":"way/846174276"},{"type":"Feature","properties":{"@id":"way/846174277","highway":"secondary","name":"Балаклавская улица","name:en":"Balaklavskaya Street","name:ru":"Балаклавская улица","name:uk":"Балаклавська вулиця","surface":"asphalt","trolley_wire":"yes"},"geometry":{"type":"LineString","coordinates":[[34.1028113,44.9234708],[34.1046734,44.9228579]]},"id":"way/846174277"},{"type":"Feature","properties":{"@id":"way/849220447","highway":"tertiary"},"geometry":{"type":"LineString","coordinates":[[34.0915175,44.9809473],[34.0915393,44.9808429],[34.0915911,44.9807286],[34.0916879,44.9805995],[34.0918461,44.9804075],[34.0919636,44.9802532]]},"id":"way/849220447"},{"type":"Feature","properties":{"@id":"way/863157211","abutters":"residential","highway":"primary","lanes":"3","maxspeed":"60","name":"Киевская улица","name:en":"Kievskaya Street","name:etymology:wikidata":"Q1899","name:ru":"Киевская улица","name:uk":"Київська вулиця","oneway":"yes","surface":"asphalt","trolley_wire":"no"},"geometry":{"type":"LineString","coordinates":[[34.0874084,44.9818793],[34.0879584,44.9814083]]},"id":"way/863157211"},{"type":"Feature","properties":{"@id":"way/863157212","abutters":"residential","highway":"primary","lanes":"3","maxspeed":"60","name":"Киевская улица","name:en":"Kievskaya Street","name:etymology:wikidata":"Q1899","name:ru":"Киевская улица","name:uk":"Київська вулиця","oneway":"yes","surface":"asphalt","trolley_wire":"no"},"geometry":{"type":"LineString","coordinates":[[34.085362,44.9836827],[34.0854614,44.9835933],[34.0855706,44.9834951],[34.0867271,44.9824547],[34.0874084,44.9818793]]},"id":"way/863157212"},{"type":"Feature","properties":{"@id":"way/871121514","abutters":"residential","highway":"secondary","maxspeed":"60","name":"улица Козлова","name:en":"Kozlova Street","name:ru":"улица Козлова","name:uk":"Козлова вулиця","surface":"asphalt","trolley_wire":"yes"},"geometry":{"type":"LineString","coordinates":[[34.0989115,44.9385769],[34.0984167,44.9390793],[34.0980993,44.9394015],[34.0977014,44.939782],[34.0972503,44.9402713],[34.0971484,44.9403819]]},"id":"way/871121514"},{"type":"Feature","properties":{"@id":"way/875692223","highway":"secondary","maxspeed":"60","name":"Пионерский переулок","name:ru":"Пионерский переулок","name:uk":"Піонерський провулок","oneway":"yes","surface":"asphalt"},"geometry":{"type":"LineString","coordinates":[[34.0934819,44.9449638],[34.0932152,44.9451476]]},"id":"way/875692223"},{"type":"Feature","properties":{"@id":"way/893877825","abutters":"residential","highway":"primary","lanes":"4","maxspeed":"60","name":"проспект Победы","name:en":"Pobedy Avenue","name:etymology:wikidata":"Q270706","name:ru":"проспект Победы","name:uk":"Перемоги проспект","old_ref":"Р-23","ref":"35К-003;Р-23","surface":"asphalt","trolley_wire":"yes"},"geometry":{"type":"LineString","coordinates":[[34.1426873,44.9789684],[34.1433725,44.9794399],[34.1436989,44.9796441]]},"id":"way/893877825"},{"type":"Feature","properties":{"@id":"way/894605085","highway":"tertiary","source":"Bing"},"geometry":{"type":"LineString","coordinates":[[34.1753228,44.9815558],[34.1748169,44.9811713],[34.1743175,44.9808016],[34.1739206,44.9805298],[34.1738441,44.9804622]]},"id":"way/894605085"},{"type":"Feature","properties":{"@id":"way/896166304","abutters":"residential","highway":"primary","lanes":"4","lit":"yes","maxspeed":"60","name":"Киевская улица","name:en":"Kyivska Street","name:etymology:wikidata":"Q1899","name:ru":"Киевская улица","name:uk":"Київська вулиця","oneway":"no","shoulder":"no","surface":"asphalt","trolley_wire":"yes"},"geometry":{"type":"LineString","coordinates":[[34.1201362,44.9530585],[34.1190038,44.9535399],[34.117812,44.9540927],[34.1174635,44.9542908],[34.1174061,44.9543234],[34.117337,44.9543668],[34.116973,44.9545776],[34.1165264,44.9548437]]},"id":"way/896166304"},{"type":"Feature","properties":{"@id":"way/896166305","abutters":"residential","highway":"primary","lanes":"4","lit":"yes","maxspeed":"60","name":"Киевская улица","name:en":"Kyivska Street","name:etymology:wikidata":"Q1899","name:ru":"Киевская улица","name:uk":"Київська вулиця","oneway":"no","surface":"asphalt","trolley_wire":"yes"},"geometry":{"type":"LineString","coordinates":[[34.1204683,44.9529155],[34.1201362,44.9530585]]},"id":"way/896166305"},{"type":"Feature","properties":{"@id":"way/905458582","highway":"primary","lanes":"5","name":"Севастопольская улица","name:en":"Sevastopolskaya Street","name:ru":"Севастопольская улица","name:uk":"Севастопольська вулиця","surface":"asphalt","trolley_wire":"yes"},"geometry":{"type":"LineString","coordinates":[[34.0926835,44.938017],[34.0930539,44.93844]]},"id":"way/905458582"},{"type":"Feature","properties":{"@id":"way/907620699","abutters":"residential","highway":"secondary","incline":"-1","lanes":"4","lit":"no","maxspeed":"60","name":"улица Героев Сталинграда","name:ru":"улица Героев Сталинграда","name:uk":"Героїв Сталінграда вулиця","smoothness":"excellent","surface":"asphalt","trolley_wire":"no"},"geometry":{"type":"LineString","coordinates":[[34.0499516,44.9378149],[34.0505782,44.9378571],[34.0509579,44.9378827],[34.0514251,44.9379149],[34.0519454,44.9379371],[34.0522693,44.9379503],[34.0545236,44.938042],[34.0552382,44.9380624]]},"id":"way/907620699"},{"type":"Feature","properties":{"@id":"way/907620700","abutters":"residential","highway":"secondary","incline":"-1","lanes":"4","lit":"no","maxspeed":"60","name":"улица Героев Сталинграда","name:ru":"улица Героев Сталинграда","name:uk":"Героїв Сталінграда вулиця","smoothness":"excellent","surface":"asphalt","trolley_wire":"no"},"geometry":{"type":"LineString","coordinates":[[34.0595549,44.9381903],[34.0596756,44.9381916]]},"id":"way/907620700"},{"type":"Feature","properties":{"@id":"way/907620701","abutters":"residential","highway":"secondary","incline":"-1","lanes":"4","lit":"no","maxspeed":"60","name":"улица Героев Сталинграда","name:ru":"улица Героев Сталинграда","name:uk":"Героїв Сталінграда вулиця","smoothness":"excellent","surface":"asphalt","trolley_wire":"no"},"geometry":{"type":"LineString","coordinates":[[34.0596756,44.9381916],[34.0605475,44.938241]]},"id":"way/907620701"},{"type":"Feature","properties":{"@id":"way/907620702","abutters":"residential","highway":"secondary","incline":"-1","lanes":"4","lit":"no","maxspeed":"60","name":"улица Героев Сталинграда","name:ru":"улица Героев Сталинграда","name:uk":"Героїв Сталінграда вулиця","smoothness":"excellent","surface":"asphalt","trolley_wire":"no"},"geometry":{"type":"LineString","coordinates":[[34.0605475,44.938241],[34.0608867,44.9382472],[34.0612348,44.9382536],[34.0614553,44.9382589]]},"id":"way/907620702"},{"type":"Feature","properties":{"@id":"way/908716074","abutters":"residential","hgv":"no","highway":"primary","lanes":"3","lanes:backward":"1","lanes:forward":"2","maxspeed":"60","name":"проспект Вернадского","name:en":"Vernadsky Avenue","name:ru":"проспект Вернадского","name:uk":"Вернадського проспект","old_name":"Ялтинская улица","old_name:uk":"Ялтинська вулиця","surface":"asphalt","trolley_wire":"yes"},"geometry":{"type":"LineString","coordinates":[[34.1304798,44.9396568],[34.1303389,44.9398157],[34.1301043,44.9400803]]},"id":"way/908716074"},{"type":"Feature","properties":{"@id":"way/908716075","abutters":"residential","hgv":"no","highway":"primary","lanes":"3","lanes:backward":"2","lanes:forward":"1","maxspeed":"60","name":"проспект Вернадского","name:en":"Vernadsky Avenue","name:ru":"проспект Вернадского","name:uk":"Вернадського проспект","old_name":"Ялтинская улица","old_name:uk":"Ялтинська вулиця","surface":"asphalt","trolley_wire":"yes"},"geometry":{"type":"LineString","coordinates":[[34.1312874,44.9387217],[34.1304798,44.9396568]]},"id":"way/908716075"},{"type":"Feature","properties":{"@id":"way/908716076","abutters":"residential","hgv":"no","highway":"primary","lanes":"3","lanes:backward":"2","lanes:forward":"1","maxspeed":"60","name":"проспект Вернадского","name:en":"Vernadsky Avenue","name:ru":"проспект Вернадского","name:uk":"Вернадського проспект","old_name":"Ялтинская улица","old_name:uk":"Ялтинська вулиця","surface":"asphalt","trolley_wire":"yes"},"geometry":{"type":"LineString","coordinates":[[34.1321253,44.9377361],[34.1312874,44.9387217]]},"id":"way/908716076"},{"type":"Feature","properties":{"@id":"way/908716077","abutters":"residential","hgv":"no","highway":"primary","lanes":"3","lanes:backward":"1","lanes:forward":"2","lit":"yes","maxspeed":"60","name":"проспект Вернадского","name:en":"Vernadsky Avenue","name:ru":"проспект Вернадского","name:uk":"Вернадського проспект","old_name":"Ялтинская улица","old_name:uk":"Ялтинська вулиця","surface":"asphalt","trolley_wire":"yes"},"geometry":{"type":"LineString","coordinates":[[34.1326993,44.937022],[34.1321253,44.9377361]]},"id":"way/908716077"},{"type":"Feature","properties":{"@id":"way/908716078","abutters":"residential","hgv":"no","highway":"primary","lanes":"3","lanes:backward":"1","lanes:forward":"2","maxspeed":"60","name":"проспект Вернадского","name:en":"Vernadsky Avenue","name:ru":"проспект Вернадского","name:uk":"Вернадського проспект","old_name":"Ялтинская улица","old_name:uk":"Ялтинська вулиця","surface":"asphalt","trolley_wire":"yes"},"geometry":{"type":"LineString","coordinates":[[34.1330882,44.93653],[34.1329203,44.9367515],[34.1326993,44.937022]]},"id":"way/908716078"},{"type":"Feature","properties":{"@id":"way/916945972","abutters":"residential","highway":"primary","lanes":"4","maxspeed":"60","name":"проспект Победы","name:en":"Pobedy Avenue","name:etymology:wikidata":"Q270706","name:ru":"проспект Победы","name:uk":"Перемоги проспект","old_ref":"Р-23","ref":"35К-003;Р-23","surface":"asphalt","trolley_wire":"yes"},"geometry":{"type":"LineString","coordinates":[[34.1463261,44.9813126],[34.1466201,44.981502],[34.1473349,44.9819539]]},"id":"way/916945972"},{"type":"Feature","properties":{"@id":"way/916945973","abutters":"residential","highway":"primary","lanes":"4","maxspeed":"60","name":"проспект Победы","name:en":"Pobedy Avenue","name:etymology:wikidata":"Q270706","name:ru":"проспект Победы","name:uk":"Перемоги проспект","old_ref":"Р-23","ref":"35К-003;Р-23","surface":"asphalt","trolley_wire":"yes"},"geometry":{"type":"LineString","coordinates":[[34.14613,44.9811895],[34.1463261,44.9813126]]},"id":"way/916945973"},{"type":"Feature","properties":{"@id":"way/923266918","highway":"primary","int_ref":"E 105","lanes":"3","lanes:backward":"2","lanes:forward":"1","loc_name":"Объездная дорога","maxspeed":"60","ref":"35К-023","surface":"asphalt"},"geometry":{"type":"LineString","coordinates":[[34.1523185,44.9573707],[34.1524279,44.9573334],[34.1525666,44.9572787],[34.1526797,44.9572301],[34.1528281,44.9571572]]},"id":"way/923266918"},{"type":"Feature","properties":{"@id":"way/923266919","highway":"primary","int_ref":"E 105","lanes":"3","lanes:backward":"2","lanes:forward":"1","loc_name":"Объездная дорога","maxspeed":"60","ref":"35К-023","surface":"asphalt"},"geometry":{"type":"LineString","coordinates":[[34.1528281,44.9571572],[34.1529824,44.9570553],[34.1531355,44.9569566],[34.1532503,44.9568729]]},"id":"way/923266919"},{"type":"Feature","properties":{"@id":"way/924403457","highway":"tertiary"},"geometry":{"type":"LineString","coordinates":[[34.0914166,44.9826031],[34.0914364,44.9813514],[34.091454,44.9811847],[34.0915175,44.9809473]]},"id":"way/924403457"},{"type":"Feature","properties":{"@id":"way/935839956","abutters":"residential","highway":"secondary","maxspeed":"60","name":"Кавказская улица","name:ru":"Кавказская улица","name:uk":"Пролетарська вулиця","old_name":"Пролетарская улица","surface":"asphalt"},"geometry":{"type":"LineString","coordinates":[[34.1057482,44.9498592],[34.1059869,44.9501322]]},"id":"way/935839956"},{"type":"Feature","properties":{"@id":"way/935845331","highway":"primary","int_ref":"E 105","lanes":"3","lanes:backward":"1","lanes:forward":"2","loc_name":"Объездная дорога","maxspeed":"90","ref":"35К-023","surface":"asphalt"},"geometry":{"type":"LineString","coordinates":[[34.1396252,44.9399194],[34.1395767,44.9398904]]},"id":"way/935845331"},{"type":"Feature","properties":{"@id":"way/935845332","highway":"primary","int_ref":"E 105","lanes":"3","lanes:backward":"1","lanes:forward":"2","loc_name":"Объездная дорога","maxspeed":"60","ref":"35К-023","surface":"asphalt"},"geometry":{"type":"LineString","coordinates":[[34.1401809,44.9402498],[34.1399635,44.9401205]]},"id":"way/935845332"},{"type":"Feature","properties":{"@id":"way/935845333","highway":"primary","int_ref":"E 105","lanes":"3","lanes:backward":"1","lanes:forward":"2","loc_name":"Объездная дорога","maxspeed":"60","ref":"35К-023","surface":"asphalt"},"geometry":{"type":"LineString","coordinates":[[34.1399635,44.9401205],[34.1398325,44.9400426],[34.1396252,44.9399194]]},"id":"way/935845333"},{"type":"Feature","properties":{"@id":"way/935845335","highway":"primary","int_ref":"E 105","lanes":"3","lanes:backward":"1","lanes:forward":"2","loc_name":"Объездная дорога","maxspeed":"60","ref":"35К-023","surface":"asphalt"},"geometry":{"type":"LineString","coordinates":[[34.1422343,44.9414705],[34.1419621,44.9413086],[34.1411741,44.9408402]]},"id":"way/935845335"},{"type":"Feature","properties":{"@id":"way/936145047","highway":"primary","lanes":"4","name":"улица Гагарина","name:en":"Gagarina Street","name:etymology:wikidata":"Q7327","name:ru":"улица Гагарина","name:uk":"Гагаріна вулиця","oneway":"yes","surface":"asphalt","trolley_wire":"yes"},"geometry":{"type":"LineString","coordinates":[[34.0865573,44.9641729],[34.0859061,44.963645]]},"id":"way/936145047"},{"type":"Feature","properties":{"@id":"way/936525477","abutters":"residential","highway":"primary","maxspeed":"60","name":"Кечкеметская улица","name:en":"Kechkemetskaya Street","name:ru":"Кечкеметская улица","surface":"asphalt","trolley_wire":"yes"},"geometry":{"type":"LineString","coordinates":[[34.119599,44.9756469],[34.1205171,44.9754767],[34.1212411,44.9753443],[34.1217806,44.9752456],[34.1222112,44.9751627],[34.123115,44.9749886]]},"id":"way/936525477"},{"type":"Feature","properties":{"@id":"way/936526427","abutters":"residential","highway":"primary","lanes":"3","maxspeed":"60","name":"проспект Победы","name:en":"Pobedy Avenue","name:etymology:wikidata":"Q270706","name:ru":"проспект Победы","oneway":"yes","surface":"asphalt","trolley_wire":"yes"},"geometry":{"type":"LineString","coordinates":[[34.1203483,44.9623224],[34.1182798,44.9616538],[34.1173143,44.9613493]]},"id":"way/936526427"},{"type":"Feature","properties":{"@id":"way/936526428","abutters":"residential","highway":"primary","lanes":"3","lanes:backward":"2","lanes:forward":"1","maxspeed":"60","name":"Кечкеметская улица","name:en":"Kechkemetskaya Street","name:ru":"Кечкеметская улица","shoulder":"no","surface":"asphalt","trolley_wire":"yes"},"geometry":{"type":"LineString","coordinates":[[34.0992547,44.9740492],[34.1006871,44.9746048],[34.1016734,44.9749944],[34.1021929,44.9751842],[34.1026381,44.9753468],[34.1029328,44.9754618],[34.1051228,44.9763164],[34.1064855,44.9768636],[34.1073843,44.9771668],[34.1077322,44.9772841]]},"id":"way/936526428"},{"type":"Feature","properties":{"@id":"way/936527019","abutters":"residential","highway":"secondary","maxspeed":"60","name":"улица Данилова","name:ru":"улица Данилова","name:uk":"Данилова вулиця","surface":"asphalt","trolley_wire":"no"},"geometry":{"type":"LineString","coordinates":[[34.0706783,44.9253041],[34.0708855,44.9252235],[34.0712767,44.9251133]]},"id":"way/936527019"},{"type":"Feature","properties":{"@id":"way/936527558","abutters":"residential","highway":"primary","lanes":"3","maxspeed":"60","name":"проспект Победы","name:en":"Pobedy Avenue","name:etymology:wikidata":"Q270706","name:ru":"проспект Победы","oneway":"yes","surface":"asphalt","trolley_wire":"yes"},"geometry":{"type":"LineString","coordinates":[[34.1117307,44.9592794],[34.1122072,44.9595002],[34.1124309,44.9595938],[34.112643,44.9596768],[34.1128383,44.95975],[34.1132825,44.9598879],[34.1141397,44.9601687],[34.1150028,44.9604535],[34.1153427,44.9605607]]},"id":"way/936527558"},{"type":"Feature","properties":{"@id":"way/945486652","highway":"secondary","name":"улица Беспалова","name:en":"Bespalova Street","name:ru":"улица Беспалова","name:uk":"Беспалова вулиця","surface":"asphalt"},"geometry":{"type":"LineString","coordinates":[[34.1277339,44.9400609],[34.1277949,44.9400366],[34.1278523,44.9400072],[34.1279447,44.9399516],[34.1280298,44.9398883]]},"id":"way/945486652"},{"type":"Feature","properties":{"@id":"way/947192130","abutters":"residential","highway":"primary","lanes":"3","maxspeed":"60","name":"Евпаторийское шоссе","name:ru":"Евпаторийское шоссе","name:uk":"Євпаторійське шосе","oneway":"yes","surface":"asphalt","trolley_wire":"yes"},"geometry":{"type":"LineString","coordinates":[[34.0727386,44.9847228],[34.0728062,44.9846003],[34.0728551,44.9845099],[34.0728799,44.984461]]},"id":"way/947192130"},{"type":"Feature","properties":{"@id":"way/947192131","embankment":"yes","highway":"primary","lanes":"2","maxspeed":"RU:urban","oneway":"yes","ref":"35К-023","surface":"asphalt","trolley_wire":"no"},"geometry":{"type":"LineString","coordinates":[[34.0771576,44.9854799],[34.0775544,44.9856132]]},"id":"way/947192131"},{"type":"Feature","properties":{"@id":"way/947192132","abutters":"residential","highway":"primary","lanes":"3","maxspeed":"60","name":"Киевская улица","name:en":"Kievskaya Street","name:etymology:wikidata":"Q1899","name:ru":"Киевская улица","name:uk":"Київська вулиця","oneway":"yes","surface":"asphalt","trolley_wire":"no"},"geometry":{"type":"LineString","coordinates":[[34.0827089,44.9860107],[34.0843524,44.9846109]]},"id":"way/947192132"},{"type":"Feature","properties":{"@id":"way/947193808","abutters":"residential","highway":"primary","lanes":"4","maxspeed":"60","name":"проспект Победы","name:en":"Pobedy Avenue","name:etymology:wikidata":"Q270706","name:ru":"проспект Победы","name:uk":"Перемоги проспект","old_ref":"Р-23","ref":"35К-003;Р-23","surface":"asphalt","trolley_wire":"yes"},"geometry":{"type":"LineString","coordinates":[[34.1505257,44.9840116],[34.1506858,44.9841153]]},"id":"way/947193808"},{"type":"Feature","properties":{"@id":"way/947193809","abutters":"residential","highway":"primary","lanes":"4","maxspeed":"60","name":"проспект Победы","name:en":"Pobedy Avenue","name:etymology:wikidata":"Q270706","name:ru":"проспект Победы","name:uk":"Перемоги проспект","old_ref":"Р-23","ref":"35К-003;Р-23","surface":"asphalt","trolley_wire":"yes"},"geometry":{"type":"LineString","coordinates":[[34.14981,44.9835469],[34.1499767,44.9836551],[34.1503215,44.983879],[34.1505257,44.9840116]]},"id":"way/947193809"},{"type":"Feature","properties":{"@id":"way/947196522","highway":"secondary","name":"Сельская улица","name:ru":"Сельская улица","name:uk":"Сільська вулиця","surface":"asphalt","trolley_wire":"yes"},"geometry":{"type":"LineString","coordinates":[[34.1544361,44.9811594],[34.1547426,44.9813413],[34.1549763,44.9814754],[34.1551627,44.9815903],[34.1554433,44.9817635],[34.1556543,44.9819096],[34.1574195,44.9830474]]},"id":"way/947196522"},{"type":"Feature","properties":{"@id":"way/947196523","highway":"secondary","name":"улица Глинки","name:en":"Glinki Street","name:ru":"улица Глинки","name:uk":"Глінки вулиця","surface":"asphalt","trolley_wire":"yes"},"geometry":{"type":"LineString","coordinates":[[34.1542911,44.9810638],[34.1544361,44.9811594]]},"id":"way/947196523"},{"type":"Feature","properties":{"@id":"way/947199441","embankment":"yes","highway":"primary","lanes":"2","maxspeed":"RU:urban","oneway":"yes","ref":"35К-023","trolley_wire":"no"},"geometry":{"type":"LineString","coordinates":[[34.0761864,44.9852702],[34.0760262,44.9852168]]},"id":"way/947199441"},{"type":"Feature","properties":{"@id":"way/947199442","embankment":"yes","highway":"primary","lanes":"2","maxspeed":"RU:urban","oneway":"yes","ref":"35К-023","surface":"asphalt","trolley_wire":"no"},"geometry":{"type":"LineString","coordinates":[[34.0824568,44.987307],[34.0822006,44.9872131]]},"id":"way/947199442"},{"type":"Feature","properties":{"@id":"way/947199443","highway":"primary","lanes":"3","oneway":"yes","ref":"35А-002;М-18","surface":"asphalt","trolley_wire":"no"},"geometry":{"type":"LineString","coordinates":[[34.082332,44.9866609],[34.0815833,44.9872897]]},"id":"way/947199443"},{"type":"Feature","properties":{"@id":"way/947208520","abutters":"residential","highway":"tertiary","maxspeed":"60","name":"улица Маршала Жукова","name:en":"Marshala Zhukova Street","name:ru":"улица Маршала Жукова","name:uk":"Маршала Жукова вулиця","surface":"asphalt"},"geometry":{"type":"LineString","coordinates":[[34.0543755,44.945715],[34.0545099,44.9458159],[34.0547127,44.9459618],[34.0550879,44.9462514],[34.0556858,44.9467375]]},"id":"way/947208520"},{"type":"Feature","properties":{"@id":"way/947208522","highway":"secondary","junction":"roundabout","surface":"asphalt","trolley_wire":"no"},"geometry":{"type":"LineString","coordinates":[[34.0479188,44.9377449],[34.0478689,44.9376723],[34.0478454,44.9376082],[34.0478424,44.9375243],[34.047867,44.9374204]]},"id":"way/947208522"},{"type":"Feature","properties":{"@id":"way/947208523","highway":"secondary","junction":"roundabout","surface":"asphalt","trolley_wire":"no"},"geometry":{"type":"LineString","coordinates":[[34.0486362,44.9375334],[34.048624,44.9375949],[34.0486065,44.9376468],[34.0485813,44.9376895],[34.0485507,44.9377313],[34.0484719,44.9377871]]},"id":"way/947208523"},{"type":"Feature","properties":{"@id":"way/948087905","highway":"primary","lanes":"3","maxspeed":"60","name":"улица Гагарина","name:en":"Gagarina street","name:etymology:wikidata":"Q7327","name:ru":"улица Гагарина","name:uk":"Гагаріна вулиця","oneway":"yes","surface":"asphalt","trolley_wire":"yes"},"geometry":{"type":"LineString","coordinates":[[34.0844186,44.9621936],[34.0843972,44.9622391],[34.0843881,44.9622758],[34.0844066,44.9623447]]},"id":"way/948087905"},{"type":"Feature","properties":{"@id":"way/949422995","access":"no","bicycle":"yes","foot":"no","highway":"secondary","horse":"yes","lanes":"1","motor_vehicle":"yes","oneway":"yes","surface":"asphalt"},"geometry":{"type":"LineString","coordinates":[[34.1074593,44.9512997],[34.1074278,44.9512603],[34.1074248,44.9512281],[34.1074415,44.9512023],[34.1074642,44.9511787],[34.1074946,44.9511679],[34.1075596,44.9511438]]},"id":"way/949422995"},{"type":"Feature","properties":{"@id":"way/949422996","highway":"primary","name":"улица Шмидта","name:en":"Shmidt Street","name:ru":"улица Шмидта","name:uk":"Шмідта вулиця","surface":"asphalt","wikidata":"Q106485393","wikipedia":"ru:Улица Шмидта (Симферополь)"},"geometry":{"type":"LineString","coordinates":[[34.1074593,44.9512997],[34.106893,44.9509944]]},"id":"way/949422996"},{"type":"Feature","properties":{"@id":"way/949422997","abutters":"residential","highway":"primary","maxspeed":"60","name":"улица Воровского","name:en":"Vorovskogo Street","name:etymology:wikidata":"Q1365246","name:ru":"улица Воровского","name:uk":"Воровського вулиця","oneway":"yes","surface":"asphalt"},"geometry":{"type":"LineString","coordinates":[[34.1075596,44.9511438],[34.1078327,44.9511909],[34.1079695,44.9512118],[34.1080697,44.9512211],[34.108185,44.9512239],[34.1083518,44.951232]]},"id":"way/949422997"},{"type":"Feature","properties":{"@id":"way/949422998","highway":"primary","name":"улица Шмидта","name:en":"Shmidta Street","name:ru":"улица Шмидта","name:uk":"Шмідта вулиця","surface":"asphalt"},"geometry":{"type":"LineString","coordinates":[[34.106893,44.9509944],[34.1067395,44.9508982]]},"id":"way/949422998"},{"type":"Feature","properties":{"@id":"way/949423003","abutters":"residential","highway":"primary","maxspeed":"60","name":"улица Воровского","name:en":"Vorovskogo Street","name:etymology:wikidata":"Q1365246","name:ru":"улица Воровского","name:uk":"Воровського вулиця","surface":"asphalt"},"geometry":{"type":"LineString","coordinates":[[34.1119939,44.9503564],[34.1120936,44.95033],[34.1123183,44.9502663],[34.112515,44.9502025],[34.1129261,44.9500686],[34.1136157,44.9498406],[34.1136838,44.9498184]]},"id":"way/949423003"},{"type":"Feature","properties":{"@id":"way/949423008","abutters":"residential","highway":"primary","lanes":"3","lanes:backward":"1","lanes:forward":"2","maxspeed":"60","name":"улица Воровского","name:en":"Vorovskogo Street","name:etymology:wikidata":"Q1365246","name:ru":"улица Воровского","name:uk":"Воровського вулиця","surface":"asphalt"},"geometry":{"type":"LineString","coordinates":[[34.1136838,44.9498184],[34.114114,44.9496784]]},"id":"way/949423008"},{"type":"Feature","properties":{"@id":"way/949423009","abutters":"residential","highway":"primary","lanes":"3","lanes:backward":"1","lanes:forward":"2","maxspeed":"60","name":"улица Воровского","name:en":"Vorovskogo Street","name:etymology:wikidata":"Q1365246","name:ru":"улица Воровского","name:uk":"Воровського вулиця","surface":"asphalt"},"geometry":{"type":"LineString","coordinates":[[34.114114,44.9496784],[34.1144697,44.9495584],[34.1147948,44.9494384],[34.115276,44.9492271]]},"id":"way/949423009"},{"type":"Feature","properties":{"@id":"way/949423016","abutters":"residential","highway":"primary","maxspeed":"60","name":"улица Воровского","name:en":"Vorovskogo Street","name:etymology:wikidata":"Q1365246","name:ru":"улица Воровского","name:uk":"Воровського вулиця","surface":"asphalt"},"geometry":{"type":"LineString","coordinates":[[34.1242433,44.9448514],[34.1246811,44.9446136],[34.124736,44.9445828]]},"id":"way/949423016"},{"type":"Feature","properties":{"@id":"way/949423017","highway":"primary","junction":"roundabout","lanes":"2","oneway":"yes","route":"junction","surface":"asphalt","trolley_wire":"yes"},"geometry":{"type":"LineString","coordinates":[[34.126292,44.9444596],[34.1261642,44.9445292],[34.1260961,44.9445546],[34.1260067,44.944565],[34.1259241,44.9445668],[34.1258414,44.9445586],[34.1256635,44.9445116]]},"id":"way/949423017"},{"type":"Feature","properties":{"@id":"way/949423018","highway":"primary","junction":"roundabout","lanes":"2","oneway":"yes","route":"junction","surface":"asphalt","trolley_wire":"yes"},"geometry":{"type":"LineString","coordinates":[[34.1255646,44.9444184],[34.1255005,44.9443016],[34.1254922,44.9442019],[34.1255247,44.9441131]]},"id":"way/949423018"},{"type":"Feature","properties":{"@id":"way/949423019","highway":"primary","junction":"roundabout","lanes":"2","oneway":"yes","route":"junction","surface":"asphalt","trolley_wire":"yes"},"geometry":{"type":"LineString","coordinates":[[34.1256635,44.9445116],[34.1256039,44.9444558]]},"id":"way/949423019"},{"type":"Feature","properties":{"@id":"way/949423020","highway":"secondary","name":"улица Беспалова","name:en":"Bespalova Street","name:ru":"улица Беспалова","name:uk":"Беспалова вулиця","surface":"asphalt"},"geometry":{"type":"LineString","coordinates":[[34.1256995,44.943618],[34.1256086,44.9431657],[34.1255192,44.9426345],[34.1254789,44.9423241],[34.1254806,44.942228],[34.1255165,44.9421085],[34.1255389,44.9420571]]},"id":"way/949423020"},{"type":"Feature","properties":{"@id":"way/949423021","highway":"secondary","name":"улица Беспалова","name:en":"Bespalova Street","name:ru":"улица Беспалова","name:uk":"Беспалова вулиця","surface":"asphalt"},"geometry":{"type":"LineString","coordinates":[[34.1257338,44.9437349],[34.1257184,44.9436831],[34.1256995,44.943618]]},"id":"way/949423021"},{"type":"Feature","properties":{"@id":"way/949423022","highway":"primary","junction":"roundabout","lanes":"2","oneway":"yes","route":"junction","surface":"asphalt","trolley_wire":"yes"},"geometry":{"type":"LineString","coordinates":[[34.1259694,44.9439239],[34.1261918,44.9439734]]},"id":"way/949423022"},{"type":"Feature","properties":{"@id":"way/949423023","highway":"secondary","name":"улица Беспалова","name:en":"Bespalova Street","name:ru":"улица Беспалова","name:uk":"Беспалова вулиця","surface":"asphalt"},"geometry":{"type":"LineString","coordinates":[[34.1255389,44.9420571],[34.1255977,44.94195],[34.1258097,44.94172],[34.1260173,44.9414941],[34.1261381,44.9413701]]},"id":"way/949423023"},{"type":"Feature","properties":{"@id":"way/949423024","highway":"secondary","name":"улица Беспалова","name:en":"Bespalova Street","name:ru":"улица Беспалова","name:uk":"Беспалова вулиця","surface":"asphalt"},"geometry":{"type":"LineString","coordinates":[[34.1261381,44.9413701],[34.1268966,44.9405335]]},"id":"way/949423024"},{"type":"Feature","properties":{"@id":"way/949423025","highway":"secondary","name":"улица Беспалова","name:en":"Bespalova Street","name:ru":"улица Беспалова","name:uk":"Беспалова вулиця","surface":"asphalt"},"geometry":{"type":"LineString","coordinates":[[34.1268966,44.9405335],[34.1270254,44.9403837],[34.1271003,44.9403181],[34.1271948,44.9402733],[34.1274202,44.9401845],[34.1277339,44.9400609]]},"id":"way/949423025"},{"type":"Feature","properties":{"@id":"way/949423026","highway":"secondary","name":"улица Беспалова","name:en":"Bespalova Street","name:ru":"улица Беспалова","name:uk":"Беспалова вулиця","surface":"asphalt"},"geometry":{"type":"LineString","coordinates":[[34.1287225,44.9393507],[34.1290846,44.9390565]]},"id":"way/949423026"},{"type":"Feature","properties":{"@id":"way/949423027","highway":"secondary","name":"улица Беспалова","name:en":"Bespalova Street","name:ru":"улица Беспалова","name:uk":"Беспалова вулиця","surface":"asphalt"},"geometry":{"type":"LineString","coordinates":[[34.1280298,44.9398883],[34.128381,44.9396067],[34.1287225,44.9393507]]},"id":"way/949423027"},{"type":"Feature","properties":{"@id":"way/949423028","highway":"secondary","name":"улица Беспалова","name:en":"Bespalova Street","name:ru":"улица Беспалова","name:uk":"Беспалова вулиця","surface":"asphalt"},"geometry":{"type":"LineString","coordinates":[[34.1290846,44.9390565],[34.1291544,44.9389919],[34.1292241,44.9389046],[34.129377,44.9387242]]},"id":"way/949423028"},{"type":"Feature","properties":{"@id":"way/949423031","highway":"secondary","name":"улица Беспалова","name:en":"Bespalova Street","name:ru":"улица Беспалова","name:uk":"Беспалова вулиця","surface":"asphalt"},"geometry":{"type":"LineString","coordinates":[[34.1338934,44.9323697],[34.133837,44.9324568],[34.1337239,44.9326263],[34.1335975,44.9328245],[34.1333426,44.9332178],[34.132939,44.9338486],[34.1327774,44.9341012],[34.1326144,44.934361],[34.1323221,44.9348584],[34.1322523,44.9349819]]},"id":"way/949423031"},{"type":"Feature","properties":{"@id":"way/949423032","highway":"secondary","name":"улица Беспалова","name:en":"Bespalova Street","name:ru":"улица Беспалова","name:uk":"Беспалова вулиця","surface":"asphalt"},"geometry":{"type":"LineString","coordinates":[[34.1339539,44.9322796],[34.1338934,44.9323697]]},"id":"way/949423032"},{"type":"Feature","properties":{"@id":"way/949423033","highway":"secondary","name":"улица Беспалова","name:en":"Bespalova Street","name:ru":"улица Беспалова","name:uk":"Беспалова вулиця","surface":"asphalt"},"geometry":{"type":"LineString","coordinates":[[34.1344594,44.9314954],[34.134392,44.9315885],[34.1341968,44.9318936],[34.1339539,44.9322796]]},"id":"way/949423033"},{"type":"Feature","properties":{"@id":"way/949423035","highway":"secondary","name":"улица Беспалова","name:en":"Bespalova Street","name:ru":"улица Беспалова","name:uk":"Беспалова вулиця","surface":"asphalt"},"geometry":{"type":"LineString","coordinates":[[34.1379308,44.9261327],[34.137913,44.9261673],[34.1376118,44.9266163],[34.1372922,44.9271013],[34.1369695,44.9276193],[34.1365995,44.9281899],[34.1363294,44.9286142],[34.1360257,44.9290821],[34.1358429,44.9293787],[34.1354059,44.9300623],[34.1349828,44.9307341],[34.134565,44.9313312],[34.1344594,44.9314954]]},"id":"way/949423035"},{"type":"Feature","properties":{"@id":"way/949423036","highway":"secondary","name":"улица Беспалова","name:en":"Bespalova Street","name:ru":"улица Беспалова","name:uk":"Беспалова вулиця","surface":"asphalt"},"geometry":{"type":"LineString","coordinates":[[34.1382285,44.9256576],[34.1379308,44.9261327]]},"id":"way/949423036"},{"type":"Feature","properties":{"@id":"way/949701483","highway":"secondary","oneway":"yes"},"geometry":{"type":"LineString","coordinates":[[34.1015458,44.9315895],[34.101555,44.9315516],[34.1015767,44.9315209],[34.1016112,44.9315038],[34.1016609,44.9314884],[34.1017385,44.9314824]]},"id":"way/949701483"},{"type":"Feature","properties":{"@id":"way/949701484","highway":"secondary","lanes":"1","name":"Русская улица","name:en":"Russkaya Street","name:ru":"Русская улица","name:uk":"Руська вулиця","oneway":"yes","surface":"asphalt","trolley_wire":"yes"},"geometry":{"type":"LineString","coordinates":[[34.1014288,44.9313338],[34.1015713,44.9314025],[34.1017385,44.9314824]]},"id":"way/949701484"},{"type":"Feature","properties":{"@id":"way/949701485","highway":"secondary","lanes":"2","name":"Старозенитная улица","name:uk":"Старозенітна вулиця","oneway":"yes","surface":"asphalt","trolley_wire":"yes"},"geometry":{"type":"LineString","coordinates":[[34.1015458,44.9315895],[34.1015217,44.9315113],[34.1014919,44.9314415],[34.1014288,44.9313338]]},"id":"way/949701485"},{"type":"Feature","properties":{"@id":"way/949701486","highway":"secondary","lanes":"2","name":"Русская улица","name:en":"Russkaya Street","name:ru":"Русская улица","name:uk":"Руська вулиця","oneway":"yes","surface":"asphalt","trolley_wire":"yes"},"geometry":{"type":"LineString","coordinates":[[34.1020799,44.9315913],[34.1021215,44.9316409],[34.1021442,44.9316932]]},"id":"way/949701486"},{"type":"Feature","properties":{"@id":"way/949701489","highway":"secondary","oneway":"yes"},"geometry":{"type":"LineString","coordinates":[[34.1022922,44.9316056],[34.1022348,44.9316219],[34.1021978,44.9316382],[34.102157,44.9316644],[34.1021442,44.9316932]]},"id":"way/949701489"},{"type":"Feature","properties":{"@id":"way/949701490","highway":"secondary","name":"Ангарская улица","name:en":"Angarskaya Street","name:ru":"Ангарская улица","name:uk":"Ангарська вулиця","source":"Bing","surface":"asphalt"},"geometry":{"type":"LineString","coordinates":[[34.1022922,44.9316056],[34.103246,44.931715],[34.1036879,44.931775],[34.1053805,44.9320119],[34.1065927,44.9322486],[34.1066088,44.9322514],[34.1072921,44.9324137],[34.1077375,44.932517]]},"id":"way/949701490"},{"type":"Feature","properties":{"@id":"way/949701491","highway":"secondary","lanes":"2","name":"Русская улица","name:en":"Russkaya Street","name:ru":"Русская улица","name:uk":"Російська вулиця","oneway":"yes","surface":"asphalt","trolley_wire":"yes"},"geometry":{"type":"LineString","coordinates":[[34.1021442,44.9316932],[34.1021618,44.931816],[34.1021981,44.9325522],[34.1023387,44.9354054]]},"id":"way/949701491"},{"type":"Feature","properties":{"@id":"way/949701514","highway":"secondary","junction":"roundabout","layer":"1","oneway":"yes","surface":"asphalt"},"geometry":{"type":"LineString","coordinates":[[34.0856692,44.9459686],[34.0857515,44.9459501],[34.0857835,44.945947]]},"id":"way/949701514"},{"type":"Feature","properties":{"@id":"way/949701515","highway":"secondary","lanes":"1","oneway":"yes"},"geometry":{"type":"LineString","coordinates":[[34.0865167,44.9463825],[34.0863896,44.9463242],[34.0862237,44.9462989],[34.0860291,44.9462947],[34.0859115,44.9462921]]},"id":"way/949701515"},{"type":"Feature","properties":{"@id":"way/949701516","highway":"secondary","lanes":"2","oneway":"yes"},"geometry":{"type":"LineString","coordinates":[[34.086006,44.9460325],[34.086148,44.9461091],[34.0862756,44.946184],[34.0863854,44.9462572],[34.0865167,44.9463825]]},"id":"way/949701516"},{"type":"Feature","properties":{"@id":"way/949701517","highway":"secondary","junction":"roundabout","layer":"1","oneway":"yes","surface":"asphalt"},"geometry":{"type":"LineString","coordinates":[[34.0855379,44.9460883],[34.0855744,44.9460286],[34.0856218,44.9459941],[34.0856692,44.9459686]]},"id":"way/949701517"},{"type":"Feature","properties":{"@id":"way/949701518","abutters":"residential","highway":"secondary","lanes":"1","maxspeed":"60","name":"Объездная улица","name:en":"Obiezdnaya Street","name:ru":"Объездная улица","name:uk":"Об’їзна вулиця","oneway":"yes","surface":"asphalt"},"geometry":{"type":"LineString","coordinates":[[34.0854314,44.9458497],[34.0856895,44.945921],[34.0857835,44.945947]]},"id":"way/949701518"},{"type":"Feature","properties":{"@id":"way/949701519","highway":"secondary","oneway":"yes"},"geometry":{"type":"LineString","coordinates":[[34.0855379,44.9460883],[34.085542,44.9460341],[34.0855292,44.9459827],[34.0854973,44.9459321],[34.0854314,44.9458497]]},"id":"way/949701519"},{"type":"Feature","properties":{"@id":"way/949701520","highway":"secondary","oneway":"yes"},"geometry":{"type":"LineString","coordinates":[[34.0853514,44.9462851],[34.0854082,44.9462588],[34.0854464,44.9462363],[34.0854794,44.9462074],[34.0855035,44.9461812],[34.0855291,44.9461431]]},"id":"way/949701520"},{"type":"Feature","properties":{"@id":"way/949701521","abutters":"residential","highway":"secondary","maxspeed":"60","name":"Авиационная улица","name:en":"Aviatsionnaya Street","name:ru":"Авиационная улица","name:uk":"Авіаційна вулиця","oneway":"yes","surface":"asphalt"},"geometry":{"type":"LineString","coordinates":[[34.0856964,44.9462978],[34.0853514,44.9462851]]},"id":"way/949701521"},{"type":"Feature","properties":{"@id":"way/949701522","highway":"secondary","junction":"roundabout","layer":"1","oneway":"yes","surface":"asphalt"},"geometry":{"type":"LineString","coordinates":[[34.0857835,44.945947],[34.0858094,44.9459475],[34.0858724,44.9459576],[34.0859315,44.9459755],[34.0859702,44.9459989],[34.086006,44.9460325],[34.0860368,44.9460706],[34.0860498,44.946117],[34.0860498,44.9461684]]},"id":"way/949701522"},{"type":"Feature","properties":{"@id":"way/949701523","highway":"secondary","junction":"roundabout","layer":"1","oneway":"yes","surface":"asphalt"},"geometry":{"type":"LineString","coordinates":[[34.0856964,44.9462978],[34.0856368,44.9462713],[34.0855739,44.9462292],[34.0855413,44.946188],[34.0855291,44.9461431]]},"id":"way/949701523"},{"type":"Feature","properties":{"@id":"way/949701524","highway":"secondary","junction":"roundabout","layer":"1","oneway":"yes","surface":"asphalt"},"geometry":{"type":"LineString","coordinates":[[34.0855291,44.9461431],[34.0855379,44.9460883]]},"id":"way/949701524"},{"type":"Feature","properties":{"@id":"way/949701531","highway":"secondary","name":"улица Маяковского","name:en":"Mayakovskogo Street","name:etymology:wikidata":"Q132964","name:ru":"улица Маяковского","name:uk":"Маяковського вулиця","surface":"asphalt"},"geometry":{"type":"LineString","coordinates":[[34.0896164,44.9490566],[34.0896265,44.9490094]]},"id":"way/949701531"},{"type":"Feature","properties":{"@id":"way/952067853","abutters":"residential","highway":"primary","lanes":"4","lit":"yes","maxspeed":"60","name":"Киевская улица","name:en":"Kyivska Street","name:etymology:wikidata":"Q1899","name:ru":"Киевская улица","name:uk":"Київська вулиця","oneway":"no","surface":"asphalt","trolley_wire":"yes"},"geometry":{"type":"LineString","coordinates":[[34.1258463,44.9503794],[34.1257877,44.9504336]]},"id":"way/952067853"},{"type":"Feature","properties":{"@id":"way/952067854","abutters":"residential","highway":"primary","lanes":"4","lit":"yes","maxspeed":"60","name":"Киевская улица","name:en":"Kyivska Street","name:etymology:wikidata":"Q1899","name:ru":"Киевская улица","name:uk":"Київська вулиця","oneway":"no","surface":"asphalt","trolley_wire":"yes"},"geometry":{"type":"LineString","coordinates":[[34.1257877,44.9504336],[34.1256341,44.9505703],[34.1254579,44.950704],[34.1253079,44.9508146],[34.12513,44.950923],[34.1247775,44.9510912],[34.1243734,44.9512766],[34.123465,44.951656]]},"id":"way/952067854"},{"type":"Feature","properties":{"@id":"way/952313537","highway":"primary","int_ref":"E 105","lanes":"4","loc_name":"Объездная дорога","maxspeed":"90","name":"Плотинная улица","name:ru":"Плотинная улица","name:uk":"Плотинна вулиця","ref":"35К-023","surface":"asphalt"},"geometry":{"type":"LineString","coordinates":[[34.1381004,44.9340754],[34.1381346,44.9339918],[34.1381627,44.9338999]]},"id":"way/952313537"},{"type":"Feature","properties":{"@id":"way/952313538","highway":"primary","int_ref":"E 105","lanes":"4","loc_name":"Объездная дорога","maxspeed":"90","name":"Плотинная улица","name:ru":"Плотинная улица","name:uk":"Плотинна вулиця","ref":"35К-023","surface":"asphalt"},"geometry":{"type":"LineString","coordinates":[[34.1381627,44.9338999],[34.1381742,44.9338386],[34.1381776,44.9338204]]},"id":"way/952313538"},{"type":"Feature","properties":{"@id":"way/952313539","highway":"secondary","name":"улица Мира","name:en":"Mira Street","name:ru":"улица Мира","name:uk":"Миру вулиця","oneway":"yes"},"geometry":{"type":"LineString","coordinates":[[34.1365331,44.9333006],[34.1361699,44.9331639],[34.1357039,44.9330017],[34.1356109,44.932964],[34.13551,44.9329264],[34.1354051,44.9328829],[34.134444,44.93255],[34.1343971,44.9325338],[34.1341412,44.9324512],[34.1338934,44.9323697]]},"id":"way/952313539"},{"type":"Feature","properties":{"@id":"way/952313542","highway":"secondary","name":"улица Мира","name:en":"Mira Street","name:ru":"улица Мира","name:uk":"Миру вулиця","oneway":"yes","surface":"asphalt"},"geometry":{"type":"LineString","coordinates":[[34.1378882,44.9337863],[34.1378785,44.9337816],[34.1372935,44.933567],[34.1369623,44.933451],[34.1365331,44.9333006]]},"id":"way/952313542"},{"type":"Feature","properties":{"@id":"way/952313546","highway":"secondary","name":"улица Мира","name:en":"Mira Street","name:ru":"улица Мира","name:uk":"Миру вулиця","oneway":"yes"},"geometry":{"type":"LineString","coordinates":[[34.13803,44.9338963],[34.1380004,44.9338407],[34.1378882,44.9337863]]},"id":"way/952313546"},{"type":"Feature","properties":{"@id":"way/952313547","highway":"secondary","name":"улица Мира","name:en":"Mira Street","name:ru":"улица Мира","name:uk":"Миру вулиця","oneway":"yes"},"geometry":{"type":"LineString","coordinates":[[34.1379332,44.9337315],[34.1380501,44.9337737],[34.1381776,44.9338204]]},"id":"way/952313547"},{"type":"Feature","properties":{"@id":"way/952313553","highway":"primary","lanes":"3","maxspeed":"60","name":"улица Гагарина","name:en":"Gagarina street","name:etymology:wikidata":"Q7327","name:ru":"улица Гагарина","name:uk":"Гагаріна вулиця","oneway":"yes","surface":"asphalt","trolley_wire":"yes"},"geometry":{"type":"LineString","coordinates":[[34.0866693,44.9640859],[34.0874239,44.9646968],[34.0875398,44.9648004]]},"id":"way/952313553"},{"type":"Feature","properties":{"@id":"way/952313554","highway":"primary","lanes":"2","oneway":"no","trolley_wire":"yes"},"geometry":{"type":"LineString","coordinates":[[34.0860816,44.9652284],[34.0863729,44.9650279]]},"id":"way/952313554"},{"type":"Feature","properties":{"@id":"way/952313555","access":"yes","agricultural":"destination","hgv":"destination","highway":"primary","lanes":"2","name":"улица КИМа","name:ru":"улица КИМа","name:uk":"КІМа вулиця","oneway":"no","oneway:psv":"no","surface":"asphalt","trolley_wire":"yes"},"geometry":{"type":"LineString","coordinates":[[34.0832724,44.9688616],[34.08345,44.9685136],[34.0836118,44.9681965]]},"id":"way/952313555"},{"type":"Feature","properties":{"@id":"way/952313556","highway":"primary","lanes":"4","maxspeed":"60","name":"Евпаторийское шоссе","name:en":"Yevpatoriiskoye Road","surface":"asphalt","trolley_wire":"yes"},"geometry":{"type":"LineString","coordinates":[[34.0795126,44.9694444],[34.0794508,44.9695737],[34.0793513,44.969782]]},"id":"way/952313556"},{"type":"Feature","properties":{"@id":"way/952313557","access":"yes","agricultural":"destination","hgv":"destination","highway":"primary","lanes":"2","name":"улица КИМа","name:ru":"улица КИМа","name:uk":"КІМа вулиця","oneway":"no","oneway:psv":"no","surface":"asphalt","trolley_wire":"yes"},"geometry":{"type":"LineString","coordinates":[[34.0836118,44.9681965],[34.0838931,44.9676127],[34.0839413,44.9675127],[34.0840995,44.9672035],[34.0842278,44.9669528]]},"id":"way/952313557"},{"type":"Feature","properties":{"@id":"way/953491854","highway":"primary","lanes":"4","maxspeed":"60","name":"Евпаторийское шоссе","name:en":"Yevpatoriiskoye Road","name:ru":"Евпаторийское шоссе","name:uk":"Євпаторійське шосе","surface":"asphalt","trolley_wire":"yes"},"geometry":{"type":"LineString","coordinates":[[34.0755177,44.9777795],[34.0754727,44.9778754],[34.0753983,44.9780338],[34.0752392,44.9783725],[34.0752219,44.9784093]]},"id":"way/953491854"},{"type":"Feature","properties":{"@id":"way/953491855","highway":"primary","lanes":"4","maxspeed":"60","name":"Евпаторийское шоссе","name:en":"Yevpatoriiskoye Road","name:ru":"Евпаторийское шоссе","name:uk":"Євпаторійське шосе","surface":"asphalt","trolley_wire":"yes"},"geometry":{"type":"LineString","coordinates":[[34.0757691,44.977278],[34.0755177,44.9777795]]},"id":"way/953491855"},{"type":"Feature","properties":{"@id":"way/953491859","highway":"primary","oneway":"yes"},"geometry":{"type":"LineString","coordinates":[[34.033385,44.9367836],[34.0332495,44.9367171],[34.0331141,44.9366708],[34.032984,44.9366343],[34.0328487,44.9366061],[34.0327019,44.9365847]]},"id":"way/953491859"},{"type":"Feature","properties":{"@id":"way/953491860","highway":"primary","lanes":"2","maxspeed":"60","old_ref":"Т-01-06","oneway":"yes","ref":"35К-011;Т-01-06","surface":"asphalt"},"geometry":{"type":"LineString","coordinates":[[34.0327019,44.9365847],[34.0329152,44.9365827],[34.0331285,44.9365691],[34.0332373,44.9365506],[34.033403,44.9365077]]},"id":"way/953491860"},{"type":"Feature","properties":{"@id":"way/953792829","highway":"secondary","name":"улица Маяковского","name:en":"Mayakovskogo Street","name:etymology:wikidata":"Q132964","name:ru":"улица Маяковского","name:uk":"Маяковського вулиця","surface":"asphalt"},"geometry":{"type":"LineString","coordinates":[[34.089473,44.9498291],[34.0894896,44.9497537]]},"id":"way/953792829"},{"type":"Feature","properties":{"@id":"way/953792835","highway":"secondary","name":"улица Маяковского","name:en":"Mayakovskogo Street","name:etymology:wikidata":"Q132964","name:ru":"улица Маяковского","name:uk":"Маяковського вулиця","surface":"asphalt"},"geometry":{"type":"LineString","coordinates":[[34.0894896,44.9497537],[34.0896164,44.9490566]]},"id":"way/953792835"},{"type":"Feature","properties":{"@id":"way/953792836","highway":"secondary","name":"улица Маяковского","name:en":"Mayakovskogo Street","name:etymology:wikidata":"Q132964","name:ru":"улица Маяковского","name:uk":"Маяковського вулиця","surface":"asphalt"},"geometry":{"type":"LineString","coordinates":[[34.0894042,44.9501365],[34.089473,44.9498291]]},"id":"way/953792836"},{"type":"Feature","properties":{"@id":"way/953792838","highway":"secondary","name":"улица Маяковского","name:en":"Mayakovskogo Street","name:etymology:wikidata":"Q132964","name:ru":"улица Маяковского","name:uk":"Маяковського вулиця","surface":"asphalt"},"geometry":{"type":"LineString","coordinates":[[34.0892785,44.9506992],[34.0894042,44.9501365]]},"id":"way/953792838"},{"type":"Feature","properties":{"@id":"way/953792860","abutters":"residential","highway":"primary","lanes":"4","maxspeed":"60","name":"проспект Победы","name:en":"Pobedy Avenue","name:etymology:wikidata":"Q270706","name:ru":"проспект Победы","name:uk":"Перемоги проспект","old_ref":"Р-23","ref":"35К-003;Р-23","surface":"asphalt","trolley_wire":"yes"},"geometry":{"type":"LineString","coordinates":[[34.1436989,44.9796441],[34.1442433,44.9799967]]},"id":"way/953792860"},{"type":"Feature","properties":{"@id":"way/953792861","abutters":"residential","highway":"primary","lanes":"4","maxspeed":"60","name":"проспект Победы","name:en":"Pobedy Avenue","name:etymology:wikidata":"Q270706","name:ru":"проспект Победы","name:uk":"Перемоги проспект","old_ref":"Р-23","ref":"35К-003;Р-23","surface":"asphalt","trolley_wire":"yes"},"geometry":{"type":"LineString","coordinates":[[34.1450135,44.9804816],[34.1456855,44.9809104]]},"id":"way/953792861"},{"type":"Feature","properties":{"@id":"way/953934280","highway":"tertiary","name":"улица Будённого","name:en":"Budyonnogo Street","name:etymology:wikidata":"Q242474","name:ru":"улица Будённого","name:uk":"Будьонного вулиця","surface":"asphalt"},"geometry":{"type":"LineString","coordinates":[[34.1340827,44.9579121],[34.1349206,44.9575902]]},"id":"way/953934280"},{"type":"Feature","properties":{"@id":"way/953934285","highway":"secondary","name":"улица Тарабукина","name:en":"Tarabukina Street","name:ru":"улица Тарабукина","name:uk":"Тарабукіна вулиця","surface":"asphalt"},"geometry":{"type":"LineString","coordinates":[[34.1206133,44.9374658],[34.1205485,44.9379325],[34.1205364,44.9381594],[34.1205556,44.9382215],[34.1205924,44.9382739],[34.1206121,44.938302]]},"id":"way/953934285"},{"type":"Feature","properties":{"@id":"way/953934286","alt_name":"улица И.Г.Лексина","highway":"tertiary","name":"улица Лексина","name:en":"Leksina Street","name:ru":"улица Лексина","name:uk":"Лексіна вулиця","surface":"asphalt"},"geometry":{"type":"LineString","coordinates":[[34.0747261,44.9501447],[34.0747863,44.9501298],[34.0748288,44.9501182],[34.0760157,44.949795],[34.0782907,44.9491425]]},"id":"way/953934286"},{"type":"Feature","properties":{"@id":"way/953934287","alt_name":"улица И.Г.Лексина","highway":"tertiary","name":"улица Лексина","name:en":"Leksina Street","name:ru":"улица Лексина","name:uk":"Лексіна вулиця"},"geometry":{"type":"LineString","coordinates":[[34.0782907,44.9491425],[34.0786715,44.9490656],[34.0802671,44.9487182]]},"id":"way/953934287"},{"type":"Feature","properties":{"@id":"way/953934288","highway":"secondary","name":"улица Куйбышева","name:en":"Kuybyshev Street","name:etymology:wikidata":"Q443703","name:ru":"улица Куйбышева","name:uk":"Куйбишева вулиця","surface":"asphalt"},"geometry":{"type":"LineString","coordinates":[[34.1072102,44.9779499],[34.1075246,44.9775177],[34.1076381,44.9773617],[34.1077322,44.9772841]]},"id":"way/953934288"},{"type":"Feature","properties":{"@id":"way/953944144","abutters":"residential","highway":"secondary","maxspeed":"60","name":"улица Данилова","name:ru":"улица Данилова","name:uk":"Данилова вулиця","surface":"asphalt","trolley_wire":"yes"},"geometry":{"type":"LineString","coordinates":[[34.0785736,44.9222459],[34.0790411,44.9220066],[34.0793611,44.9218429],[34.0796641,44.9216878]]},"id":"way/953944144"},{"type":"Feature","properties":{"@id":"way/953944145","abutters":"residential","highway":"secondary","maxspeed":"60","name":"улица Данилова","name:ru":"улица Данилова","name:uk":"Данилова вулиця","surface":"asphalt","trolley_wire":"yes"},"geometry":{"type":"LineString","coordinates":[[34.0740137,44.9243397],[34.0743714,44.9242082],[34.0748522,44.9240466],[34.0753246,44.9238482],[34.0763086,44.9234066],[34.0773514,44.9228811],[34.0780877,44.9224945]]},"id":"way/953944145"},{"type":"Feature","properties":{"@id":"way/953944146","abutters":"residential","highway":"secondary","maxspeed":"60","name":"улица Данилова","name:ru":"улица Данилова","name:uk":"Данилова вулиця","surface":"asphalt","trolley_wire":"yes"},"geometry":{"type":"LineString","coordinates":[[34.0736506,44.9244425],[34.0738057,44.9243986],[34.0740137,44.9243397]]},"id":"way/953944146"},{"type":"Feature","properties":{"@id":"way/953944147","abutters":"residential","highway":"secondary","maxspeed":"60","name":"улица Данилова","name:ru":"улица Данилова","name:uk":"Данилова вулиця","surface":"asphalt","trolley_wire":"yes"},"geometry":{"type":"LineString","coordinates":[[34.0733099,44.9245499],[34.0736506,44.9244425]]},"id":"way/953944147"},{"type":"Feature","properties":{"@id":"way/953944148","abutters":"residential","highway":"secondary","maxspeed":"60","name":"улица Данилова","name:ru":"улица Данилова","name:uk":"Данилова вулиця","surface":"asphalt","trolley_wire":"no"},"geometry":{"type":"LineString","coordinates":[[34.0712767,44.9251133],[34.0716093,44.9250197]]},"id":"way/953944148"},{"type":"Feature","properties":{"@id":"way/953944149","abutters":"residential","highway":"secondary","maxspeed":"60","name":"улица Данилова","name:ru":"улица Данилова","name:uk":"Данилова вулиця","surface":"asphalt","trolley_wire":"no"},"geometry":{"type":"LineString","coordinates":[[34.0716093,44.9250197],[34.0718995,44.924938]]},"id":"way/953944149"},{"type":"Feature","properties":{"@id":"way/953944150","abutters":"residential","highway":"secondary","maxspeed":"60","name":"улица Данилова","name:ru":"улица Данилова","name:uk":"Данилова вулиця","surface":"asphalt","trolley_wire":"no"},"geometry":{"type":"LineString","coordinates":[[34.0718995,44.924938],[34.0729843,44.9246325]]},"id":"way/953944150"},{"type":"Feature","properties":{"@id":"way/953944157","highway":"primary","lanes":"3","maxspeed":"60","name":"улица Гагарина","name:en":"Gagarina street","name:etymology:wikidata":"Q7327","name:ru":"улица Гагарина","name:uk":"Гагаріна вулиця","oneway":"yes","surface":"asphalt","trolley_wire":"yes"},"geometry":{"type":"LineString","coordinates":[[34.0875398,44.9648004],[34.087572,44.9648392]]},"id":"way/953944157"},{"type":"Feature","properties":{"@id":"way/955249022","highway":"primary","int_ref":"E 105","lanes":"4","loc_name":"Объездная дорога","maxspeed":"60","ref":"35К-023","surface":"asphalt"},"geometry":{"type":"LineString","coordinates":[[34.1443997,44.9617053],[34.1444974,44.9615285]]},"id":"way/955249022"},{"type":"Feature","properties":{"@id":"way/955249023","highway":"primary","int_ref":"E 105","lanes":"4","loc_name":"Объездная дорога","maxspeed":"60","ref":"35К-023","surface":"asphalt"},"geometry":{"type":"LineString","coordinates":[[34.1443385,44.9618295],[34.1443997,44.9617053]]},"id":"way/955249023"},{"type":"Feature","properties":{"@id":"way/955249031","highway":"tertiary","name":"улица Механизаторов","name:ru":"улица Механизаторов","name:uk":"Механізаторів вулиця","oneway":"yes","surface":"asphalt"},"geometry":{"type":"LineString","coordinates":[[34.133878,44.9789784],[34.1338684,44.9791155],[34.1338794,44.9791687],[34.1339033,44.9792265],[34.1339444,44.9792744],[34.1340133,44.9793436]]},"id":"way/955249031"},{"type":"Feature","properties":{"@id":"way/955249032","highway":"tertiary","name":"улица Механизаторов","name:uk":"вулиця Механізаторів","oneway":"yes"},"geometry":{"type":"LineString","coordinates":[[34.1340133,44.9793436],[34.1339257,44.9793212],[34.1338752,44.9793114],[34.1338259,44.9793106],[34.1337733,44.9793212],[34.1337143,44.979347],[34.1335948,44.9794039]]},"id":"way/955249032"},{"type":"Feature","properties":{"@id":"way/955249042","highway":"tertiary","name":"Широкая улица","name:ru":"Широкая улица","name:uk":"Широка вулиця"},"geometry":{"type":"LineString","coordinates":[[34.0640461,44.9622969],[34.0646804,44.9624919],[34.0650306,44.9625934],[34.0656994,44.9627222]]},"id":"way/955249042"},{"type":"Feature","properties":{"@id":"way/955249045","abutters":"residential","highway":"secondary","maxspeed":"60","name":"улица Леси Украинки","name:en":"Lesi Ukrainki Street","surface":"asphalt"},"geometry":{"type":"LineString","coordinates":[[34.0658053,44.958068],[34.0652903,44.9574393],[34.0647431,44.9567826],[34.0641933,44.9561278],[34.063697,44.9555141],[34.0631737,44.9548607]]},"id":"way/955249045"},{"type":"Feature","properties":{"@id":"way/956289083","abutters":"residential","highway":"primary","lanes":"3","maxspeed":"60","name":"проспект Победы","name:en":"Pobedy Avenue","name:etymology:wikidata":"Q270706","name:ru":"проспект Победы","oneway":"yes","surface":"asphalt","trolley_wire":"yes"},"geometry":{"type":"LineString","coordinates":[[34.1226553,44.9628792],[34.1230085,44.9630008],[34.1233435,44.9631122],[34.1235692,44.9632065],[34.1237798,44.9633057],[34.1240015,44.9634343],[34.1242056,44.9635596],[34.1242833,44.9636143],[34.1243876,44.9636993],[34.1245036,44.9638024],[34.1246385,44.9639366],[34.1247793,44.9640898],[34.1250246,44.9643527],[34.1250934,44.9644202],[34.1251605,44.964486],[34.1253858,44.9647069]]},"id":"way/956289083"},{"type":"Feature","properties":{"@id":"way/956289084","abutters":"residential","highway":"primary","lanes":"2","maxspeed":"60","name":"проспект Победы","name:en":"Pobedy Avenue","name:etymology:wikidata":"Q270706","name:ru":"проспект Победы","oneway":"yes","surface":"asphalt","trolley_wire":"yes"},"geometry":{"type":"LineString","coordinates":[[34.1225649,44.9630476],[34.1218906,44.9628188],[34.121652,44.9627417],[34.1210952,44.9625617],[34.1210271,44.9625409],[34.1203483,44.9623224]]},"id":"way/956289084"},{"type":"Feature","properties":{"@id":"way/961358671","abutters":"residential","highway":"secondary","maxspeed":"60","name":"улица Куйбышева","name:en":"Kuybyshev Street","name:etymology:wikidata":"Q443703","name:ru":"улица Куйбышева","name:uk":"Куйбишева вулиця","oneway":"no","surface":"asphalt"},"geometry":{"type":"LineString","coordinates":[[34.109971,44.9606196],[34.1101,44.9611301],[34.1101355,44.9612478]]},"id":"way/961358671"},{"type":"Feature","properties":{"@id":"way/962814475","abutters":"residential","hgv":"no","highway":"primary","lanes":"4","maxspeed":"60","name":"Севастопольская улица","name:en":"Sevastopolskaya Street","name:ru":"Севастопольская улица","name:uk":"Севастопольська вулиця","surface":"asphalt","trolley_wire":"yes"},"geometry":{"type":"LineString","coordinates":[[34.0860401,44.9291861],[34.0857914,44.928837],[34.0855988,44.9285666],[34.0844837,44.9270013]]},"id":"way/962814475"},{"type":"Feature","properties":{"@id":"way/963992921","abutters":"residential","highway":"primary","lanes":"4","maxspeed":"60","name":"проспект Победы","name:en":"Pobedy Avenue","name:etymology:wikidata":"Q270706","name:ru":"проспект Победы","name:uk":"Перемоги проспект","old_ref":"Р-23","ref":"35К-003;Р-23","surface":"asphalt"},"geometry":{"type":"LineString","coordinates":[[34.1533742,44.9858002],[34.1535797,44.9859272]]},"id":"way/963992921"},{"type":"Feature","properties":{"@id":"way/963992922","abutters":"residential","highway":"primary","lanes":"4","maxspeed":"60","name":"проспект Победы","name:en":"Pobedy Avenue","name:etymology:wikidata":"Q270706","name:ru":"проспект Победы","name:uk":"Перемоги проспект","old_ref":"Р-23","ref":"35К-003;Р-23","surface":"asphalt"},"geometry":{"type":"LineString","coordinates":[[34.1535797,44.9859272],[34.1543138,44.9863857],[34.1549831,44.9867648]]},"id":"way/963992922"},{"type":"Feature","properties":{"@id":"way/963992923","abutters":"residential","highway":"primary","lanes":"4","maxspeed":"60","name":"проспект Победы","name:en":"Pobedy Avenue","name:etymology:wikidata":"Q270706","name:ru":"проспект Победы","name:uk":"Перемоги проспект","old_ref":"Р-23","ref":"35К-003;Р-23","surface":"asphalt"},"geometry":{"type":"LineString","coordinates":[[34.1531552,44.9856641],[34.1531821,44.9856808],[34.1533742,44.9858002]]},"id":"way/963992923"},{"type":"Feature","properties":{"@id":"way/968174451","highway":"secondary","lanes":"2","name":"улица Крылова","name:en":"Krylova Street","name:ru":"улица Крылова","name:uk":"Крилова вулиця","surface":"asphalt"},"geometry":{"type":"LineString","coordinates":[[34.1036257,44.9416731],[34.103723,44.9416067]]},"id":"way/968174451"},{"type":"Feature","properties":{"@id":"way/968174452","highway":"secondary","lanes":"2","name":"улица Крылова","name:en":"Krylova Street","name:ru":"улица Крылова","name:uk":"Крилова вулиця","surface":"asphalt"},"geometry":{"type":"LineString","coordinates":[[34.1083786,44.9378267],[34.1084761,44.9377235],[34.1086098,44.9376051],[34.1090574,44.9372286],[34.1095092,44.9367515],[34.1096219,44.9366385],[34.1100537,44.936236],[34.1107122,44.9356056],[34.1112311,44.9351138],[34.1117944,44.9345983],[34.1123402,44.9340837],[34.1128861,44.9335758],[34.1140565,44.9325346],[34.1145208,44.9320778],[34.1146063,44.9319655],[34.1147534,44.9317356],[34.1151333,44.9309784],[34.1154735,44.9303431],[34.1156553,44.9299907],[34.1157701,44.92977],[34.1158318,44.9296195],[34.1158882,44.9294315],[34.1159837,44.9289259],[34.1161107,44.9281074],[34.116199,44.927648],[34.1162189,44.9275492]]},"id":"way/968174452"},{"type":"Feature","properties":{"@id":"way/970357490","highway":"secondary","name":"Троллейбусная улица","name:en":"Trolleybusnaya Street","name:ru":"Троллейбусная улица","name:uk":"Тролейбусна вулиця","surface":"asphalt"},"geometry":{"type":"LineString","coordinates":[[34.1062121,44.9636574],[34.1063982,44.9637269]]},"id":"way/970357490"},{"type":"Feature","properties":{"@id":"way/988029280","highway":"tertiary_link","oneway":"yes","surface":"asphalt"},"geometry":{"type":"LineString","coordinates":[[34.1385331,44.9236506],[34.1385802,44.9236681],[34.1386412,44.9236741],[34.1387121,44.923661],[34.1387724,44.9236342]]},"id":"way/988029280"},{"type":"Feature","properties":{"@id":"way/988029294","highway":"primary","int_ref":"E 105","lanes":"3","maxspeed":"50","ref":"35А-002;М-18","surface":"asphalt","trolley_wire":"yes"},"geometry":{"type":"LineString","coordinates":[[34.1391656,44.9253586],[34.1391905,44.9253412],[34.1393767,44.9252345],[34.1396166,44.9251149],[34.1397412,44.9250607]]},"id":"way/988029294"},{"type":"Feature","properties":{"@id":"way/988029295","highway":"primary","int_ref":"E 105","lanes":"3","maxspeed":"50","ref":"35А-002;М-18","surface":"asphalt","trolley_wire":"yes"},"geometry":{"type":"LineString","coordinates":[[34.1397412,44.9250607],[34.1405704,44.9246999],[34.1405982,44.9246883],[34.14087,44.9245748],[34.1410067,44.9245143],[34.1410221,44.9245078],[34.1422191,44.9239997],[34.1433875,44.9234497],[34.1437616,44.9232573]]},"id":"way/988029295"},{"type":"Feature","properties":{"@id":"way/989401043","abutters":"residential","highway":"primary","lanes":"4","maxspeed":"60","name":"Киевская улица","name:en":"Kievskaya Street","name:etymology:wikidata":"Q1899","name:ru":"Киевская улица","surface":"asphalt","trolley_wire":"yes"},"geometry":{"type":"LineString","coordinates":[[34.1021388,44.9677384],[34.1018821,44.9680788],[34.1017946,44.9681889]]},"id":"way/989401043"},{"type":"Feature","properties":{"@id":"way/1009909398","abutters":"residential","highway":"tertiary","maxspeed":"60","name":"Амурская улица","name:en":"Amurskaya Street","name:ru":"Амурская улица","name:uk":"Амурська вулиця","smoothness":"bad"},"geometry":{"type":"LineString","coordinates":[[34.0660165,44.951436],[34.0662915,44.951531],[34.0664557,44.9516434],[34.0665556,44.9517227],[34.0667114,44.951902],[34.0668426,44.9520568]]},"id":"way/1009909398"},{"type":"Feature","properties":{"@id":"way/1009909400","abutters":"residential","highway":"secondary","maxspeed":"60","name":"улица Генова","name:en":"Genova Street","name:ru":"улица Генова","name:uk":"Генова вулиця","surface":"asphalt"},"geometry":{"type":"LineString","coordinates":[[34.0655839,44.9538469],[34.0652087,44.9532616],[34.0650299,44.9530439],[34.0647715,44.9527292],[34.0643021,44.9521521]]},"id":"way/1009909400"},{"type":"Feature","properties":{"@id":"way/1012455412","highway":"secondary","name":"Балаклавская улица","name:en":"Balaklavskaya Street","name:ru":"Балаклавская улица","name:uk":"Балаклавська вулиця","surface":"asphalt","trolley_wire":"yes"},"geometry":{"type":"LineString","coordinates":[[34.1046734,44.9228579],[34.1053018,44.9226539]]},"id":"way/1012455412"},{"type":"Feature","properties":{"@id":"way/1012455414","highway":"secondary","lane_markings":"no","name":"Балаклавская улица","name:en":"Balaklavskaya Street","name:ru":"Балаклавская улица","name:uk":"Балаклавська вулиця","surface":"asphalt","trolley_wire":"yes"},"geometry":{"type":"LineString","coordinates":[[34.1053018,44.9226539],[34.1063496,44.9222923]]},"id":"way/1012455414"},{"type":"Feature","properties":{"@id":"way/1012462982","abutters":"residential","highway":"primary","lanes":"3","maxspeed":"60","name":"Киевская улица","name:en":"Kievskaya Street","name:etymology:wikidata":"Q1899","name:ru":"Киевская улица","name:uk":"Київська вулиця","oneway":"yes","surface":"asphalt","trolley_wire":"no"},"geometry":{"type":"LineString","coordinates":[[34.090479,44.9793708],[34.0903598,44.9794752],[34.0892125,44.9804719],[34.088869,44.9807697],[34.0880589,44.9814722],[34.0875463,44.9819315],[34.0872121,44.9822134],[34.0866734,44.982688],[34.0862677,44.983042],[34.0857094,44.9835561]]},"id":"way/1012462982"},{"type":"Feature","properties":{"@id":"way/1012462983","abutters":"residential","highway":"primary","lanes":"3","maxspeed":"60","name":"Киевская улица","name:en":"Kievskaya Street","name:etymology:wikidata":"Q1899","name:ru":"Киевская улица","name:uk":"Київська вулиця","oneway":"yes","surface":"asphalt","trolley_wire":"no"},"geometry":{"type":"LineString","coordinates":[[34.0903759,44.9793104],[34.0905282,44.9791889],[34.0919621,44.9779464],[34.0926247,44.9773723],[34.0959903,44.974456],[34.0960667,44.974387],[34.0967371,44.973749],[34.0967706,44.9736518],[34.0967914,44.9735005],[34.0968295,44.9733412]]},"id":"way/1012462983"},{"type":"Feature","properties":{"@id":"way/1012462984","highway":"tertiary","name":"улица Никанорова","name:en":"Nikanorova Street","name:ru":"улица Никанорова","name:uk":"Ніканорова вулиця","surface":"asphalt"},"geometry":{"type":"LineString","coordinates":[[34.09076,44.9795426],[34.090479,44.9793708]]},"id":"way/1012462984"},{"type":"Feature","properties":{"@id":"way/1013743570","highway":"secondary","name":"Балаклавская улица","name:en":"Balaklavskaya Street","name:ru":"Балаклавская улица","name:uk":"Балаклавська вулиця","surface":"asphalt","trolley_wire":"yes"},"geometry":{"type":"LineString","coordinates":[[34.1063496,44.9222923],[34.1067359,44.9221193]]},"id":"way/1013743570"},{"type":"Feature","properties":{"@id":"way/1013743571","highway":"secondary","name":"Балаклавская улица","name:en":"Balaklavskaya Street","name:ru":"Балаклавская улица","name:uk":"Балаклавська вулиця","surface":"asphalt","trolley_wire":"yes"},"geometry":{"type":"LineString","coordinates":[[34.1080058,44.9215486],[34.1083059,44.9210672]]},"id":"way/1013743571"},{"type":"Feature","properties":{"@id":"way/1013743572","highway":"secondary","name":"Балаклавская улица","name:en":"Balaklavskaya Street","name:ru":"Балаклавская улица","name:uk":"Балаклавська вулиця","surface":"asphalt","trolley_wire":"yes"},"geometry":{"type":"LineString","coordinates":[[34.1083059,44.9210672],[34.1084052,44.9209451],[34.1085726,44.9208237],[34.1095378,44.9202273]]},"id":"way/1013743572"},{"type":"Feature","properties":{"@id":"way/1013743573","highway":"secondary","name":"Балаклавская улица","name:en":"Balaklavskaya Street","name:ru":"Балаклавская улица","name:uk":"Балаклавська вулиця","surface":"asphalt","trolley_wire":"yes"},"geometry":{"type":"LineString","coordinates":[[34.1095378,44.9202273],[34.1098176,44.9200501]]},"id":"way/1013743573"},{"type":"Feature","properties":{"@id":"way/1019932827","abutters":"residential","hgv":"no","highway":"primary","lanes":"4","maxspeed":"60","name":"Севастопольская улица","name:en":"Sevastopolskaya Street","name:ru":"Севастопольская улица","name:uk":"Севастопольська вулиця","surface":"asphalt","trolley_wire":"yes"},"geometry":{"type":"LineString","coordinates":[[34.0826072,44.9243673],[34.082507,44.9242384],[34.0821657,44.9238323],[34.0820507,44.9237224],[34.081929,44.9236051]]},"id":"way/1019932827"},{"type":"Feature","properties":{"@id":"way/1021111074","highway":"tertiary","name":"Аэрофлотский переулок","name:en":"Aeroflotskiy Lane","name:ru":"Аэрофлотский переулок","name:uk":"Аерофлотський провулок","oneway":"yes","source":"Bing"},"geometry":{"type":"LineString","coordinates":[[34.0700575,44.9153748],[34.0710876,44.9147733]]},"id":"way/1021111074"},{"type":"Feature","properties":{"@id":"way/1021888888","abutters":"residential","highway":"primary","lanes":"4","lit":"yes","maxspeed":"60","name":"Киевская улица","name:en":"Kyivska Street","name:etymology:wikidata":"Q1899","name:ru":"Киевская улица","name:uk":"Київська вулиця","oneway":"no","surface":"asphalt","trolley_wire":"yes"},"geometry":{"type":"LineString","coordinates":[[34.123465,44.951656],[34.1224497,44.9520931],[34.1220425,44.9522613],[34.1216448,44.9524256],[34.1209894,44.9526963],[34.1204683,44.9529155]]},"id":"way/1021888888"},{"type":"Feature","properties":{"@id":"way/1024494032","abutters":"residential","highway":"secondary","maxspeed":"60","name":"улица Козлова","name:en":"Kozlova Street","name:ru":"улица Козлова","name:uk":"Козлова вулиця","surface":"asphalt","trolley_wire":"yes"},"geometry":{"type":"LineString","coordinates":[[34.1020974,44.93559],[34.101779,44.9358514]]},"id":"way/1024494032"},{"type":"Feature","properties":{"@id":"way/1024494033","highway":"secondary","lanes":"2","name":"Старозенитная улица","name:uk":"Старозенітна вулиця","oneway":"yes","surface":"asphalt","trolley_wire":"yes"},"geometry":{"type":"LineString","coordinates":[[34.1017772,44.9355341],[34.1017403,44.9352697],[34.1017272,44.935047],[34.1015548,44.9321041],[34.1015504,44.9320294],[34.1015458,44.9315895]]},"id":"way/1024494033"},{"type":"Feature","properties":{"@id":"way/1032915753","abutters":"residential","highway":"primary","lanes":"3","maxspeed":"60","name":"проспект Победы","name:en":"Pobedy Avenue","name:etymology:wikidata":"Q270706","name:ru":"проспект Победы","oneway":"yes","surface":"asphalt","trolley_wire":"yes"},"geometry":{"type":"LineString","coordinates":[[34.1152499,44.9606892],[34.1149205,44.9605829],[34.1130557,44.9599649],[34.1129029,44.9599142],[34.1124871,44.9597717],[34.1120799,44.959611],[34.111843,44.9594928],[34.1116107,44.9593532],[34.1108405,44.9589139]]},"id":"way/1032915753"},{"type":"Feature","properties":{"@id":"way/1032915754","abutters":"residential","highway":"primary","lanes":"3","maxspeed":"60","name":"проспект Победы","name:en":"Pobedy Avenue","name:etymology:wikidata":"Q270706","name:ru":"проспект Победы","oneway":"yes","surface":"asphalt","trolley_wire":"yes"},"geometry":{"type":"LineString","coordinates":[[34.1153427,44.9605607],[34.1168226,44.9610322],[34.1169668,44.9610781],[34.1174097,44.9612192]]},"id":"way/1032915754"},{"type":"Feature","properties":{"@id":"way/1037198192","abutters":"residential","highway":"secondary","lanes":"2","maxspeed":"60","name":"Объездная улица","name:en":"Obiezdnaya Street","name:ru":"Объездная улица","name:uk":"Об’їзна вулиця","surface":"asphalt"},"geometry":{"type":"LineString","coordinates":[[34.0910313,44.9370802],[34.0912349,44.9369536]]},"id":"way/1037198192"},{"type":"Feature","properties":{"@id":"way/1046166570","highway":"primary","lanes":"4","maxspeed":"60","name":"Евпаторийское шоссе","name:en":"Yevpatoriiskoye Road","name:ru":"Евпаторийское шоссе","surface":"asphalt","trolley_wire":"yes"},"geometry":{"type":"LineString","coordinates":[[34.0760853,44.9766165],[34.0757691,44.977278]]},"id":"way/1046166570"},{"type":"Feature","properties":{"@id":"way/1046765043","highway":"secondary","maxspeed":"RU:urban","name":"улица Толстого","name:en":"Tolstogo Street","name:ru":"улица Толстого","name:uk":"Толстого вулиця","surface":"asphalt"},"geometry":{"type":"LineString","coordinates":[[34.0969984,44.9589446],[34.0979509,44.9598489]]},"id":"way/1046765043"},{"type":"Feature","properties":{"@id":"way/1051283275","abutters":"residential","hgv":"no","highway":"primary","lanes":"4","maxspeed":"60","name":"Севастопольская улица","name:en":"Sevastopolskaya Street","name:ru":"Севастопольская улица","name:uk":"Севастопольська вулиця","surface":"asphalt","trolley_wire":"yes"},"geometry":{"type":"LineString","coordinates":[[34.087984,44.9319165],[34.0879547,44.9318732],[34.0873936,44.9311307]]},"id":"way/1051283275"},{"type":"Feature","properties":{"@id":"way/1059891220","abutters":"residential","highway":"primary","maxspeed":"60","name":"Кечкеметская улица","name:en":"Kechkemetskaya Street","name:ru":"Кечкеметская улица","surface":"asphalt","trolley_wire":"yes"},"geometry":{"type":"LineString","coordinates":[[34.1231853,44.9749752],[34.1241729,44.9747918],[34.1246777,44.9746981],[34.1255611,44.9745341],[34.1257698,44.9744953],[34.1261427,44.9744261],[34.1262873,44.9743718],[34.1265368,44.9742781],[34.1268026,44.9741468],[34.1293146,44.9727938],[34.1304998,44.9721579],[34.1307089,44.9720457],[34.1312918,44.9717525],[34.1314245,44.9716858],[34.1319703,44.9714088],[34.1321499,44.9713048]]},"id":"way/1059891220"},{"type":"Feature","properties":{"@id":"way/1059891221","abutters":"residential","highway":"primary","maxspeed":"60","name":"Кечкеметская улица","name:en":"Kechkemetskaya Street","name:ru":"Кечкеметская улица","name:uk":"Кечкеметська вулиця","surface":"asphalt","trolley_wire":"yes"},"geometry":{"type":"LineString","coordinates":[[34.123115,44.9749886],[34.1231853,44.9749752]]},"id":"way/1059891221"},{"type":"Feature","properties":{"@id":"way/1061090085","highway":"primary","lanes":"3","maxspeed":"60","name":"улица Гагарина","name:en":"Gagarina Street","name:etymology:wikidata":"Q7327","name:ru":"улица Гагарина","name:uk":"Гагаріна вулиця","oneway":"yes","surface":"asphalt","trolley_wire":"yes"},"geometry":{"type":"LineString","coordinates":[[34.0837704,44.9619355],[34.0837833,44.9618738],[34.0838078,44.9618011]]},"id":"way/1061090085"},{"type":"Feature","properties":{"@id":"way/1061090086","highway":"primary","lanes":"3","maxspeed":"60","name":"улица Гагарина","name:en":"Gagarina Street","name:etymology:wikidata":"Q7327","name:ru":"улица Гагарина","name:uk":"Гагаріна вулиця","oneway":"yes","surface":"asphalt","trolley_wire":"yes"},"geometry":{"type":"LineString","coordinates":[[34.0838783,44.9620756],[34.083816,44.9619991],[34.0837939,44.9619769],[34.0837704,44.9619355]]},"id":"way/1061090086"},{"type":"Feature","properties":{"@id":"way/1069531690","abutters":"residential","highway":"secondary","lanes":"3","lanes:backward":"1","lanes:forward":"2","maxspeed":"60","name":"улица Желябова","name:en":"Zheliabova Street","name:ru":"улица Желябова","name:uk":"Желябова вулиця","surface":"asphalt"},"geometry":{"type":"LineString","coordinates":[[34.0868779,44.9466663],[34.0872489,44.9469557]]},"id":"way/1069531690"},{"type":"Feature","properties":{"@id":"way/1069531691","abutters":"residential","highway":"secondary","lanes":"3","lanes:backward":"1","lanes:forward":"2","maxspeed":"60","name":"улица Желябова","name:en":"Zheliabova Street","name:ru":"улица Желябова","name:uk":"Желябова вулиця","surface":"asphalt"},"geometry":{"type":"LineString","coordinates":[[34.0872489,44.9469557],[34.0874305,44.9471086],[34.0879598,44.9475544],[34.0887274,44.94824]]},"id":"way/1069531691"},{"type":"Feature","properties":{"@id":"way/1069531692","abutters":"residential","highway":"secondary","lanes":"4","lanes:backward":"2","lanes:forward":"2","maxspeed":"60","name":"улица Желябова","name:en":"Zheliabova Street","name:ru":"улица Желябова","name:uk":"Желябова вулиця","surface":"asphalt"},"geometry":{"type":"LineString","coordinates":[[34.0892061,44.9486675],[34.089492,44.9489]]},"id":"way/1069531692"},{"type":"Feature","properties":{"@id":"way/1069531693","highway":"primary","lanes":"3","lanes:forward":"2","name":"Севастопольская улица","name:en":"Sevastopolskaya Street","name:ru":"Севастопольская улица","name:uk":"Севастопольська вулиця","oneway":"no","surface":"asphalt"},"geometry":{"type":"LineString","coordinates":[[34.0982116,44.9441659],[34.0986206,44.9446259],[34.098712,44.9447848]]},"id":"way/1069531693"},{"type":"Feature","properties":{"@id":"way/1069531694","highway":"primary","lanes":"3","lanes:forward":"2","name":"Севастопольская улица","name:en":"Sevastopolskaya Street","name:ru":"Севастопольская улица","name:uk":"Севастопольська вулиця","oneway":"no","surface":"asphalt"},"geometry":{"type":"LineString","coordinates":[[34.0981701,44.944121],[34.0982116,44.9441659]]},"id":"way/1069531694"},{"type":"Feature","properties":{"@id":"way/1069531695","highway":"primary","lanes":"3","lanes:forward":"2","name":"Севастопольская улица","name:en":"Sevastopolskaya Street","name:ru":"Севастопольская улица","name:uk":"Севастопольська вулиця","oneway":"no","surface":"asphalt"},"geometry":{"type":"LineString","coordinates":[[34.0978132,44.9437449],[34.0981701,44.944121]]},"id":"way/1069531695"},{"type":"Feature","properties":{"@id":"way/1069531696","highway":"primary","lanes":"3","lanes:forward":"2","name":"Севастопольская улица","name:en":"Sevastopolskaya Street","name:ru":"Севастопольская улица","name:uk":"Севастопольська вулиця","oneway":"no","surface":"asphalt"},"geometry":{"type":"LineString","coordinates":[[34.0977332,44.9436557],[34.0978132,44.9437449]]},"id":"way/1069531696"},{"type":"Feature","properties":{"@id":"way/1069531697","highway":"primary","lanes":"3","lanes:forward":"2","name":"Севастопольская улица","name:en":"Sevastopolskaya Street","name:ru":"Севастопольская улица","name:uk":"Севастопольська вулиця","oneway":"no","surface":"asphalt"},"geometry":{"type":"LineString","coordinates":[[34.0975985,44.9435056],[34.0977332,44.9436557]]},"id":"way/1069531697"},{"type":"Feature","properties":{"@id":"way/1069712837","highway":"tertiary"},"geometry":{"type":"LineString","coordinates":[[34.0538631,44.9207856],[34.0539981,44.9209758]]},"id":"way/1069712837"},{"type":"Feature","properties":{"@id":"way/1069712838","highway":"tertiary","oneway":"yes"},"geometry":{"type":"LineString","coordinates":[[34.0540388,44.9211875],[34.0540925,44.9212008],[34.0541051,44.921207],[34.0541386,44.9212235],[34.0541643,44.921259],[34.0541748,44.9212991],[34.0541678,44.9213334],[34.054138,44.9213715],[34.0541012,44.9214029],[34.054068,44.9214169],[34.0540363,44.9214251],[34.0539822,44.9214231],[34.0539255,44.9214087],[34.0538812,44.9213851],[34.0538502,44.9213545],[34.0538356,44.9213252],[34.0538319,44.9212988],[34.0538339,44.921276],[34.0538461,44.9212479],[34.0538681,44.9212239],[34.0538888,44.9212074],[34.053925,44.9211955],[34.0539366,44.9211917],[34.0539845,44.9211851],[34.0540388,44.9211875]]},"id":"way/1069712838"},{"type":"Feature","properties":{"@id":"way/1069712839","highway":"tertiary","oneway":"yes"},"geometry":{"type":"LineString","coordinates":[[34.0536827,44.9211876],[34.0538681,44.9212239]]},"id":"way/1069712839"},{"type":"Feature","properties":{"@id":"way/1069712840","highway":"tertiary","oneway":"yes"},"geometry":{"type":"LineString","coordinates":[[34.0538319,44.9212988],[34.0537573,44.9212432],[34.0536827,44.9211876]]},"id":"way/1069712840"},{"type":"Feature","properties":{"@id":"way/1069712841","highway":"tertiary","oneway":"yes"},"geometry":{"type":"LineString","coordinates":[[34.0539981,44.9209758],[34.0540306,44.9210226],[34.054068,44.9210916],[34.0540884,44.9211574],[34.0541051,44.921207]]},"id":"way/1069712841"},{"type":"Feature","properties":{"@id":"way/1069712842","highway":"tertiary","oneway":"yes"},"geometry":{"type":"LineString","coordinates":[[34.053925,44.9211955],[34.0539425,44.9211611],[34.0539646,44.9210825],[34.0539769,44.9210305],[34.0539981,44.9209758]]},"id":"way/1069712842"},{"type":"Feature","properties":{"@id":"way/1070234500","highway":"primary","junction":"roundabout","maxspeed":"60","oneway":"yes","surface":"asphalt","trolley_wire":"yes"},"geometry":{"type":"LineString","coordinates":[[34.1360237,44.9751867],[34.1359464,44.975115]]},"id":"way/1070234500"},{"type":"Feature","properties":{"@id":"way/1070234501","highway":"primary","junction":"roundabout","maxspeed":"60","oneway":"yes","surface":"asphalt","trolley_wire":"yes"},"geometry":{"type":"LineString","coordinates":[[34.1359464,44.975115],[34.1359112,44.9750345],[34.1358918,44.9749815],[34.1358817,44.9749193]]},"id":"way/1070234501"},{"type":"Feature","properties":{"@id":"way/1070234502","highway":"tertiary","oneway":"yes","trolley_wire":"yes"},"geometry":{"type":"LineString","coordinates":[[34.1359464,44.975115],[34.1357671,44.9751014],[34.135637,44.9750886]]},"id":"way/1070234502"},{"type":"Feature","properties":{"@id":"way/1070234503","highway":"tertiary","oneway":"yes","surface":"asphalt","trolley_wire":"yes"},"geometry":{"type":"LineString","coordinates":[[34.135637,44.9750886],[34.1358817,44.9749193]]},"id":"way/1070234503"},{"type":"Feature","properties":{"@id":"way/1070428392","hgv":"no","highway":"tertiary","incline":"3","smoothness":"good","surface":"asphalt","trolley_wire":"no"},"geometry":{"type":"LineString","coordinates":[[34.0474577,44.9370432],[34.0471183,44.9368755],[34.0468343,44.9367415],[34.0465394,44.9366649],[34.0463501,44.9366496],[34.0461716,44.9366764],[34.045828,44.9368161],[34.0455459,44.9371665]]},"id":"way/1070428392"},{"type":"Feature","properties":{"@id":"way/1070428393","abutters":"residential","highway":"secondary","lanes":"3","maxspeed":"60","surface":"asphalt"},"geometry":{"type":"LineString","coordinates":[[34.0465023,44.9374894],[34.0469267,44.9375382]]},"id":"way/1070428393"},{"type":"Feature","properties":{"@id":"way/1070428394","highway":"secondary","junction":"roundabout","surface":"asphalt","trolley_wire":"no"},"geometry":{"type":"LineString","coordinates":[[34.047867,44.9374204],[34.0479156,44.937375],[34.0479762,44.9373344]]},"id":"way/1070428394"},{"type":"Feature","properties":{"@id":"way/1070428395","highway":"secondary","junction":"roundabout","surface":"asphalt","trolley_wire":"no"},"geometry":{"type":"LineString","coordinates":[[34.048273,44.9372744],[34.0483708,44.9372969],[34.0484512,44.9373259],[34.0485503,44.9373908],[34.0485948,44.9374365],[34.0486151,44.9374715],[34.0486362,44.9375334]]},"id":"way/1070428395"},{"type":"Feature","properties":{"@id":"way/1070428396","highway":"tertiary","lanes":"2","name":"Ровный переулок","name:ru":"Ровный переулок","name:uk":"Рівний провулок","surface":"asphalt"},"geometry":{"type":"LineString","coordinates":[[34.0482911,44.9370639],[34.0483595,44.936225],[34.0485434,44.9339692]]},"id":"way/1070428396"},{"type":"Feature","properties":{"@id":"way/1070428398","abutters":"residential","highway":"secondary","lit":"yes","maxspeed":"60","name":"улица Маршала Василевского","name:en":"Marshala Vasylevskogo Street","name:ru":"улица Маршала Василевского","name:uk":"Маршала Василевського вулиця","smoothness":"excellent","surface":"asphalt"},"geometry":{"type":"LineString","coordinates":[[34.0614923,44.9397184],[34.0614642,44.939209]]},"id":"way/1070428398"},{"type":"Feature","properties":{"@id":"way/1070428400","abutters":"residential","highway":"secondary","incline":"-1","lanes":"4","lit":"no","maxspeed":"60","name":"улица Героев Сталинграда","name:ru":"улица Героев Сталинграда","name:uk":"Героїв Сталінграда вулиця","smoothness":"excellent","surface":"asphalt","trolley_wire":"no"},"geometry":{"type":"LineString","coordinates":[[34.0552382,44.9380624],[34.0554416,44.9380682]]},"id":"way/1070428400"},{"type":"Feature","properties":{"@id":"way/1070428401","abutters":"residential","highway":"secondary","incline":"-1","lanes":"4","lit":"no","maxspeed":"60","name":"улица Героев Сталинграда","name:ru":"улица Героев Сталинграда","name:uk":"Героїв Сталінграда вулиця","smoothness":"excellent","surface":"asphalt","trolley_wire":"no"},"geometry":{"type":"LineString","coordinates":[[34.0554416,44.9380682],[34.0560606,44.9380878]]},"id":"way/1070428401"},{"type":"Feature","properties":{"@id":"way/1070428402","abutters":"residential","highway":"secondary","incline":"-1","lanes":"4","lit":"no","maxspeed":"60","name":"улица Героев Сталинграда","name:ru":"улица Героев Сталинграда","name:uk":"Героїв Сталінграда вулиця","smoothness":"excellent","surface":"asphalt","trolley_wire":"no"},"geometry":{"type":"LineString","coordinates":[[34.0560606,44.9380878],[34.0565832,44.9381059]]},"id":"way/1070428402"},{"type":"Feature","properties":{"@id":"way/1070428404","abutters":"residential","highway":"secondary","incline":"-1","lanes":"4","lit":"no","maxspeed":"60","name":"улица Героев Сталинграда","name:ru":"улица Героев Сталинграда","name:uk":"Героїв Сталінграда вулиця","smoothness":"excellent","surface":"asphalt","trolley_wire":"no"},"geometry":{"type":"LineString","coordinates":[[34.0565832,44.9381059],[34.0568197,44.9381079],[34.057328,44.9381238],[34.0582533,44.9381529],[34.0590511,44.9381779],[34.0595549,44.9381903]]},"id":"way/1070428404"},{"type":"Feature","properties":{"@id":"way/1071081227","highway":"primary","lanes":"4","maxspeed":"60","name":"Евпаторийское шоссе","name:en":"Yevpatoriiskoye Road","surface":"asphalt","trolley_wire":"yes"},"geometry":{"type":"LineString","coordinates":[[34.0792568,44.9699798],[34.0790248,44.9704652],[34.078801,44.9709335]]},"id":"way/1071081227"},{"type":"Feature","properties":{"@id":"way/1071081228","abutters":"residential","highway":"secondary","maxspeed":"60","name":"улица Леси Украинки","name:en":"Lesi Ukrainki Street","surface":"asphalt"},"geometry":{"type":"LineString","coordinates":[[34.0729797,44.9642547],[34.0716063,44.9634527],[34.0691046,44.9619285],[34.0686079,44.9613635],[34.0679993,44.9606284],[34.0673771,44.9599086],[34.0668326,44.9592747],[34.0663538,44.9587029],[34.0658053,44.958068]]},"id":"way/1071081228"},{"type":"Feature","properties":{"@id":"way/1071481808","abutters":"residential","highway":"primary","lanes":"2","maxspeed":"60","name":"улица Александра Невского","name:etymology:wikidata":"Q174044","name:ru":"улица Александра Невского","name:uk":"Олександра Невського вулиця","old_name":"Рози Люксембург вулиця","old_name:en":"Rozy Liuksemburh Street","old_name:ru":"Розы Люксембург улица","oneway":"yes","surface":"asphalt","trolley_wire":"yes"},"geometry":{"type":"LineString","coordinates":[[34.0963,44.9547053],[34.0953453,44.9552879],[34.0948501,44.9555901],[34.094277,44.9559627],[34.0941469,44.9560473],[34.093755,44.9562688],[34.0928604,44.9568188],[34.0926916,44.9569247],[34.0920033,44.9573567],[34.0911962,44.9578388],[34.0906501,44.9581926],[34.0904811,44.958296],[34.089852,44.9586662]]},"id":"way/1071481808"},{"type":"Feature","properties":{"@id":"way/1071481810","highway":"tertiary","surface":"asphalt"},"geometry":{"type":"LineString","coordinates":[[34.0616381,44.9378438],[34.0617801,44.9378462]]},"id":"way/1071481810"},{"type":"Feature","properties":{"@id":"way/1071481811","highway":"tertiary","surface":"asphalt"},"geometry":{"type":"LineString","coordinates":[[34.0617801,44.9378462],[34.0621689,44.9378528]]},"id":"way/1071481811"},{"type":"Feature","properties":{"@id":"way/1071481820","highway":"tertiary","name":"улица Трубаченко","name:en":"Trubachenko Street","name:ru":"улица Трубаченко","name:uk":"Трубаченко вулиця","source":"Bing","surface":"asphalt"},"geometry":{"type":"LineString","coordinates":[[34.0969879,44.9269314],[34.0978382,44.9266308],[34.0980032,44.9265725]]},"id":"way/1071481820"},{"type":"Feature","properties":{"@id":"way/1071481824","abutters":"residential","highway":"secondary","lanes":"2","maxspeed":"60","name":"Авиационная улица","name:en":"Aviatsionnaya Street","name:ru":"Авиационная улица","name:uk":"Авіаційна вулиця","surface":"asphalt"},"geometry":{"type":"LineString","coordinates":[[34.0783925,44.9454935],[34.0785518,44.9455098]]},"id":"way/1071481824"},{"type":"Feature","properties":{"@id":"way/1071481825","abutters":"residential","highway":"secondary","lanes":"2","maxspeed":"60","name":"Авиационная улица","name:en":"Aviatsionnaya Street","name:ru":"Авиационная улица","name:uk":"Авіаційна вулиця","surface":"asphalt"},"geometry":{"type":"LineString","coordinates":[[34.0785518,44.9455098],[34.078869,44.9455088],[34.0793258,44.9455398],[34.0795539,44.945596],[34.0796784,44.9456499],[34.0799408,44.9458145],[34.080079,44.9458925],[34.0805776,44.946181],[34.0807418,44.9462411],[34.0808673,44.94628],[34.0810234,44.9463075],[34.0812033,44.9463238],[34.0814103,44.9463363],[34.0819196,44.9463153],[34.0820886,44.9463031],[34.0826097,44.9462714],[34.083016,44.9462425],[34.0833843,44.946227],[34.0839663,44.9462358],[34.0845408,44.9462527],[34.0853514,44.9462851]]},"id":"way/1071481825"},{"type":"Feature","properties":{"@id":"way/1071622064","highway":"primary","int_ref":"E 105","lanes":"2","maxspeed":"RU:rural","oneway":"yes","ref":"35А-002;М-18","surface":"asphalt","trolley_wire":"no"},"geometry":{"type":"LineString","coordinates":[[34.0718581,44.9952853],[34.0764292,44.9913344],[34.0766688,44.9911189],[34.0769665,44.9908725],[34.0772162,44.9906597],[34.0775805,44.9903491],[34.0781627,44.9898889]]},"id":"way/1071622064"},{"type":"Feature","properties":{"@id":"way/1072606689","highway":"tertiary","name":"Станционная улица","name:ru":"Станционная улица","name:uk":"Станційна вулиця"},"geometry":{"type":"LineString","coordinates":[[34.0640461,44.9622969],[34.0639832,44.9622175],[34.0632874,44.9613698],[34.0628229,44.960793]]},"id":"way/1072606689"},{"type":"Feature","properties":{"@id":"way/1072672300","abutters":"residential","highway":"primary","lanes":"4","maxspeed":"60","name":"проспект Победы","name:en":"Pobedy Avenue","name:etymology:wikidata":"Q270706","name:ru":"проспект Победы","name:uk":"Перемоги проспект","old_ref":"Р-23","ref":"35К-003;Р-23","surface":"asphalt","trolley_wire":"yes"},"geometry":{"type":"LineString","coordinates":[[34.1421862,44.9786549],[34.1426873,44.9789684]]},"id":"way/1072672300"},{"type":"Feature","properties":{"@id":"way/1072672301","abutters":"residential","highway":"primary","lanes":"4","maxspeed":"60","name":"проспект Победы","name:en":"Pobedy Avenue","name:etymology:wikidata":"Q270706","name:ru":"проспект Победы","name:uk":"Перемоги проспект","old_ref":"Р-23","ref":"35К-003;Р-23","surface":"asphalt","trolley_wire":"yes"},"geometry":{"type":"LineString","coordinates":[[34.1407826,44.9778013],[34.1410813,44.9779826]]},"id":"way/1072672301"},{"type":"Feature","properties":{"@id":"way/1073754549","highway":"secondary","name":"улица Толстого","name:en":"Tolstogo Street","name:ru":"улица Толстого","name:uk":"Толстого вулиця","surface":"asphalt"},"geometry":{"type":"LineString","coordinates":[[34.102846,44.9622329],[34.1041468,44.9627861],[34.1053812,44.9632975],[34.1057024,44.9634235]]},"id":"way/1073754549"},{"type":"Feature","properties":{"@id":"way/1073754550","highway":"secondary","maxspeed":"RU:urban","name":"улица Толстого","name:en":"Tolstogo Street","name:ru":"улица Толстого","name:uk":"Толстого вулиця","surface":"asphalt"},"geometry":{"type":"LineString","coordinates":[[34.1015839,44.9617015],[34.1016732,44.9617383],[34.1019743,44.9618656],[34.102389,44.962045],[34.1026632,44.9621548]]},"id":"way/1073754550"},{"type":"Feature","properties":{"@id":"way/1074255360","highway":"tertiary","name":"улица Ладыгина","name:en":"Ladygina Street","name:ru":"улица Ладыгина","name:uk":"Ладигіна вулиця"},"geometry":{"type":"LineString","coordinates":[[34.1298154,44.9533873],[34.1299034,44.9538165],[34.1301773,44.9541834]]},"id":"way/1074255360"},{"type":"Feature","properties":{"@id":"way/1078119895","highway":"primary","lanes":"3","lanes:backward":"2","lanes:forward":"1","name":"проспект Кирова","name:en":"Kirov Avenue","name:ru":"проспект Кирова","name:uk":"Кірова проспект","surface":"asphalt","trolley_wire":"yes"},"geometry":{"type":"LineString","coordinates":[[34.1019899,44.9512774],[34.1021332,44.9515655]]},"id":"way/1078119895"},{"type":"Feature","properties":{"@id":"way/1080241128","highway":"primary","int_ref":"E 105","lanes":"2","maxspeed":"90","oneway":"yes","ref":"35К-023","surface":"asphalt"},"geometry":{"type":"LineString","coordinates":[[34.1214337,44.9874427],[34.1230202,44.9870647],[34.1231249,44.9870411],[34.1238674,44.9868652]]},"id":"way/1080241128"},{"type":"Feature","properties":{"@id":"way/1080241129","highway":"primary","int_ref":"E 105","lanes":"2","maxspeed":"90","oneway":"yes","ref":"35К-023","surface":"asphalt"},"geometry":{"type":"LineString","coordinates":[[34.1200774,44.9877828],[34.1214337,44.9874427]]},"id":"way/1080241129"},{"type":"Feature","properties":{"@id":"way/1080241130","highway":"primary","lanes":"4","maxspeed":"60","old_ref":"Т-01-01","ref":"35К-007;Т-01-01","smoothness":"excellent","surface":"asphalt"},"geometry":{"type":"LineString","coordinates":[[34.0634277,44.96368],[34.0634805,44.963903],[34.0635049,44.9641001],[34.0635768,44.9647467],[34.0636122,44.9653674],[34.0636325,44.9656065],[34.0636524,44.9657039],[34.0636843,44.9659481],[34.0637935,44.9664338],[34.0638867,44.9667366],[34.0640215,44.9670441],[34.0645242,44.9680117],[34.0648107,44.968503],[34.0650952,44.9689914],[34.0652741,44.9693389],[34.0654158,44.9695746],[34.06554,44.9697812]]},"id":"way/1080241130"},{"type":"Feature","properties":{"@id":"way/1080241131","highway":"primary","lanes":"4","maxspeed":"60","old_ref":"Т-01-01","ref":"35К-007;Т-01-01","smoothness":"excellent","surface":"asphalt"},"geometry":{"type":"LineString","coordinates":[[34.0633901,44.9635217],[34.0634277,44.96368]]},"id":"way/1080241131"},{"type":"Feature","properties":{"@id":"way/1080262291","highway":"primary","int_ref":"E 105","lanes":"3","lanes:backward":"2","lanes:forward":"1","loc_name":"Объездная дорога","maxspeed":"60","ref":"35К-023","surface":"asphalt"},"geometry":{"type":"LineString","coordinates":[[34.1518181,44.9575329],[34.1523185,44.9573707]]},"id":"way/1080262291"},{"type":"Feature","properties":{"@id":"way/1080507147","abutters":"residential","highway":"primary","lanes":"4","maxspeed":"60","name":"проспект Победы","name:en":"Pobedy Avenue","name:etymology:wikidata":"Q270706","name:ru":"проспект Победы","name:uk":"Перемоги проспект","old_ref":"Р-23","ref":"35К-003;Р-23","surface":"asphalt","trolley_wire":"yes"},"geometry":{"type":"LineString","coordinates":[[34.1378222,44.9758562],[34.1380839,44.9760629]]},"id":"way/1080507147"},{"type":"Feature","properties":{"@id":"way/1083805991","abutters":"residential","hgv":"no","highway":"primary","maxspeed":"50","name":"проспект Вернадского","name:en":"Vernadsky Avenue","name:ru":"проспект Вернадского","name:uk":"Вернадського проспект","old_name":"Ялтинская улица","old_name:uk":"Ялтинська вулиця","surface":"asphalt","trolley_wire":"yes"},"geometry":{"type":"LineString","coordinates":[[34.1366014,44.9310892],[34.1363611,44.9316851]]},"id":"way/1083805991"},{"type":"Feature","properties":{"@id":"way/1083805992","abutters":"residential","hgv":"no","highway":"primary","maxspeed":"50","name":"проспект Вернадского","name:en":"Vernadsky Avenue","name:ru":"проспект Вернадского","name:uk":"Вернадського проспект","old_name":"Ялтинская улица","old_name:uk":"Ялтинська вулиця","surface":"asphalt","trolley_wire":"yes"},"geometry":{"type":"LineString","coordinates":[[34.1363611,44.9316851],[34.1363308,44.9317621],[34.1362933,44.9318576],[34.1361562,44.9321415],[34.1361032,44.9322382],[34.1360497,44.9323356],[34.135935,44.9325269],[34.1356997,44.9328416],[34.1356643,44.9328949],[34.1356109,44.932964],[34.1355792,44.9330064],[34.1350591,44.9337587],[34.134925,44.933953]]},"id":"way/1083805992"},{"type":"Feature","properties":{"@id":"way/1083805993","highway":"primary","int_ref":"E 105","lanes":"3","maxspeed":"50","ref":"35А-002;М-18","surface":"asphalt","trolley_wire":"yes"},"geometry":{"type":"LineString","coordinates":[[34.1372208,44.9293735],[34.1372992,44.9290996],[34.1379731,44.9272325]]},"id":"way/1083805993"},{"type":"Feature","properties":{"@id":"way/1083805994","highway":"primary","lanes":"1","maxspeed":"90","oneway":"yes","ref":"35А-002","surface":"asphalt"},"geometry":{"type":"LineString","coordinates":[[34.1370918,44.9298843],[34.1370651,44.9300225],[34.1370499,44.9301593],[34.1370482,44.9303096],[34.1370599,44.9304404],[34.1370865,44.930566],[34.1371241,44.9306665],[34.1371913,44.9308245],[34.1374712,44.9314524],[34.1379402,44.9325462],[34.1380637,44.9328446],[34.1381066,44.932951],[34.1381415,44.9330555],[34.1381711,44.9331619],[34.1381952,44.9332702],[34.1382131,44.9334039],[34.1382172,44.9335422],[34.1382097,44.9336412],[34.1381776,44.9338204]]},"id":"way/1083805994"},{"type":"Feature","properties":{"@id":"way/1083805995","highway":"primary","int_ref":"E 105","lanes":"3","maxspeed":"50","ref":"35А-002;М-18","surface":"asphalt","trolley_wire":"yes"},"geometry":{"type":"LineString","coordinates":[[34.1379731,44.9272325],[34.1380583,44.9269832],[34.1380822,44.9269133],[34.1380893,44.9268943],[34.1382045,44.9265811],[34.138249,44.9264601],[34.1382794,44.9263725],[34.1383207,44.9262783],[34.1383724,44.9261864],[34.1384761,44.926031],[34.1386196,44.9258518]]},"id":"way/1083805995"},{"type":"Feature","properties":{"@id":"way/1083805996","highway":"primary","int_ref":"E 105","lanes":"3","maxspeed":"50","ref":"35А-002;М-18","surface":"asphalt","trolley_wire":"yes"},"geometry":{"type":"LineString","coordinates":[[34.1386196,44.9258518],[34.1387163,44.9257511]]},"id":"way/1083805996"},{"type":"Feature","properties":{"@id":"way/1083805997","highway":"primary","int_ref":"E 105","lanes":"3","maxspeed":"50","ref":"35А-002;М-18","surface":"asphalt","trolley_wire":"yes"},"geometry":{"type":"LineString","coordinates":[[34.1387163,44.9257511],[34.1388323,44.9256215],[34.138986,44.9254846],[34.1391656,44.9253586]]},"id":"way/1083805997"},{"type":"Feature","properties":{"@id":"way/1084000679","destination":"Феодосія","highway":"primary_link","maxspeed":"60","oneway":"yes","surface":"asphalt"},"geometry":{"type":"LineString","coordinates":[[34.138568,44.9723555],[34.1385333,44.9724187],[34.1384468,44.9725662]]},"id":"way/1084000679"},{"type":"Feature","properties":{"@id":"way/1084000681","destination":"Феодосія","highway":"primary_link","maxspeed":"60","oneway":"yes","surface":"asphalt"},"geometry":{"type":"LineString","coordinates":[[34.1384468,44.9725662],[34.1375529,44.9740285],[34.1372792,44.9745132],[34.1372729,44.9745526],[34.1372736,44.9745837],[34.1372775,44.974636],[34.1372873,44.9747015]]},"id":"way/1084000681"},{"type":"Feature","properties":{"@id":"way/1091010086","highway":"secondary","name":"Балаклавская улица","name:en":"Balaklavskaya Street","name:ru":"Балаклавская улица","name:uk":"Балаклавська вулиця","surface":"asphalt","trolley_wire":"yes"},"geometry":{"type":"LineString","coordinates":[[34.1077332,44.9217182],[34.1078818,44.9216406],[34.1080058,44.9215486]]},"id":"way/1091010086"},{"type":"Feature","properties":{"@id":"way/1092810425","abutters":"residential","highway":"secondary","lanes":"3","lanes:backward":"1","lanes:forward":"2","maxspeed":"60","name":"улица Желябова","name:en":"Zheliabova Street","name:ru":"улица Желябова","name:uk":"Желябова вулиця","surface":"asphalt"},"geometry":{"type":"LineString","coordinates":[[34.089492,44.9489],[34.0896265,44.9490094]]},"id":"way/1092810425"},{"type":"Feature","properties":{"@id":"way/1092810426","abutters":"residential","highway":"secondary","lanes":"4","lanes:backward":"2","lanes:forward":"2","maxspeed":"60","name":"улица Желябова","name:en":"Zheliabova Street","name:ru":"улица Желябова","name:uk":"Желябова вулиця","surface":"asphalt"},"geometry":{"type":"LineString","coordinates":[[34.0887274,44.94824],[34.0892061,44.9486675]]},"id":"way/1092810426"},{"type":"Feature","properties":{"@id":"way/1105816773","abutters":"residential","highway":"primary","lanes":"4","lit":"yes","maxspeed":"60","name":"Киевская улица","name:en":"Kyivska Street","name:etymology:wikidata":"Q1899","name:ru":"Киевская улица","name:uk":"Київська вулиця","oneway":"no","shoulder":"no","surface":"asphalt","trolley_wire":"yes"},"geometry":{"type":"LineString","coordinates":[[34.1155907,44.9553904],[34.1153338,44.9555545]]},"id":"way/1105816773"},{"type":"Feature","properties":{"@id":"way/1105816774","abutters":"residential","cycleway:both":"no","highway":"primary","lanes":"4","lit":"yes","maxspeed":"60","name":"Киевская улица","name:en":"Kyivska Street","name:etymology:wikidata":"Q1899","name:ru":"Киевская улица","name:uk":"Київська вулиця","oneway":"no","shoulder":"no","surface":"asphalt","trolley_wire":"yes"},"geometry":{"type":"LineString","coordinates":[[34.1153338,44.9555545],[34.1152176,44.9556189],[34.1149455,44.9557886],[34.1147475,44.955912],[34.1145653,44.9560233]]},"id":"way/1105816774"},{"type":"Feature","properties":{"@id":"way/1112741585","highway":"secondary","name":"улица 51-й Армии","name:en":"51-i Armii Street","name:ru":"улица 51-й Армии","name:uk":"51-ї Армії вулиця","surface":"asphalt"},"geometry":{"type":"LineString","coordinates":[[34.1263221,44.956993],[34.1267963,44.9568071],[34.126822,44.956797],[34.127246,44.9566308]]},"id":"way/1112741585"},{"type":"Feature","properties":{"@id":"way/1112741586","alt_name":"улица Федько","highway":"tertiary","name":"улица Ивана Федько","name:en":"Ivana Fedko Street","name:ru":"улица Ивана Федько","name:uk":"Івана Федька вулиця","surface":"asphalt"},"geometry":{"type":"LineString","coordinates":[[34.1263221,44.956993],[34.1263789,44.957065],[34.1267711,44.9575564],[34.1267906,44.9576142]]},"id":"way/1112741586"},{"type":"Feature","properties":{"@id":"way/1118834524","highway":"primary","int_ref":"E 105","lanes":"3","lanes:backward":"2","lanes:forward":"1","loc_name":"Объездная дорога","maxspeed":"90","ref":"35К-023","surface":"asphalt"},"geometry":{"type":"LineString","coordinates":[[34.1386348,44.9393264],[34.1385396,44.9392693],[34.1384088,44.9391908]]},"id":"way/1118834524"},{"type":"Feature","properties":{"@id":"way/1124979764","highway":"tertiary"},"geometry":{"type":"LineString","coordinates":[[34.1840611,44.9809924],[34.1841524,44.9810014],[34.1843872,44.9810462],[34.1847479,44.9811479],[34.1854746,44.9813122],[34.1858354,44.9813892],[34.1860916,44.9814325],[34.1861992,44.9814436],[34.1863345,44.9814577],[34.186634,44.9814736],[34.1870046,44.981446],[34.1871413,44.9814357],[34.1877023,44.9814259],[34.1883047,44.9814081],[34.1884361,44.9814042],[34.189032,44.9813935]]},"id":"way/1124979764"},{"type":"Feature","properties":{"@id":"way/1125135264","highway":"secondary","lanes":"4","name":"улица Лермонтова","name:en":"Lermontova Street","name:etymology:wikidata":"Q46599","name:ru":"улица Лермонтова","name:uk":"Лермонтова вулиця","source":"gps","surface":"asphalt","trolley_wire":"yes"},"geometry":{"type":"LineString","coordinates":[[34.1139238,44.9658666],[34.1140218,44.9657347],[34.1142918,44.9653712],[34.1143103,44.9653462],[34.1145485,44.9650255],[34.1148537,44.9646147],[34.1149864,44.9644362],[34.1157489,44.9634095],[34.1157883,44.9633566],[34.1158968,44.9632104],[34.1162138,44.9627837]]},"id":"way/1125135264"},{"type":"Feature","properties":{"@id":"way/1125204495","highway":"secondary","maxspeed":"RU:urban","name":"улица Гоголя","name:en":"Gogol Street","name:etymology:wikidata":"Q43718","name:ru":"улица Гоголя","name:uk":"Гоголя вулиця","surface":"asphalt"},"geometry":{"type":"LineString","coordinates":[[34.0920197,44.9510228],[34.0927907,44.9505312],[34.0936705,44.9499886]]},"id":"way/1125204495"},{"type":"Feature","properties":{"@id":"way/1125204496","highway":"secondary","maxspeed":"RU:urban","name":"улица Желябова","name:en":"Zheliabova Street","name:ru":"улица Желябова","name:uk":"Желябова вулиця","oneway":"yes","surface":"asphalt"},"geometry":{"type":"LineString","coordinates":[[34.0920197,44.9510228],[34.0926607,44.9515475],[34.0928926,44.9517442],[34.0929822,44.9518249],[34.0935942,44.9523354],[34.0936989,44.9524322],[34.0945286,44.9531071],[34.0946768,44.9532267],[34.095192,44.9536315]]},"id":"way/1125204496"},{"type":"Feature","properties":{"@id":"way/1127970760","highway":"secondary","name":"Балаклавская улица","name:en":"Balaklavskaya Street","name:ru":"Балаклавская улица","name:uk":"Балаклавська вулиця","surface":"asphalt","trolley_wire":"yes"},"geometry":{"type":"LineString","coordinates":[[34.099917,44.9244412],[34.101614,44.923873]]},"id":"way/1127970760"},{"type":"Feature","properties":{"@id":"way/1127970761","highway":"secondary","name":"Балаклавская улица","name:en":"Balaklavskaya Street","name:ru":"Балаклавская улица","name:uk":"Балаклавська вулиця","surface":"asphalt","trolley_wire":"yes"},"geometry":{"type":"LineString","coordinates":[[34.0988851,44.9248123],[34.099784,44.9244857],[34.099917,44.9244412]]},"id":"way/1127970761"},{"type":"Feature","properties":{"@id":"way/1127970763","highway":"secondary","name":"Балаклавская улица","name:en":"Balaklavskaya Street","name:ru":"Балаклавская улица","name:uk":"Балаклавська вулиця","surface":"asphalt","trolley_wire":"yes"},"geometry":{"type":"LineString","coordinates":[[34.0980008,44.9251336],[34.0988851,44.9248123]]},"id":"way/1127970763"},{"type":"Feature","properties":{"@id":"way/1127970765","highway":"secondary","name":"Балаклавская улица","name:en":"Balaklavskaya Street","name:ru":"Балаклавская улица","name:uk":"Балаклавська вулиця","surface":"asphalt","trolley_wire":"yes"},"geometry":{"type":"LineString","coordinates":[[34.101614,44.923873],[34.1020708,44.923709]]},"id":"way/1127970765"},{"type":"Feature","properties":{"@id":"way/1127970767","highway":"secondary","junction":"roundabout","name":"Балаклавская улица","name:en":"Balaklavskaya Street","name:ru":"Балаклавская улица","name:uk":"Балаклавська вулиця","surface":"asphalt"},"geometry":{"type":"LineString","coordinates":[[34.1103737,44.9196672],[34.1103575,44.9197185],[34.110322,44.9197647],[34.1102699,44.9198022]]},"id":"way/1127970767"},{"type":"Feature","properties":{"@id":"way/1127970768","highway":"secondary","junction":"roundabout","name":"Балаклавская улица","name:en":"Balaklavskaya Street","name:ru":"Балаклавская улица","name:uk":"Балаклавська вулиця","surface":"asphalt","trolley_wire":"yes"},"geometry":{"type":"LineString","coordinates":[[34.1103692,44.9196148],[34.1103737,44.9196672]]},"id":"way/1127970768"},{"type":"Feature","properties":{"@id":"way/1127970769","highway":"secondary","junction":"roundabout","name":"Балаклавская улица","name:en":"Balaklavskaya Street","name:ru":"Балаклавская улица","name:uk":"Балаклавська вулиця","surface":"asphalt","trolley_wire":"yes"},"geometry":{"type":"LineString","coordinates":[[34.1102484,44.9194917],[34.1102914,44.9195152],[34.1103268,44.9195444],[34.1103531,44.9195781],[34.1103692,44.9196148]]},"id":"way/1127970769"},{"type":"Feature","properties":{"@id":"way/1127970770","highway":"secondary","junction":"roundabout","name":"Балаклавская улица","name:en":"Balaklavskaya Street","name:ru":"Балаклавская улица","name:uk":"Балаклавська вулиця","surface":"asphalt","trolley_wire":"yes"},"geometry":{"type":"LineString","coordinates":[[34.1100778,44.9194649],[34.1101433,44.9194651]]},"id":"way/1127970770"},{"type":"Feature","properties":{"@id":"way/1127970771","highway":"secondary","junction":"roundabout","name":"Балаклавская улица","name:en":"Balaklavskaya Street","name:ru":"Балаклавская улица","name:uk":"Балаклавська вулиця","surface":"asphalt","trolley_wire":"yes"},"geometry":{"type":"LineString","coordinates":[[34.1100389,44.9194697],[34.1100778,44.9194649]]},"id":"way/1127970771"},{"type":"Feature","properties":{"@id":"way/1127970773","abutters":"residential","hgv":"no","highway":"primary","lanes":"4","maxspeed":"60","name":"Севастопольская улица","name:en":"Sevastopolskaya Street","name:ru":"Севастопольская улица","name:uk":"Севастопольська вулиця","surface":"asphalt","trolley_wire":"yes"},"geometry":{"type":"LineString","coordinates":[[34.08921,44.9336588],[34.0888448,44.9331296]]},"id":"way/1127970773"},{"type":"Feature","properties":{"@id":"way/1127970776","abutters":"residential","highway":"secondary","lanes":"4","maxspeed":"60","name":"улица Героев Сталинграда","name:ru":"улица Героев Сталинграда","name:uk":"Героїв Сталінграда вулиця","surface":"asphalt","trolley_wire":"no"},"geometry":{"type":"LineString","coordinates":[[34.062273,44.9382715],[34.0618473,44.9382649],[34.0614553,44.9382589]]},"id":"way/1127970776"},{"type":"Feature","properties":{"@id":"way/1127970777","abutters":"residential","highway":"secondary","lit":"yes","maxspeed":"60","name":"улица Маршала Василевского","name:en":"Marshala Vasylevskogo Street","name:ru":"улица Маршала Василевского","name:uk":"Маршала Василевського вулиця","oneway":"yes","smoothness":"excellent","surface":"asphalt"},"geometry":{"type":"LineString","coordinates":[[34.0614343,44.9386226],[34.0614391,44.9385255],[34.0614532,44.938477],[34.0614797,44.9384345],[34.0615243,44.9383947],[34.0615761,44.9383535],[34.0616787,44.9383013],[34.0618473,44.9382649]]},"id":"way/1127970777"},{"type":"Feature","properties":{"@id":"way/1127970778","abutters":"residential","highway":"secondary","lit":"yes","maxspeed":"60","name":"улица Маршала Василевского","name:en":"Marshala Vasylevskogo Street","name:ru":"улица Маршала Василевского","name:uk":"Маршала Василевського вулиця","smoothness":"excellent","surface":"asphalt"},"geometry":{"type":"LineString","coordinates":[[34.0614369,44.938682],[34.0614343,44.9386226]]},"id":"way/1127970778"},{"type":"Feature","properties":{"@id":"way/1127970780","abutters":"residential","highway":"secondary","lit":"yes","maxspeed":"60","name":"улица Маршала Василевского","name:en":"Marshala Vasylevskogo Street","name:ru":"улица Маршала Василевского","name:uk":"Маршала Василевського вулиця","smoothness":"excellent","surface":"asphalt"},"geometry":{"type":"LineString","coordinates":[[34.0614378,44.9388077],[34.0614369,44.938682]]},"id":"way/1127970780"},{"type":"Feature","properties":{"@id":"way/1127970781","abutters":"residential","highway":"secondary","lit":"yes","maxspeed":"60","name":"улица Маршала Василевского","name:en":"Marshala Vasylevskogo Street","name:ru":"улица Маршала Василевского","name:uk":"Маршала Василевського вулиця","smoothness":"excellent","surface":"asphalt"},"geometry":{"type":"LineString","coordinates":[[34.0614642,44.939209],[34.0614378,44.9388077]]},"id":"way/1127970781"},{"type":"Feature","properties":{"@id":"way/1127970782","abutters":"residential","highway":"secondary","lanes":"4","maxspeed":"60","name":"улица Героев Сталинграда","name:ru":"улица Героев Сталинграда","name:uk":"Героїв Сталінграда вулиця","surface":"asphalt","trolley_wire":"no"},"geometry":{"type":"LineString","coordinates":[[34.0630653,44.9383027],[34.062273,44.9382715]]},"id":"way/1127970782"},{"type":"Feature","properties":{"@id":"way/1127975803","highway":"secondary","lanes":"2","name":"улица Крылова","name:en":"Krylova Street","name:ru":"улица Крылова","name:uk":"Крилова вулиця","surface":"asphalt"},"geometry":{"type":"LineString","coordinates":[[34.1009846,44.9433566],[34.1011119,44.9432815],[34.1011245,44.9432737]]},"id":"way/1127975803"},{"type":"Feature","properties":{"@id":"way/1127975805","highway":"secondary","lanes":"2","name":"улица Крылова","name:en":"Krylova Street","name:ru":"улица Крылова","name:uk":"Крилова вулиця","oneway":"no","surface":"asphalt"},"geometry":{"type":"LineString","coordinates":[[34.100824,44.9434513],[34.1008478,44.9434373],[34.1009846,44.9433566]]},"id":"way/1127975805"},{"type":"Feature","properties":{"@id":"way/1128134459","abutters":"residential","highway":"primary","maxspeed":"60","motor_vehicle":"no","name":"проспект Кирова","name:en":"Kirov Avenue","name:ru":"проспект Кирова","name:uk":"Кірова проспект","oneway":"yes","oneway:psv":"yes","surface":"asphalt","trolley_wire":"yes"},"geometry":{"type":"LineString","coordinates":[[34.0947552,44.9446721],[34.0947931,44.9447598]]},"id":"way/1128134459"},{"type":"Feature","properties":{"@id":"way/1132277520","highway":"primary","lanes":"3","maxspeed":"60","name":"Евпаторийское шоссе","name:en":"Yevpatoriiskoye Road","surface":"asphalt","trolley_wire":"yes"},"geometry":{"type":"LineString","coordinates":[[34.0799533,44.9685221],[34.0798975,44.9686388],[34.0797111,44.969029]]},"id":"way/1132277520"},{"type":"Feature","properties":{"@id":"way/1132277530","highway":"tertiary","name":"улица Рубцова","name:en":"Rubtsova Street","name:ru":"улица Рубцова","name:uk":"Рубцова вулиця","smoothness":"bad","surface":"paved"},"geometry":{"type":"LineString","coordinates":[[34.1247905,44.9594309],[34.1253322,44.9585089],[34.1253761,44.9584211],[34.1256739,44.9582527],[34.1258516,44.9581523],[34.1261797,44.9579668],[34.1262348,44.9579363],[34.1267479,44.9576585],[34.1267906,44.9576142]]},"id":"way/1132277530"},{"type":"Feature","properties":{"@id":"way/1132277535","abutters":"residential","highway":"primary","lanes":"4","maxspeed":"60","name":"проспект Победы","name:en":"Pobedy Avenue","name:etymology:wikidata":"Q270706","name:ru":"проспект Победы","name:uk":"Перемоги проспект","old_ref":"Р-23","ref":"35К-003;Р-23","surface":"asphalt"},"geometry":{"type":"LineString","coordinates":[[34.1549831,44.9867648],[34.1561865,44.9874389],[34.1573396,44.9880545]]},"id":"way/1132277535"},{"type":"Feature","properties":{"@id":"way/1149880280","abutters":"residential","highway":"secondary","maxspeed":"60","name":"улица Козлова","name:en":"Kozlova Street","name:ru":"улица Козлова","name:uk":"Козлова вулиця","surface":"asphalt","trolley_wire":"yes"},"geometry":{"type":"LineString","coordinates":[[34.0965676,44.9409559],[34.0960645,44.9414823],[34.0960484,44.9415015],[34.0959318,44.9416306]]},"id":"way/1149880280"},{"type":"Feature","properties":{"@id":"way/1153293730","highway":"secondary","lanes":"4","name":"улица Лермонтова","name:en":"Lermontova Street","name:etymology:wikidata":"Q46599","name:ru":"улица Лермонтова","name:uk":"Лермонтова вулиця","surface":"asphalt","trolley_wire":"yes"},"geometry":{"type":"LineString","coordinates":[[34.1132863,44.9663199],[34.1136786,44.9661967]]},"id":"way/1153293730"},{"type":"Feature","properties":{"@id":"way/1153293731","highway":"secondary","lanes":"4","name":"улица Лермонтова","name:en":"Lermontova Street","name:etymology:wikidata":"Q46599","name:ru":"улица Лермонтова","name:uk":"Лермонтова вулиця","surface":"asphalt","trolley_wire":"yes"},"geometry":{"type":"LineString","coordinates":[[34.1123748,44.9663789],[34.112797,44.9663519],[34.1132863,44.9663199]]},"id":"way/1153293731"},{"type":"Feature","properties":{"@id":"way/1154528303","highway":"primary","lanes":"3","maxspeed":"60","name":"бульвар Ленина","name:en":"Lenina Avenue","name:etymology:wikidata":"Q1394","name:ru":"бульвар Ленина","name:uk":"Леніна бульвар","oneway":"yes","surface":"asphalt","trolley_wire":"yes"},"geometry":{"type":"LineString","coordinates":[[34.0846011,44.9620092],[34.0844779,44.962109],[34.0844186,44.9621936]]},"id":"way/1154528303"},{"type":"Feature","properties":{"@id":"way/1158443285","abutters":"residential","highway":"primary","lanes":"3","maxspeed":"60","name":"улица Гагарина","name:en":"Gagarina Street","name:etymology:wikidata":"Q7327","name:ru":"улица Гагарина","name:uk":"Гагаріна вулиця","oneway":"yes","surface":"asphalt","trolley_wire":"yes"},"geometry":{"type":"LineString","coordinates":[[34.0888326,44.9660288],[34.0888322,44.9660284]]},"id":"way/1158443285"},{"type":"Feature","properties":{"@id":"way/1158443286","highway":"primary","lanes":"3","maxspeed":"60","name":"улица Гагарина","name:en":"Gagarina street","name:etymology:wikidata":"Q7327","name:ru":"улица Гагарина","name:uk":"Гагаріна вулиця","oneway":"yes","surface":"asphalt","trolley_wire":"yes"},"geometry":{"type":"LineString","coordinates":[[34.0889097,44.9659862],[34.0892405,44.9662723],[34.091425,44.9681614],[34.0920966,44.96874],[34.0923328,44.9689435],[34.0936864,44.9701254],[34.09378,44.9702069]]},"id":"way/1158443286"},{"type":"Feature","properties":{"@id":"way/1170494567","highway":"secondary","name":"улица Чехова","name:en":"Chekhov Street","name:etymology:wikidata":"Q5685","name:ru":"улица Чехова","name:uk":"Чехова вулиця","surface":"asphalt"},"geometry":{"type":"LineString","coordinates":[[34.1101934,44.9401915],[34.1102396,44.940171]]},"id":"way/1170494567"},{"type":"Feature","properties":{"@id":"way/1177562089","highway":"primary","int_ref":"E 105","lanes":"3","maxspeed":"50","ref":"35А-002;М-18","surface":"asphalt","trolley_wire":"yes"},"geometry":{"type":"LineString","coordinates":[[34.1437616,44.9232573],[34.1440832,44.9230746],[34.1443882,44.9228547],[34.1445775,44.9226758],[34.144986,44.9222715],[34.1452462,44.9219843],[34.1455109,44.9216535],[34.1455884,44.9215567],[34.1456291,44.9215079],[34.1468822,44.9200059],[34.1470607,44.9197901],[34.1481672,44.9184522]]},"id":"way/1177562089"},{"type":"Feature","properties":{"@id":"way/1193571731","abutters":"residential","highway":"secondary","maxspeed":"60","name":"улица Маяковского","name:en":"Mayakovskogo Street","name:etymology:wikidata":"Q132964","name:ru":"улица Маяковского","name:uk":"Маяковського вулиця","surface":"asphalt"},"geometry":{"type":"LineString","coordinates":[[34.0900246,44.9478065],[34.090142,44.9474901],[34.0902049,44.9473625],[34.0903203,44.9472547]]},"id":"way/1193571731"},{"type":"Feature","properties":{"@id":"way/1194200797","abutters":"residential","hgv":"no","highway":"primary","lanes":"4","maxspeed":"60","name":"Севастопольская улица","name:en":"Sevastopolskaya Street","name:ru":"Севастопольская улица","name:uk":"Севастопольська вулиця","surface":"asphalt","trolley_wire":"yes"},"geometry":{"type":"LineString","coordinates":[[34.0844837,44.9270013],[34.0839304,44.9262247],[34.0838675,44.9261363],[34.0835844,44.925739],[34.0834776,44.9255892],[34.0829738,44.9248819],[34.0826072,44.9243673]]},"id":"way/1194200797"},{"type":"Feature","properties":{"@id":"way/1197062622","abutters":"residential","highway":"secondary","maxspeed":"60","name":"улица Козлова","name:en":"Kozlova Street","name:ru":"улица Козлова","name:uk":"Козлова вулиця","surface":"asphalt","trolley_wire":"yes"},"geometry":{"type":"LineString","coordinates":[[34.0997073,44.9377855],[34.0995088,44.9379813]]},"id":"way/1197062622"},{"type":"Feature","properties":{"@id":"way/1197062623","abutters":"residential","highway":"secondary","maxspeed":"60","name":"улица Козлова","name:en":"Kozlova Street","name:ru":"улица Козлова","name:uk":"Козлова вулиця","surface":"asphalt","trolley_wire":"yes"},"geometry":{"type":"LineString","coordinates":[[34.0995088,44.9379813],[34.0993588,44.9381305],[34.0989772,44.9385092],[34.0989524,44.9385348],[34.0989115,44.9385769]]},"id":"way/1197062623"},{"type":"Feature","properties":{"@id":"way/1207367127","highway":"primary","int_ref":"E 105","lanes":"3","lanes:backward":"1","lanes:forward":"2","loc_name":"Объездная дорога","maxspeed":"60","ref":"35К-023","surface":"asphalt"},"geometry":{"type":"LineString","coordinates":[[34.1411741,44.9408402],[34.1410157,44.9407384],[34.1403949,44.940377],[34.1401809,44.9402498]]},"id":"way/1207367127"},{"type":"Feature","properties":{"@id":"way/1207367128","highway":"primary","int_ref":"E 105","lanes":"4","loc_name":"Объездная дорога","maxspeed":"90","ref":"35К-023","surface":"asphalt"},"geometry":{"type":"LineString","coordinates":[[34.1506844,44.9497836],[34.1506209,44.9496849],[34.1505643,44.949597],[34.1504602,44.9494175],[34.1501338,44.9489066],[34.1497117,44.9482219],[34.1493264,44.9476916],[34.1493069,44.9476709],[34.1486597,44.9469824],[34.1486058,44.9469251],[34.148092,44.9464314],[34.1474494,44.9458139],[34.1467557,44.9451473],[34.146291,44.9447008],[34.1460634,44.9444843],[34.1453836,44.9438379],[34.1449016,44.9433795],[34.1442296,44.9427798],[34.1441569,44.9427149],[34.1435993,44.9422893],[34.1430073,44.9419371],[34.1428801,44.9418544]]},"id":"way/1207367128"},{"type":"Feature","properties":{"@id":"way/1225591194","abutters":"residential","highway":"secondary","maxspeed":"60","name":"Кавказская улица","name:ru":"Кавказская улица","name:uk":"Пролетарська вулиця","old_name":"Пролетарская улица","surface":"asphalt"},"geometry":{"type":"LineString","coordinates":[[34.1051188,44.9488071],[34.1052813,44.9491113],[34.1054161,44.9493474]]},"id":"way/1225591194"},{"type":"Feature","properties":{"@id":"way/1225591195","abutters":"residential","highway":"secondary","maxspeed":"60","name":"Кавказская улица","name:ru":"Кавказская улица","name:uk":"Пролетарська вулиця","old_name":"Пролетарская улица","surface":"asphalt"},"geometry":{"type":"LineString","coordinates":[[34.1050681,44.9487138],[34.1051188,44.9488071]]},"id":"way/1225591195"},{"type":"Feature","properties":{"@id":"way/1225591196","abutters":"residential","highway":"secondary","maxspeed":"60","name":"Кавказская улица","name:ru":"Кавказская улица","name:uk":"Пролетарська вулиця","old_name":"Пролетарская улица","surface":"asphalt"},"geometry":{"type":"LineString","coordinates":[[34.1048288,44.9482471],[34.1050681,44.9487138]]},"id":"way/1225591196"},{"type":"Feature","properties":{"@id":"way/1225591197","abutters":"residential","highway":"secondary","maxspeed":"60","name":"Кавказская улица","name:en":"Proletarskaya Street","name:ru":"Кавказская улица","name:uk":"Пролетарська вулиця","surface":"asphalt"},"geometry":{"type":"LineString","coordinates":[[34.1040465,44.946662],[34.1040905,44.946757]]},"id":"way/1225591197"},{"type":"Feature","properties":{"@id":"way/1225591198","abutters":"residential","highway":"secondary","maxspeed":"60","name":"Кавказская улица","name:en":"Proletarskaya Street","name:ru":"Кавказская улица","name:uk":"Пролетарська вулиця","surface":"asphalt"},"geometry":{"type":"LineString","coordinates":[[34.1040905,44.946757],[34.1045141,44.9476249]]},"id":"way/1225591198"},{"type":"Feature","properties":{"@id":"way/1225591199","highway":"secondary","lit":"yes","maxspeed":"RU:urban","name":"Караимская улица","name:en":"Karaimskaya Street","name:ru":"Караимская улица","name:uk":"Караїмська вулиця","surface":"asphalt"},"geometry":{"type":"LineString","coordinates":[[34.1005824,44.9429871],[34.1008854,44.9432543],[34.1009846,44.9433566]]},"id":"way/1225591199"},{"type":"Feature","properties":{"@id":"way/1225591200","highway":"secondary","maxspeed":"40","name":"Караимская улица","name:en":"Karaimskaya Street","name:ru":"Караимская улица","name:uk":"Караїмська вулиця","surface":"asphalt"},"geometry":{"type":"LineString","coordinates":[[34.098711,44.9414749],[34.0988683,44.9415868],[34.0991501,44.9417873]]},"id":"way/1225591200"},{"type":"Feature","properties":{"@id":"way/1225591201","highway":"secondary","lit":"yes","maxspeed":"RU:urban","name":"Караимская улица","name:en":"Karaimskaya Street","name:ru":"Караимская улица","name:uk":"Караїмська вулиця","surface":"asphalt"},"geometry":{"type":"LineString","coordinates":[[34.0974523,44.9405899],[34.0977639,44.9408063]]},"id":"way/1225591201"},{"type":"Feature","properties":{"@id":"way/1259717471","highway":"secondary","name":"улица Демерджи","surface":"asphalt"},"geometry":{"type":"LineString","coordinates":[[34.1813066,44.9436234],[34.1806843,44.9436531],[34.1799207,44.9436952],[34.1794603,44.9437204],[34.1791957,44.9437369],[34.1786244,44.9437821],[34.1778208,44.9438528],[34.176992,44.9439273],[34.1767649,44.9439376],[34.1761681,44.9439727],[34.1748378,44.9440857],[34.1734236,44.9442058],[34.1730833,44.9442256],[34.1725163,44.9442632],[34.1716519,44.9443437],[34.1712255,44.9443928],[34.1708042,44.9444673],[34.1702469,44.9446128],[34.1697027,44.9447766],[34.1695665,44.9448282],[34.1693385,44.9449292],[34.1691296,44.9450218],[34.1685106,44.9453799],[34.1675834,44.9461089]]},"id":"way/1259717471"},{"type":"Feature","properties":{"@id":"way/1268938575","highway":"secondary","name":"улица Чехова","name:en":"Chekhov Street","name:etymology:wikidata":"Q5685","name:ru":"улица Чехова","name:uk":"Чехова вулиця","surface":"asphalt"},"geometry":{"type":"LineString","coordinates":[[34.1078999,44.9414112],[34.1086104,44.9409899],[34.1090975,44.9407148],[34.1094206,44.9405402],[34.1101934,44.9401915]]},"id":"way/1268938575"},{"type":"Feature","properties":{"@id":"way/1268938576","highway":"secondary","name":"улица Чехова","name:en":"Chekhov Street","name:etymology:wikidata":"Q5685","name:ru":"улица Чехова","name:uk":"Чехова вулиця","note":"https://news.mail.ru/society/60491377/","opening_date":"2024-04-08","surface":"asphalt"},"geometry":{"type":"LineString","coordinates":[[34.1078257,44.9414556],[34.1078625,44.9414333],[34.1078999,44.9414112]]},"id":"way/1268938576"},{"type":"Feature","properties":{"@id":"way/1268938577","highway":"tertiary","lanes":"2","name":"Нижнегоспитальная улица","name:en":"Nizhnegospitalnaya Street","name:ru":"Нижнегоспитальная улица","name:uk":"Нижньогоспітальна вулиця","surface":"asphalt"},"geometry":{"type":"LineString","coordinates":[[34.1063455,44.9399137],[34.1063865,44.939946],[34.1068907,44.9404523],[34.1069591,44.9405179],[34.1070906,44.940644],[34.1073461,44.9409147],[34.1073989,44.9409666],[34.1075647,44.9411296],[34.1078372,44.9414075]]},"id":"way/1268938577"},{"type":"Feature","properties":{"@id":"way/1268938578","highway":"tertiary","lanes":"2","name":"Нижнегоспитальная улица","name:en":"Nizhnegospitalnaya Street","name:ru":"Нижнегоспитальная улица","name:uk":"Нижньогоспітальна вулиця","note":"https://news.mail.ru/society/60491377/","opening_date":"2024-04-08","surface":"asphalt"},"geometry":{"type":"LineString","coordinates":[[34.1078372,44.9414075],[34.1078625,44.9414333],[34.1078942,44.9414611]]},"id":"way/1268938578"},{"type":"Feature","properties":{"@id":"way/1269042556","highway":"tertiary","name":"Ул. Александра Захарченко"},"geometry":{"type":"LineString","coordinates":[[34.0923124,44.989298],[34.0924159,44.9895062],[34.0924329,44.9895348],[34.0927646,44.9900905],[34.0929672,44.99042],[34.0932762,44.9909875],[34.0936426,44.991653],[34.0938212,44.9920657],[34.0938148,44.992461],[34.0938025,44.9927509],[34.0937959,44.9929074]]},"id":"way/1269042556"},{"type":"Feature","properties":{"@id":"way/1287082553","highway":"primary","lanes":"4","maxspeed":"60","old_ref":"Т-01-01","ref":"35К-007;Т-01-01","smoothness":"excellent","surface":"asphalt"},"geometry":{"type":"LineString","coordinates":[[34.0621545,44.9610001],[34.0622643,44.9611991],[34.0627158,44.9620994],[34.0629538,44.9625726],[34.0631532,44.9629925],[34.0633901,44.9635217]]},"id":"way/1287082553"},{"type":"Feature","properties":{"@id":"way/1295679502","abutters":"residential","hgv":"no","highway":"primary","maxspeed":"50","name":"проспект Вернадского","name:en":"Vernadsky Avenue","name:ru":"проспект Вернадского","name:uk":"Вернадського проспект","old_name":"Ялтинская улица","old_name:uk":"Ялтинська вулиця","surface":"asphalt","trolley_wire":"yes"},"geometry":{"type":"LineString","coordinates":[[34.134925,44.933953],[34.1344755,44.9345972],[34.1341114,44.9351188],[34.1339084,44.9354096],[34.1338586,44.9354813]]},"id":"way/1295679502"},{"type":"Feature","properties":{"@id":"way/1314356218","abutters":"residential","highway":"secondary","maxspeed":"60","name":"Кавказская улица","name:ru":"Кавказская улица","name:uk":"Пролетарська вулиця","old_name":"Пролетарская улица","surface":"asphalt"},"geometry":{"type":"LineString","coordinates":[[34.1059869,44.9501322],[34.1066165,44.9507789],[34.1067395,44.9508982]]},"id":"way/1314356218"},{"type":"Feature","properties":{"@id":"way/1314356220","abutters":"residential","highway":"secondary","maxspeed":"60","name":"Кавказская улица","name:ru":"Кавказская улица","name:uk":"Пролетарська вулиця","old_name":"Пролетарская улица","surface":"asphalt"},"geometry":{"type":"LineString","coordinates":[[34.1054161,44.9493474],[34.1057482,44.9498592]]},"id":"way/1314356220"},{"type":"Feature","properties":{"@id":"way/1315088023","highway":"secondary","name":"улица Беспалова","name:en":"Bespalova Street","name:ru":"улица Беспалова","name:uk":"Беспалова вулиця","surface":"asphalt"},"geometry":{"type":"LineString","coordinates":[[34.1322523,44.9349819],[34.1321209,44.9351755],[34.1319358,44.9354812],[34.1317373,44.9358458],[34.131563,44.9361211],[34.131394,44.9364173],[34.1311392,44.9368407],[34.1308361,44.9371692],[34.1303399,44.9376534],[34.1299054,44.9381109],[34.1297606,44.9382685],[34.1296399,44.9384223],[34.129377,44.9387242]]},"id":"way/1315088023"},{"type":"Feature","properties":{"@id":"way/1316644797","abutters":"residential","highway":"secondary","lanes":"2","lit":"yes","maxspeed":"60","name":"улица Павленко","name:en":"Pavlenko Street","name:ru":"улица Павленко","name:uk":"Павленка вулиця","surface":"asphalt"},"geometry":{"type":"LineString","coordinates":[[34.0875015,44.956743],[34.0870436,44.9563748],[34.0866531,44.9560607],[34.0862074,44.9557023],[34.0859627,44.9555055],[34.0853389,44.9550038],[34.0845689,44.9543793],[34.0842744,44.9541404],[34.0841916,44.9540733]]},"id":"way/1316644797"},{"type":"Feature","properties":{"@id":"way/1316644798","abutters":"residential","highway":"secondary","lanes":"2","lit":"yes","maxspeed":"60","name":"улица Павленко","name:en":"Pavlenko Street","name:ru":"улица Павленко","name:uk":"Павленка вулиця","surface":"asphalt"},"geometry":{"type":"LineString","coordinates":[[34.0877173,44.9569165],[34.0875015,44.956743]]},"id":"way/1316644798"},{"type":"Feature","properties":{"@id":"way/1322580504","abutters":"residential","highway":"primary","lanes":"4","lit":"yes","maxspeed":"60","name":"Киевская улица","name:en":"Kyivska Street","name:etymology:wikidata":"Q1899","name:ru":"Киевская улица","name:uk":"Київська вулиця","oneway":"no","shoulder":"no","surface":"asphalt","trolley_wire":"yes"},"geometry":{"type":"LineString","coordinates":[[34.1165264,44.9548437],[34.1158387,44.9552455],[34.1155907,44.9553904]]},"id":"way/1322580504"},{"type":"Feature","properties":{"@id":"way/1354372407","highway":"secondary","name":"Русская улица","name:en":"Russkaya Street","name:ru":"Русская улица","name:uk":"Руська вулиця","surface":"asphalt","trolley_wire":"yes"},"geometry":{"type":"LineString","coordinates":[[34.0953106,44.922893],[34.095407,44.923051]]},"id":"way/1354372407"},{"type":"Feature","properties":{"@id":"way/1354372408","highway":"secondary","name":"Русская улица","name:en":"Russkaya Street","name:ru":"Русская улица","name:uk":"Руська вулиця","surface":"asphalt","trolley_wire":"yes"},"geometry":{"type":"LineString","coordinates":[[34.095407,44.923051],[34.0954673,44.923139],[34.0956378,44.9233878],[34.0958009,44.9236252],[34.0958715,44.923719],[34.0959293,44.9237958],[34.0968491,44.9250165],[34.0970565,44.9252918],[34.097149,44.9254146]]},"id":"way/1354372408"},{"type":"Feature","properties":{"@id":"way/1354372409","highway":"secondary","name":"Русская улица","name:en":"Russkaya Street","name:ru":"Русская улица","name:uk":"Руська вулиця","surface":"asphalt","trolley_wire":"yes"},"geometry":{"type":"LineString","coordinates":[[34.0951504,44.9226801],[34.0953106,44.922893]]},"id":"way/1354372409"},{"type":"Feature","properties":{"@id":"way/1365004309","abutters":"residential","highway":"primary","lanes":"4","maxspeed":"60","name":"проспект Победы","name:en":"Pobedy Avenue","name:etymology:wikidata":"Q270706","name:ru":"проспект Победы","name:uk":"Перемоги проспект","old_ref":"Р-23","ref":"35К-003;Р-23","surface":"asphalt","trolley_wire":"yes"},"geometry":{"type":"LineString","coordinates":[[34.1473349,44.9819539],[34.1474189,44.982007]]},"id":"way/1365004309"},{"type":"Feature","properties":{"@id":"way/1365004310","abutters":"residential","highway":"primary","lanes":"4","maxspeed":"60","name":"проспект Победы","name:en":"Pobedy Avenue","name:etymology:wikidata":"Q270706","name:ru":"проспект Победы","name:uk":"Перемоги проспект","old_ref":"Р-23","ref":"35К-003;Р-23","surface":"asphalt","trolley_wire":"yes"},"geometry":{"type":"LineString","coordinates":[[34.1477041,44.9821869],[34.1481682,44.9824846]]},"id":"way/1365004310"},{"type":"Feature","properties":{"@id":"way/1365004311","abutters":"residential","highway":"primary","lanes":"4","maxspeed":"60","name":"проспект Победы","name:en":"Pobedy Avenue","name:etymology:wikidata":"Q270706","name:ru":"проспект Победы","name:uk":"Перемоги проспект","old_ref":"Р-23","ref":"35К-003;Р-23","surface":"asphalt","trolley_wire":"yes"},"geometry":{"type":"LineString","coordinates":[[34.1490616,44.9830551],[34.1492671,44.983191],[34.1495563,44.983382]]},"id":"way/1365004311"},{"type":"Feature","properties":{"@id":"way/1373593476","highway":"secondary","lanes":"2","name":"улица Крылова","name:en":"Krylova Street","name:ru":"улица Крылова","name:uk":"Крилова вулиця","surface":"asphalt"},"geometry":{"type":"LineString","coordinates":[[34.103723,44.9416067],[34.1039194,44.9414709],[34.1040951,44.9413599],[34.1045611,44.9410637],[34.1049549,44.9408122],[34.1052644,44.9406102],[34.1054997,44.9404567],[34.1055918,44.940395],[34.106253,44.9399726],[34.1063455,44.9399137],[34.1070161,44.9394618],[34.1070832,44.9394096],[34.1072119,44.9393042],[34.1072896,44.9392378],[34.107519,44.9389416],[34.1079053,44.9384351],[34.1083661,44.9378427],[34.1083786,44.9378267]]},"id":"way/1373593476"},{"type":"Feature","properties":{"@id":"way/1387130087","highway":"secondary","oneway":"yes","surface":"asphalt"},"geometry":{"type":"LineString","coordinates":[[34.0995573,44.9893211],[34.0998693,44.9893031],[34.1000884,44.9892634],[34.1003635,44.9891481],[34.1009248,44.9887948],[34.1011246,44.9887007],[34.1013894,44.9886424],[34.1014817,44.9886394],[34.1016812,44.9886329],[34.1022813,44.9886518],[34.1026311,44.9886631],[34.1029009,44.9886239],[34.1030488,44.9885524],[34.1031523,44.9884594],[34.1032849,44.9883048]]},"id":"way/1387130087"},{"type":"Feature","properties":{"@id":"way/1389261696","highway":"primary","junction":"roundabout","lanes":"2","surface":"asphalt"},"geometry":{"type":"LineString","coordinates":[[34.0341713,44.9366583],[34.0341539,44.9367437],[34.034102,44.9368217],[34.0340554,44.9368628],[34.033972,44.93691],[34.0338743,44.9369405],[34.0337689,44.9369523],[34.0336627,44.9369447],[34.0335628,44.9369181],[34.0334758,44.9368743],[34.0334075,44.9368162],[34.033385,44.9367836],[34.0333678,44.9367587],[34.0333438,44.9366738],[34.0333559,44.9365876],[34.033403,44.9365077],[34.0334704,44.9364481],[34.0335869,44.9363923],[34.033723,44.9363673],[34.0338631,44.936376],[34.0339909,44.9364174],[34.0340919,44.9364867],[34.0341218,44.9365289],[34.034153,44.936573],[34.0341713,44.9366583]]},"id":"way/1389261696"},{"type":"Feature","properties":{"@id":"way/1389261697","highway":"secondary","lanes":"2","oneway":"yes","surface":"asphalt"},"geometry":{"type":"LineString","coordinates":[[34.0341218,44.9365289],[34.0343958,44.9366398],[34.0345544,44.9366833],[34.0347984,44.936724]]},"id":"way/1389261697"},{"type":"Feature","properties":{"@id":"way/1389262627","abutters":"residential","highway":"secondary","lanes":"2","maxspeed":"60","surface":"asphalt"},"geometry":{"type":"LineString","coordinates":[[34.0347984,44.936724],[34.0356051,44.9367749],[34.0358034,44.9367865],[34.0358873,44.9367915],[34.0376253,44.9368936]]},"id":"way/1389262627"},{"type":"Feature","properties":{"@id":"way/1392186549","highway":"primary_link","lanes":"1","maxspeed":"40","oneway":"yes","surface":"asphalt"},"geometry":{"type":"LineString","coordinates":[[34.033706,44.9318545],[34.0338402,44.9325615],[34.0338891,44.9329242],[34.033958,44.9333686],[34.0340157,44.9339167],[34.0340492,44.9343566],[34.0340952,44.9361921],[34.0341218,44.9365289]]},"id":"way/1392186549"},{"type":"Feature","properties":{"@id":"way/1392186550","bridge":"yes","highway":"primary","lanes":"2","layer":"1","maxspeed":"60","old_ref":"Т-01-01","oneway":"yes","ref":"35К-007;Т-01-01","smoothness":"excellent","source":"Bing","surface":"asphalt"},"geometry":{"type":"LineString","coordinates":[[34.0338123,44.9362297],[34.0338248,44.9372466]]},"id":"way/1392186550"},{"type":"Feature","properties":{"@id":"way/1392186551","bridge":"yes","highway":"primary","lanes":"2","layer":"1","maxspeed":"60","old_ref":"Т-01-01","oneway":"yes","ref":"35К-007;Т-01-01","smoothness":"excellent","source":"Bing","surface":"asphalt"},"geometry":{"type":"LineString","coordinates":[[34.0336662,44.9372529],[34.0336477,44.9362318]]},"id":"way/1392186551"},{"type":"Feature","properties":{"@id":"way/1392186552","embankment":"yes","highway":"primary","lanes":"2","maxspeed":"60","old_ref":"Т-01-01","oneway":"yes","ref":"35К-007;Т-01-01","smoothness":"excellent","source":"Bing","surface":"asphalt"},"geometry":{"type":"LineString","coordinates":[[34.0338248,44.9372466],[34.0338668,44.9395334],[34.0338368,44.9400541]]},"id":"way/1392186552"},{"type":"Feature","properties":{"@id":"way/1392186553","embankment":"yes","highway":"primary","lanes":"2","maxspeed":"60","old_ref":"Т-01-01","oneway":"yes","ref":"35К-007;Т-01-01","smoothness":"excellent","source":"Bing","surface":"asphalt"},"geometry":{"type":"LineString","coordinates":[[34.0338368,44.9400541],[34.0337656,44.9395535],[34.0336662,44.9372529]]},"id":"way/1392186553"},{"type":"Feature","properties":{"@id":"way/1392186554","highway":"primary","lanes":"2","maxspeed":"90","oneway":"yes","source":"Bing"},"geometry":{"type":"LineString","coordinates":[[34.033493,44.930006],[34.0334907,44.9299727],[34.03344,44.929227],[34.0333956,44.9288823],[34.0333391,44.9285362],[34.0332644,44.9281118],[34.0331878,44.9277932],[34.0330747,44.9273105],[34.032885,44.9266819],[34.0327499,44.9262913],[34.0325659,44.9258],[34.0322754,44.9251627],[34.0319534,44.9244645],[34.0316586,44.9239501],[34.031305,44.9233564],[34.0310356,44.9229529],[34.0307622,44.9225753],[34.0303128,44.9219669],[34.0297549,44.9213009],[34.0293312,44.9208465],[34.0286851,44.9201572],[34.0269947,44.9185439],[34.0262415,44.9178582],[34.0258598,44.9175582]]},"id":"way/1392186554"},{"type":"Feature","properties":{"@id":"way/1392186555","highway":"primary_link","lanes":"1","maxspeed":"40","oneway":"yes","surface":"asphalt"},"geometry":{"type":"LineString","coordinates":[[34.033403,44.9365077],[34.0334222,44.9361156],[34.0333905,44.9355902],[34.0333638,44.9344307],[34.0335076,44.9323014],[34.0335751,44.9318588]]},"id":"way/1392186555"},{"type":"Feature","properties":{"@id":"way/1413250408","highway":"tertiary","lane_markings":"no","name":"улица Батурина","name:en":"Baturina Street","name:ru":"улица Батурина","name:uk":"Батурина вулиця","sidewalk":"both","sidewalk:left:surface":"asphalt","sidewalk:right:surface":"paved","source":"Bing","surface":"asphalt"},"geometry":{"type":"LineString","coordinates":[[34.1013685,44.9299645],[34.1006828,44.9302863],[34.100612,44.9303195]]},"id":"way/1413250408"},{"type":"Feature","properties":{"@id":"way/1445965468","abutters":"residential","highway":"primary","lanes":"4","maxspeed":"60","name":"проспект Победы","name:en":"Pobedy Avenue","name:etymology:wikidata":"Q270706","name:ru":"проспект Победы","name:uk":"Перемоги проспект","old_ref":"Р-23","ref":"35К-003;Р-23","surface":"asphalt","trolley_wire":"yes"},"geometry":{"type":"LineString","coordinates":[[34.1481682,44.9824846],[34.1490616,44.9830551]]},"id":"way/1445965468"},{"type":"Feature","properties":{"@id":"way/1445965469","abutters":"residential","highway":"primary","lanes":"4","maxspeed":"60","name":"проспект Победы","name:en":"Pobedy Avenue","name:etymology:wikidata":"Q270706","name:ru":"проспект Победы","name:uk":"Перемоги проспект","old_ref":"Р-23","ref":"35К-003;Р-23","surface":"asphalt"},"geometry":{"type":"LineString","coordinates":[[34.1511833,44.9844394],[34.1512738,44.9844949]]},"id":"way/1445965469"},{"type":"Feature","properties":{"@id":"way/1445965471","abutters":"residential","highway":"primary","lanes":"4","maxspeed":"60","name":"проспект Победы","name:en":"Pobedy Avenue","name:etymology:wikidata":"Q270706","name:ru":"проспект Победы","name:uk":"Перемоги проспект","old_ref":"Р-23","ref":"35К-003;Р-23","surface":"asphalt"},"geometry":{"type":"LineString","coordinates":[[34.1512738,44.9844949],[34.1518551,44.9848566]]},"id":"way/1445965471"},{"type":"Feature","properties":{"@id":"way/1445965473","abutters":"residential","highway":"primary","lanes":"4","maxspeed":"60","name":"проспект Победы","name:en":"Pobedy Avenue","name:etymology:wikidata":"Q270706","name:ru":"проспект Победы","name:uk":"Перемоги проспект","old_ref":"Р-23","ref":"35К-003;Р-23","surface":"asphalt"},"geometry":{"type":"LineString","coordinates":[[34.1518551,44.9848566],[34.1519157,44.9848943]]},"id":"way/1445965473"},{"type":"Feature","properties":{"@id":"way/1445965474","abutters":"residential","highway":"primary","lanes":"4","maxspeed":"60","name":"проспект Победы","name:en":"Pobedy Avenue","name:etymology:wikidata":"Q270706","name:ru":"проспект Победы","name:uk":"Перемоги проспект","old_ref":"Р-23","ref":"35К-003;Р-23","surface":"asphalt"},"geometry":{"type":"LineString","coordinates":[[34.1519157,44.9848943],[34.1522817,44.9851189],[34.1529074,44.9855106]]},"id":"way/1445965474"},{"type":"Feature","properties":{"@id":"way/1445965475","abutters":"residential","highway":"primary","lanes":"4","maxspeed":"60","name":"проспект Победы","name:en":"Pobedy Avenue","name:etymology:wikidata":"Q270706","name:ru":"проспект Победы","name:uk":"Перемоги проспект","old_ref":"Р-23","ref":"35К-003;Р-23","surface":"asphalt"},"geometry":{"type":"LineString","coordinates":[[34.1529074,44.9855106],[34.1529921,44.9855631]]},"id":"way/1445965475"},{"type":"Feature","properties":{"@id":"way/1445965476","abutters":"residential","highway":"primary","lanes":"4","maxspeed":"60","name":"проспект Победы","name:en":"Pobedy Avenue","name:etymology:wikidata":"Q270706","name:ru":"проспект Победы","name:uk":"Перемоги проспект","old_ref":"Р-23","ref":"35К-003;Р-23","surface":"asphalt"},"geometry":{"type":"LineString","coordinates":[[34.1529921,44.9855631],[34.1531552,44.9856641]]},"id":"way/1445965476"},{"type":"Feature","properties":{"@id":"way/1445965477","abutters":"residential","highway":"primary","lanes":"4","maxspeed":"60","name":"проспект Победы","name:en":"Pobedy Avenue","name:etymology:wikidata":"Q270706","name:ru":"проспект Победы","name:uk":"Перемоги проспект","old_ref":"Р-23","ref":"35К-003;Р-23","surface":"asphalt"},"geometry":{"type":"LineString","coordinates":[[34.1573396,44.9880545],[34.158133,44.988481],[34.15906,44.9890265]]},"id":"way/1445965477"},{"type":"Feature","properties":{"@id":"way/1450675979","abutters":"residential","highway":"secondary","lanes":"2","maxspeed":"60","surface":"asphalt"},"geometry":{"type":"LineString","coordinates":[[34.0424357,44.9372384],[34.04284,44.9372675],[34.0432728,44.9373028]]},"id":"way/1450675979"},{"type":"Feature","properties":{"@id":"way/1456459986","abutters":"residential","highway":"primary","lanes":"4","maxspeed":"60","name":"проспект Победы","name:en":"Pobedy Avenue","name:etymology:wikidata":"Q270706","name:ru":"проспект Победы","name:uk":"Перемоги проспект","old_ref":"Р-23","ref":"35К-003;Р-23","surface":"asphalt"},"geometry":{"type":"LineString","coordinates":[[34.1598128,44.9894958],[34.1601079,44.9896818],[34.1614868,44.9906087],[34.1619386,44.9909254]]},"id":"way/1456459986"},{"type":"Feature","properties":{"@id":"way/1456459987","abutters":"residential","highway":"primary","lanes":"4","maxspeed":"60","name":"проспект Победы","name:en":"Pobedy Avenue","name:etymology:wikidata":"Q270706","name:ru":"проспект Победы","name:uk":"Перемоги проспект","old_ref":"Р-23","ref":"35К-003;Р-23","surface":"asphalt"},"geometry":{"type":"LineString","coordinates":[[34.15906,44.9890265],[34.1598128,44.9894958]]},"id":"way/1456459987"},{"type":"Feature","properties":{"@id":"way/1456893100","highway":"tertiary","name":"ул. Святителя Гурия","oneway":"no","surface":"asphalt"},"geometry":{"type":"LineString","coordinates":[[34.1023934,44.9830537],[34.1023838,44.9831791],[34.1023755,44.9832886],[34.1023702,44.9837452],[34.1023899,44.9842536],[34.1024189,44.9844741],[34.1024306,44.984563],[34.1024471,44.9846887],[34.1025222,44.9851731],[34.1025883,44.9856372],[34.1026003,44.9857469],[34.1025834,44.9858588],[34.1025612,44.9859831],[34.1024524,44.9861849],[34.1023094,44.9863645],[34.1021002,44.9865567],[34.1016263,44.9869842],[34.1010389,44.9874586],[34.1009844,44.9875027],[34.1004122,44.9879605],[34.1001157,44.9882493],[34.1000045,44.9883576]]},"id":"way/1456893100"},{"type":"Feature","properties":{"@id":"way/1456905900","highway":"tertiary","name":"Проспект Александра Суворова"},"geometry":{"type":"LineString","coordinates":[[34.0875411,44.9826738],[34.0877504,44.9826734],[34.088459,44.9826722],[34.089802,44.982629],[34.0901353,44.9826242],[34.0912398,44.9826022],[34.0914166,44.9826031],[34.0915068,44.9826319],[34.0915217,44.9826607],[34.0915217,44.982721],[34.0915032,44.9831117],[34.0915145,44.9835277],[34.0915325,44.983807],[34.0915485,44.9840255],[34.0915618,44.9843739],[34.0916131,44.9847549],[34.0916956,44.9850786],[34.0918073,44.9852954],[34.091856,44.9855949],[34.0918389,44.985988],[34.0918546,44.9864721],[34.091856,44.9865143],[34.0918903,44.9869646],[34.0919261,44.9874049],[34.0919658,44.9878438]]},"id":"way/1456905900"},{"type":"Feature","properties":{"@id":"way/1457327627","highway":"secondary","name":"Полигонная улица","name:en":"Poligonnaya Street","name:ru":"Полигонная улица","name:uk":"Полігонна вулиця","source":"Bing","surface":"asphalt"},"geometry":{"type":"LineString","coordinates":[[34.1103842,44.9331253],[34.1116335,44.9344673],[34.1117944,44.9345983]]},"id":"way/1457327627"},{"type":"Feature","properties":{"@id":"way/1457334707","highway":"secondary","name":"Глинки улица","name:uk":"Глінки вулиця","postal_code":"295022","surface":"asphalt","trolley_wire":"no"},"geometry":{"type":"LineString","coordinates":[[34.1559233,44.9749627],[34.1561241,44.9748237],[34.156223,44.9747552]]},"id":"way/1457334707"},{"type":"Feature","properties":{"@id":"way/1457335787","highway":"secondary"},"geometry":{"type":"LineString","coordinates":[[34.1257982,44.987952],[34.1255839,44.9879754]]},"id":"way/1457335787"},{"type":"Feature","properties":{"@id":"way/1457604487","highway":"secondary","oneway":"yes"},"geometry":{"type":"LineString","coordinates":[[34.0614343,44.9386226],[34.061411,44.93852],[34.0613683,44.9384336],[34.0612768,44.9383631],[34.0611833,44.9383185],[34.0610186,44.9382739],[34.0608867,44.9382472]]},"id":"way/1457604487"},{"type":"Feature","properties":{"@id":"way/1457615933","highway":"secondary"},"geometry":{"type":"LineString","coordinates":[[34.0655551,44.9795838],[34.0656481,44.979492],[34.0656695,44.9794256],[34.0656695,44.9793212],[34.0656138,44.9792383]]},"id":"way/1457615933"},{"type":"Feature","properties":{"@id":"way/1457690570","highway":"tertiary","name":"Аэрофлотский переулок","name:en":"Aeroflotskiy Lane","name:ru":"Аэрофлотский переулок","name:uk":"Аерофлотський провулок","oneway":"no","source":"Bing"},"geometry":{"type":"LineString","coordinates":[[34.0696991,44.915601],[34.0700057,44.9154114],[34.0700575,44.9153748]]},"id":"way/1457690570"},{"type":"Feature","properties":{"@id":"way/1457690571","highway":"tertiary","name":"Аэрофлотский переулок","name:en":"Aeroflotskiy Lane","name:ru":"Аэрофлотский переулок","name:uk":"Аерофлотський провулок","oneway":"no","source":"Bing"},"geometry":{"type":"LineString","coordinates":[[34.0693749,44.9157874],[34.0696991,44.915601]]},"id":"way/1457690571"},{"type":"Feature","properties":{"@id":"way/1457690573","highway":"tertiary","name":"Аэрофлотская улица","name:en":"Aeroflotskaya Street","name:ru":"Аэрофлотская улица","name:uk":"Аерофлотська вулиця","source":"Bing","trolley_wire":"yes"},"geometry":{"type":"LineString","coordinates":[[34.0714813,44.9221774],[34.0713324,44.9219575],[34.0710103,44.9215123]]},"id":"way/1457690573"},{"type":"Feature","properties":{"@id":"way/1457690574","highway":"tertiary"},"geometry":{"type":"LineString","coordinates":[[34.0710103,44.9215123],[34.0722598,44.921026]]},"id":"way/1457690574"},{"type":"Feature","properties":{"@id":"way/1457690881","abutters":"residential","highway":"secondary","maxspeed":"60","name":"улица Леси Украинки","name:en":"Lesi Ukrainki Street","surface":"asphalt"},"geometry":{"type":"LineString","coordinates":[[34.0786875,44.9678832],[34.0785492,44.9677888],[34.0774889,44.9670649],[34.0772212,44.9668815],[34.0768671,44.9666389],[34.0762216,44.9661968],[34.0745416,44.9652072],[34.0729797,44.9642547]]},"id":"way/1457690881"},{"type":"Feature","properties":{"@id":"way/1457693233","highway":"tertiary","smoothness":"very_bad","surface":"ground"},"geometry":{"type":"LineString","coordinates":[[34.0550951,44.9651431],[34.0549752,44.9650921],[34.0543085,44.9647557]]},"id":"way/1457693233"},{"type":"Feature","properties":{"@id":"way/1457695848","highway":"secondary","junction":"roundabout"},"geometry":{"type":"LineString","coordinates":[[34.0482187,44.9669291],[34.0482739,44.9669216],[34.0483301,44.9669237],[34.0483839,44.9669351],[34.0484324,44.9669553],[34.0484727,44.966983],[34.0485025,44.9670168],[34.0485201,44.9670545],[34.0485245,44.9670942],[34.0485154,44.9671335],[34.0484934,44.9671701],[34.0484597,44.967202],[34.0484163,44.9672272],[34.0483655,44.9672445]]},"id":"way/1457695848"},{"type":"Feature","properties":{"@id":"way/1457700648","highway":"tertiary","name":"Ул. Николая Багрова"},"geometry":{"type":"LineString","coordinates":[[34.1006351,44.9949575],[34.1006754,44.9948292],[34.1007564,44.9945709],[34.1009204,44.9940862],[34.1010879,44.9936148],[34.1012448,44.9931627],[34.1013829,44.9927722],[34.1015091,44.9924076],[34.1015976,44.9921632],[34.1016684,44.9919054],[34.1016861,44.9918169],[34.1017038,44.9914799],[34.101734,44.9911193],[34.1017191,44.9908967],[34.1016955,44.9907761],[34.1015692,44.9905473],[34.1015075,44.9904164],[34.1012929,44.9901812],[34.1011726,44.9900798],[34.1009844,44.9899555],[34.1006411,44.9897715],[34.1002415,44.9896633],[34.099866,44.9895912],[34.0994153,44.989559],[34.0990747,44.9895874],[34.0984149,44.9897032],[34.0979106,44.9896956],[34.0968351,44.9896595],[34.09643,44.9895628],[34.0958641,44.9894224],[34.0955208,44.9894053],[34.0941529,44.989356],[34.0929539,44.9893124],[34.0923124,44.989298],[34.092278,44.9892972],[34.092009,44.9892955]]},"id":"way/1457700648"},{"type":"Feature","properties":{"@id":"way/1457707297","highway":"tertiary","name":"улица Никанорова","name:en":"Nikanorova Street","name:ru":"улица Никанорова","name:uk":"Ніканорова вулиця","surface":"asphalt"},"geometry":{"type":"LineString","coordinates":[[34.0919636,44.9802532],[34.0911296,44.9797682],[34.09076,44.9795426]]},"id":"way/1457707297"},{"type":"Feature","properties":{"@id":"way/1458117390","highway":"tertiary","name":"Битакская улица","name:en":"Bitakskaya Street","name:ru":"Битакская улица","name:uk":"Бітакська вулиця","old_name":"улица Ворошилова","oneway":"no","surface":"asphalt"},"geometry":{"type":"LineString","coordinates":[[34.1326314,44.9532005],[34.1316404,44.9532777],[34.1303963,44.9533524],[34.1298154,44.9533873]]},"id":"way/1458117390"},{"type":"Feature","properties":{"@id":"way/1458117391","highway":"secondary","name":"улица Коцюбинского","name:en":"Kotsyubinskogo Street","name:ru":"улица Коцюбинского","name:uk":"Коцюбинського вулиця","surface":"asphalt"},"geometry":{"type":"LineString","coordinates":[[34.12513,44.950923],[34.1252078,44.9509903],[34.1252455,44.9510708],[34.1253962,44.9521114],[34.1255946,44.953665]]},"id":"way/1458117391"},{"type":"Feature","properties":{"@id":"way/1458117392","highway":"tertiary","name":"Битакская улица","name:en":"Bitakskaya Street","name:ru":"Битакская улица","name:uk":"Бітакська вулиця","old_name":"улица Ворошилова","oneway":"no","surface":"asphalt"},"geometry":{"type":"LineString","coordinates":[[34.1298154,44.9533873],[34.1287559,44.9534708],[34.1277336,44.9535413],[34.1268076,44.9536031],[34.1257069,44.9536593],[34.1255946,44.953665]]},"id":"way/1458117392"},{"type":"Feature","properties":{"@id":"way/1458117393","highway":"tertiary","name":"улица Бетховена","name:en":"Betkhovena Street","name:ru":"улица Бетховена","name:uk":"Бетховена вулиця","surface":"ground"},"geometry":{"type":"LineString","coordinates":[[34.1301773,44.9541834],[34.1305095,44.9540504]]},"id":"way/1458117393"},{"type":"Feature","properties":{"@id":"way/1458117394","highway":"secondary","name":"улица 51-й Армии","name:en":"51-i Armii Street","name:ru":"улица 51-й Армии","name:uk":"51-ї Армії вулиця","surface":"asphalt"},"geometry":{"type":"LineString","coordinates":[[34.1309071,44.9551999],[34.1317582,44.9548632]]},"id":"way/1458117394"},{"type":"Feature","properties":{"@id":"way/1458117395","highway":"tertiary","name":"улица Ладыгина","name:en":"Ladygina Street","name:ru":"улица Ладыгина","name:uk":"Ладигіна вулиця","surface":"asphalt"},"geometry":{"type":"LineString","coordinates":[[34.1301773,44.9541834],[34.1308572,44.9551305],[34.1309071,44.9551999]]},"id":"way/1458117395"},{"type":"Feature","properties":{"@id":"way/1458118292","highway":"tertiary","name":"улица Бетховена","name:en":"Betkhovena Street","name:ru":"улица Бетховена","name:uk":"Бетховена вулиця","surface":"ground"},"geometry":{"type":"LineString","coordinates":[[34.1305095,44.9540504],[34.1305302,44.9540421],[34.1309654,44.9538679],[34.1310316,44.9538428],[34.1315668,44.9536397],[34.1317115,44.9535848],[34.1317969,44.9535524]]},"id":"way/1458118292"},{"type":"Feature","properties":{"@id":"way/1458534681","highway":"tertiary"},"geometry":{"type":"LineString","coordinates":[[34.1699659,44.9851641],[34.1700166,44.9851744],[34.1703123,44.9853228]]},"id":"way/1458534681"},{"type":"Feature","properties":{"@id":"way/1459313032","highway":"secondary","name":"улица 51-й Армии","name:en":"51-i Armii Street","name:ru":"улица 51-й Армии","name:uk":"51-ї Армії вулиця","surface":"asphalt"},"geometry":{"type":"LineString","coordinates":[[34.1188076,44.9616657],[34.1188006,44.9614625],[34.118813,44.9614435],[34.1194062,44.9604021]]},"id":"way/1459313032"},{"type":"Feature","properties":{"@id":"way/1459313034","highway":"secondary","name":"улица 51-й Армии","name:en":"51-i Armii Street","name:ru":"улица 51-й Армии","name:uk":"51-ї Армії вулиця","surface":"asphalt"},"geometry":{"type":"LineString","coordinates":[[34.1194062,44.9604021],[34.1197405,44.9598259],[34.1198534,44.9596302],[34.1199446,44.9595191],[34.12012,44.9594299]]},"id":"way/1459313034"},{"type":"Feature","properties":{"@id":"way/1459313765","highway":"secondary","name":"улица 51-й Армии","name:en":"51-i Armii Street","name:ru":"улица 51-й Армии","name:uk":"51-ї Армії вулиця","surface":"asphalt"},"geometry":{"type":"LineString","coordinates":[[34.1247025,44.9576278],[34.1248845,44.9575565],[34.1256694,44.9572488],[34.1260297,44.9571076],[34.1263221,44.956993]]},"id":"way/1459313765"},{"type":"Feature","properties":{"@id":"way/1459313766","highway":"tertiary","name":"улица Снайперов","name:en":"Snaiperov Street","name:ru":"улица Снайперов","name:uk":"Снайперів вулиця"},"geometry":{"type":"LineString","coordinates":[[34.1247025,44.9576278],[34.1247582,44.9576934],[34.1253761,44.9584211]]},"id":"way/1459313766"},{"type":"Feature","properties":{"@id":"way/1461336510","highway":"secondary","name":"улица Тарабукина","name:en":"Tarabukina Street","name:ru":"улица Тарабукина","name:uk":"Тарабукіна вулиця","surface":"asphalt"},"geometry":{"type":"LineString","coordinates":[[34.1214927,44.9295786],[34.1214098,44.9304097],[34.1213899,44.9306281],[34.1212767,44.9316448],[34.1211162,44.9330331]]},"id":"way/1461336510"},{"type":"Feature","properties":{"@id":"way/1461337917","highway":"tertiary","name":"улица Петровская Балка","name:en":"Petrovskaya Balka Street","name:ru":"улица Петровская Балка","name:uk":"Петрівська балка вулиця","source":"Bing","surface":"ground"},"geometry":{"type":"LineString","coordinates":[[34.1190715,44.9241283],[34.1190639,44.9240506],[34.1191051,44.9239693],[34.1191833,44.9238835],[34.1192942,44.92378],[34.1193978,44.9236212],[34.1196787,44.9230264],[34.1197989,44.9227568],[34.1198611,44.9225636],[34.1200131,44.9219604],[34.1200299,44.92177],[34.1200501,44.9216839]]},"id":"way/1461337917"},{"type":"Feature","properties":{"@id":"way/1461337918","highway":"tertiary","oneway":"yes"},"geometry":{"type":"LineString","coordinates":[[34.1190639,44.9240506],[34.1191209,44.9240957],[34.1191967,44.9241218]]},"id":"way/1461337918"},{"type":"Feature","properties":{"@id":"way/1461337919","highway":"tertiary","oneway":"yes"},"geometry":{"type":"LineString","coordinates":[[34.1189405,44.9241617],[34.1190639,44.9240506]]},"id":"way/1461337919"},{"type":"Feature","properties":{"@id":"way/1461342435","highway":"tertiary","name":"улица Дзюбанова","name:en":"Dziubanova Street","name:ru":"улица Дзюбанова","name:uk":"Дзюбанова вулиця"},"geometry":{"type":"LineString","coordinates":[[34.0831696,44.9562184],[34.0818756,44.9549597],[34.0818203,44.9549058],[34.0817782,44.9548499]]},"id":"way/1461342435"},{"type":"Feature","properties":{"@id":"way/1461342436","abutters":"residential","highway":"secondary","maxspeed":"60","name":"улица Калинина","name:en":"Kalinina Street","name:etymology:wikidata":"Q229828","name:ru":"улица Калинина","name:uk":"Калініна вулиця","oneway":"yes","surface":"asphalt"},"geometry":{"type":"LineString","coordinates":[[34.0803816,44.9552876],[34.0816744,44.954886],[34.0817782,44.9548499]]},"id":"way/1461342436"},{"type":"Feature","properties":{"@id":"way/1461342580","highway":"tertiary","maxspeed":"RU:urban","name":"бульвар Ивана Франко","name:en":"Franko Boulevard","name:ru":"бульвар Ивана Франко","name:uk":"Івана Франка бульвар","oneway":"yes","surface":"asphalt"},"geometry":{"type":"LineString","coordinates":[[34.1054177,44.9592192],[34.1063334,44.9598023],[34.1064088,44.95985],[34.1065166,44.9598806],[34.1066844,44.9599344]]},"id":"way/1461342580"},{"type":"Feature","properties":{"@id":"way/1461343382","highway":"tertiary"},"geometry":{"type":"LineString","coordinates":[[34.135667,44.9459883],[34.1356751,44.9461112]]},"id":"way/1461343382"},{"type":"Feature","properties":{"@id":"way/1461343558","highway":"tertiary","name":"Центральная улица","name:en":"Tsentralna Street","name:ru":"Центральная улица","name:uk":"Центральна вулиця"},"geometry":{"type":"LineString","coordinates":[[34.1323789,44.9478973],[34.1325209,44.9477777],[34.1326742,44.9476696],[34.1329181,44.9475301],[34.1333688,44.9472823],[34.1339821,44.9469575],[34.1349708,44.9464672],[34.1356751,44.9461112]]},"id":"way/1461343558"},{"type":"Feature","properties":{"@id":"way/1466421314","abutters":"residential","highway":"primary","lanes":"3","maxspeed":"60","name":"Киевская улица","name:en":"Kievskaya Street","name:etymology:wikidata":"Q1899","name:ru":"Киевская улица","name:uk":"Київська вулиця","oneway":"yes","surface":"asphalt","trolley_wire":"no"},"geometry":{"type":"LineString","coordinates":[[34.0947827,44.9756597],[34.0936245,44.9766504],[34.0923481,44.9777454],[34.0921994,44.9778728],[34.0918689,44.9781695],[34.091409,44.9785822],[34.0906452,44.9792398],[34.090479,44.9793708]]},"id":"way/1466421314"},{"type":"Feature","properties":{"@id":"way/1481749612","abutters":"residential","highway":"primary","lanes":"4","maxspeed":"60","name":"Севастопольская улица","name:en":"Sevastopolskaya Street","name:ru":"Севастопольская улица","name:uk":"Севастопольська вулиця","surface":"asphalt","trolley_wire":"yes"},"geometry":{"type":"LineString","coordinates":[[34.0946348,44.9402215],[34.0957687,44.9414727],[34.0959318,44.9416306]]},"id":"way/1481749612"},{"type":"Feature","properties":{"@id":"way/1483779685","highway":"tertiary","name":"Проспект Александра Суворова"},"geometry":{"type":"LineString","coordinates":[[34.0919658,44.9878438],[34.0919666,44.987929],[34.091993,44.9881074],[34.0920351,44.9881855],[34.092158,44.9882835],[34.0924865,44.9883441],[34.0926784,44.9883558],[34.0931016,44.9883817],[34.0933676,44.988398],[34.0941378,44.9884324],[34.0952334,44.9884687],[34.0958354,44.9884933],[34.0967711,44.9885319],[34.0968808,44.9885361],[34.0969276,44.9885384],[34.0982898,44.9886044],[34.0989514,44.9886094],[34.099352,44.9885943],[34.0997668,44.9884956],[34.1000045,44.9883576]]},"id":"way/1483779685"},{"type":"Feature","properties":{"@id":"way/1497347555","abutters":"residential","highway":"tertiary","maxspeed":"60","name":"улица Маршала Жукова","name:en":"Marshala Zhukova Street","name:ru":"улица Маршала Жукова","name:uk":"Маршала Жукова вулиця","surface":"asphalt","trolley_wire":"no"},"geometry":{"type":"LineString","coordinates":[[34.0542973,44.9456563],[34.0543755,44.945715]]},"id":"way/1497347555"},{"type":"Feature","properties":{"@id":"way/1497347556","abutters":"residential","highway":"tertiary","maxspeed":"60","name":"улица Маршала Жукова","name:en":"Marshala Zhukova Street","name:ru":"улица Маршала Жукова","name:uk":"Маршала Жукова вулиця","surface":"asphalt","trolley_wire":"no"},"geometry":{"type":"LineString","coordinates":[[34.0541468,44.9455433],[34.0542973,44.9456563]]},"id":"way/1497347556"},{"type":"Feature","properties":{"@id":"way/1497347574","highway":"secondary","junction":"roundabout","oneway":"yes","surface":"asphalt","trolley_wire":"yes"},"geometry":{"type":"LineString","coordinates":[[34.1116988,44.9664548],[34.1116603,44.9664884]]},"id":"way/1497347574"},{"type":"Feature","properties":{"@id":"way/1497347576","highway":"primary","junction":"roundabout","lanes":"2","oneway":"yes","route":"junction","surface":"asphalt","trolley_wire":"yes"},"geometry":{"type":"LineString","coordinates":[[34.1255247,44.9441131],[34.1256351,44.9440166]]},"id":"way/1497347576"},{"type":"Feature","properties":{"@id":"way/1497347577","highway":"primary","junction":"roundabout","lanes":"2","oneway":"yes","route":"junction","surface":"asphalt","trolley_wire":"yes"},"geometry":{"type":"LineString","coordinates":[[34.1256351,44.9440166],[34.1257725,44.9439486],[34.1259694,44.9439239]]},"id":"way/1497347577"},{"type":"Feature","properties":{"@id":"way/1497347578","highway":"primary","junction":"roundabout","lanes":"2","oneway":"yes","route":"junction","surface":"asphalt","trolley_wire":"yes"},"geometry":{"type":"LineString","coordinates":[[34.1264004,44.9443176],[34.1263636,44.9443905],[34.126292,44.9444596]]},"id":"way/1497347578"},{"type":"Feature","properties":{"@id":"way/1497347579","highway":"primary","junction":"roundabout","lanes":"2","oneway":"yes","route":"junction","surface":"asphalt","trolley_wire":"yes"},"geometry":{"type":"LineString","coordinates":[[34.1261918,44.9439734],[34.1262596,44.9440183],[34.1263232,44.9440628],[34.1263945,44.9441815],[34.1264004,44.9443176]]},"id":"way/1497347579"},{"type":"Feature","properties":{"@id":"way/1497347580","abutters":"residential","hgv":"no","highway":"primary","lanes":"1","maxspeed":"50","name":"проспект Вернадского","name:en":"Vernadsky Avenue","name:ru":"проспект Вернадского","name:uk":"Вернадського проспект","old_name":"Ялтинская улица","old_name:uk":"Ялтинська вулиця","oneway":"yes","surface":"asphalt","trolley_wire":"yes"},"geometry":{"type":"LineString","coordinates":[[34.1370918,44.9298843],[34.1369137,44.9303319]]},"id":"way/1497347580"},{"type":"Feature","properties":{"@id":"way/1497347581","highway":"primary","int_ref":"E 105","lanes":"1","loc_name":"Объездная дорога","maxspeed":"60","oneway":"yes","ref":"35К-023","surface":"asphalt"},"geometry":{"type":"LineString","coordinates":[[34.1369137,44.9303319],[34.1368863,44.9302119]]},"id":"way/1497347581"},{"type":"Feature","properties":{"@id":"way/1497347582","abutters":"residential","hgv":"no","highway":"primary","lanes":"1","maxspeed":"50","name":"проспект Вернадского","name:en":"Vernadsky Avenue","name:ru":"проспект Вернадского","name:uk":"Вернадського проспект","old_name":"Ялтинская улица","old_name:uk":"Ялтинська вулиця","oneway":"yes","surface":"asphalt","trolley_wire":"yes"},"geometry":{"type":"LineString","coordinates":[[34.1369137,44.9303319],[34.1368443,44.9305063],[34.1366014,44.9310892]]},"id":"way/1497347582"},{"type":"Feature","properties":{"@id":"way/1497347585","highway":"primary","junction":"roundabout","lanes":"3","name":"Московская площадь","name:ru":"Московская площадь","name:uk":"Московська площа","oneway":"yes","route":"junction","surface":"asphalt","trolley_wire":"yes"},"geometry":{"type":"LineString","coordinates":[[34.0968295,44.9733412],[34.0968241,44.9732559],[34.0968286,44.973188]]},"id":"way/1497347585"},{"type":"Feature","properties":{"@id":"way/1497347586","highway":"primary","junction":"roundabout","lanes":"3","name":"Московская площадь","name:ru":"Московская площадь","name:uk":"Московська площа","oneway":"yes","route":"junction","surface":"asphalt","trolley_wire":"yes"},"geometry":{"type":"LineString","coordinates":[[34.0968286,44.973188],[34.0968632,44.9731274],[34.0969066,44.9730659],[34.0969697,44.9730212],[34.0970399,44.9729811],[34.0971342,44.9729554],[34.0972481,44.972947]]},"id":"way/1497347586"},{"type":"Feature","properties":{"@id":"way/1497347587","highway":"primary","junction":"roundabout","lanes":"3","name":"Московская площадь","name:ru":"Московская площадь","name:uk":"Московська площа","oneway":"yes","route":"junction","surface":"asphalt","trolley_wire":"yes"},"geometry":{"type":"LineString","coordinates":[[34.0975706,44.9735983],[34.097504,44.9736179],[34.0974341,44.9736303]]},"id":"way/1497347587"},{"type":"Feature","properties":{"@id":"way/1497347588","highway":"primary","junction":"roundabout","lanes":"3","name":"Московская площадь","name:ru":"Московская площадь","name:uk":"Московська площа","oneway":"yes","route":"junction","surface":"asphalt","trolley_wire":"yes"},"geometry":{"type":"LineString","coordinates":[[34.0978334,44.9732643],[34.0978342,44.973315],[34.0978244,44.9733651],[34.0978042,44.9734137],[34.0977741,44.9734597],[34.0977348,44.973502],[34.097687,44.9735398],[34.0976319,44.9735721],[34.0975706,44.9735983]]},"id":"way/1497347588"},{"type":"Feature","properties":{"@id":"way/1497347589","highway":"primary","junction":"roundabout","lanes":"3","name":"Московская площадь","name:ru":"Московская площадь","name:uk":"Московська площа","oneway":"yes","route":"junction","surface":"asphalt","trolley_wire":"yes"},"geometry":{"type":"LineString","coordinates":[[34.0977925,44.9731531],[34.0978077,44.9731799],[34.0978196,44.9732075],[34.0978282,44.9732357],[34.0978334,44.9732643]]},"id":"way/1497347589"},{"type":"Feature","properties":{"@id":"way/1497347590","highway":"primary","junction":"roundabout","lanes":"3","name":"Московская площадь","name:ru":"Московская площадь","name:uk":"Московська площа","oneway":"yes","route":"junction","surface":"asphalt","trolley_wire":"yes"},"geometry":{"type":"LineString","coordinates":[[34.0973551,44.9729438],[34.0974611,44.9729606],[34.0975218,44.9729735],[34.0975796,44.972992],[34.0976335,44.9730157],[34.0976825,44.9730442],[34.0977258,44.973077],[34.0977627,44.9731135],[34.0977925,44.9731531]]},"id":"way/1497347590"},{"type":"Feature","properties":{"@id":"way/1497347591","highway":"primary","junction":"roundabout","lanes":"3","name":"Московская площадь","name:ru":"Московская площадь","name:uk":"Московська площа","oneway":"yes","route":"junction","surface":"asphalt","trolley_wire":"yes"},"geometry":{"type":"LineString","coordinates":[[34.0972481,44.972947],[34.0973551,44.9729438]]},"id":"way/1497347591"},{"type":"Feature","properties":{"@id":"way/1497491062","abutters":"residential","highway":"primary","lanes":"4","maxspeed":"60","name":"улица Александра Невского","name:etymology:wikidata":"Q174044","name:ru":"улица Александра Невского","name:uk":"Олександра Невського вулиця","old_name":"Рози Люксембург вулиця","old_name:en":"Rosa Luxemburg Street","old_name:ru":"Розы Люксембург улица","surface":"asphalt","trolley_wire":"yes"},"geometry":{"type":"LineString","coordinates":[[34.0992158,44.9529672],[34.0995094,44.9527975]]},"id":"way/1497491062"},{"type":"Feature","properties":{"@id":"way/1497491063","abutters":"residential","highway":"primary","lanes":"4","maxspeed":"60","name":"улица Александра Невского","name:etymology:wikidata":"Q174044","name:ru":"улица Александра Невского","name:uk":"Олександра Невського вулиця","old_name":"Рози Люксембург вулиця","old_name:en":"Rosa Luxemburg Street","old_name:ru":"Розы Люксембург улица","surface":"asphalt","trolley_wire":"yes"},"geometry":{"type":"LineString","coordinates":[[34.0998954,44.9525944],[34.0999658,44.9525738],[34.1000977,44.9525446]]},"id":"way/1497491063"},{"type":"Feature","properties":{"@id":"way/1498358957","abutters":"residential","highway":"primary","maxspeed":"60","name":"Кечкеметская улица","name:en":"Kechkemetskaya Street","name:ru":"Кечкеметская улица","surface":"asphalt","trolley_wire":"yes"},"geometry":{"type":"LineString","coordinates":[[34.1189002,44.9757765],[34.119599,44.9756469]]},"id":"way/1498358957"},{"type":"Feature","properties":{"@id":"way/1498443797","highway":"tertiary","name":"Аэрофлотская улица","name:en":"Aeroflotskaya Street","name:ru":"Аэрофлотская улица","name:uk":"Аерофлотська вулиця","source":"Bing","trolley_wire":"yes"},"geometry":{"type":"LineString","coordinates":[[34.071528,44.9222464],[34.0714813,44.9221774]]},"id":"way/1498443797"},{"type":"Feature","properties":{"@id":"way/1498626728","abutters":"residential","hgv":"no","highway":"tertiary","maxspeed":"60","surface":"asphalt","trolley_wire":"no"},"geometry":{"type":"LineString","coordinates":[[34.049199,44.9420721],[34.0495536,44.9422116]]},"id":"way/1498626728"},{"type":"Feature","properties":{"@id":"way/1498626729","abutters":"residential","highway":"tertiary","maxspeed":"60","name":"улица Маршала Жукова","name:en":"Marshala Zhukova Street","name:ru":"улица Маршала Жукова","name:uk":"Маршала Жукова вулиця","surface":"asphalt","trolley_wire":"no"},"geometry":{"type":"LineString","coordinates":[[34.049763,44.9422888],[34.049855,44.9423328]]},"id":"way/1498626729"},{"type":"Feature","properties":{"@id":"way/1498628513","highway":"tertiary","oneway":"yes","trolley_wire":"no"},"geometry":{"type":"LineString","coordinates":[[34.1736652,44.9867601],[34.1736951,44.9867748],[34.1737204,44.9867934],[34.17374,44.9868151]]},"id":"way/1498628513"},{"type":"Feature","properties":{"@id":"way/1498994036","highway":"secondary","source":"Bing","trolley_wire":"no"},"geometry":{"type":"LineString","coordinates":[[34.1673254,44.9694112],[34.1676321,44.9694146]]},"id":"way/1498994036"},{"type":"Feature","properties":{"@id":"way/1498994037","highway":"secondary","source":"Bing","trolley_wire":"no"},"geometry":{"type":"LineString","coordinates":[[34.1661767,44.9694347],[34.1662539,44.969409],[34.1663615,44.9694049],[34.1670917,44.9694086],[34.1673254,44.9694112]]},"id":"way/1498994037"},{"type":"Feature","properties":{"@id":"way/1499051159","highway":"tertiary","oneway":"yes","trolley_wire":"no"},"geometry":{"type":"LineString","coordinates":[[34.1734328,44.9867894],[34.1734591,44.9867715],[34.1734898,44.9867576],[34.1735238,44.9867482],[34.1735597,44.9867437],[34.1735961,44.9867442],[34.1736652,44.9867601]]},"id":"way/1499051159"},{"type":"Feature","properties":{"@id":"way/1500732833","highway":"primary","int_ref":"E 105","lanes":"3","lanes:backward":"2","lanes:forward":"1","loc_name":"Объездная дорога","maxspeed":"60","ref":"35К-023","surface":"asphalt"},"geometry":{"type":"LineString","coordinates":[[34.1453279,44.9601],[34.1455539,44.959729],[34.14579,44.9594741]]},"id":"way/1500732833"},{"type":"Feature","properties":{"@id":"way/1500732834","highway":"primary","int_ref":"E 105","lanes":"2","loc_name":"Объездная дорога","maxspeed":"60","ref":"35К-023","surface":"asphalt"},"geometry":{"type":"LineString","coordinates":[[34.14579,44.9594741],[34.145971,44.959345],[34.1464291,44.9590885],[34.1469272,44.9588872]]},"id":"way/1500732834"},{"type":"Feature","properties":{"@id":"way/1500732835","highway":"primary","int_ref":"E 105","lanes":"5","lanes:backward":"3","lanes:forward":"2","loc_name":"Объездная дорога","maxspeed":"60","ref":"35К-023","surface":"asphalt","turn:lanes:backward":"left|through|through;right","turn:lanes:forward":"none|merge_to_left"},"geometry":{"type":"LineString","coordinates":[[34.1444974,44.9615285],[34.1446008,44.9613219],[34.1447188,44.9610997],[34.1447959,44.9609731],[34.1453279,44.9601]]},"id":"way/1500732835"},{"type":"Feature","properties":{"@id":"way/1500732837","highway":"primary","lanes":"5","lanes:backward":"2","lanes:forward":"3","maxspeed":"60","old_ref":"Т-01-01","ref":"35К-007;Т-01-01","smoothness":"excellent","surface":"asphalt","turn:lanes:backward":"left;through|through","turn:lanes:forward":"none|none|merge_to_left"},"geometry":{"type":"LineString","coordinates":[[34.0586278,44.9534732],[34.0589733,44.9542298],[34.0593925,44.9551754]]},"id":"way/1500732837"},{"type":"Feature","properties":{"@id":"way/1500732838","highway":"primary","lanes":"5","lanes:backward":"2","lanes:forward":"3","maxspeed":"60","old_ref":"Т-01-01","ref":"35К-007;Т-01-01","smoothness":"excellent","surface":"asphalt","turn:lanes:forward":"through|through|right"},"geometry":{"type":"LineString","coordinates":[[34.0582508,44.952629],[34.0584692,44.9531226],[34.0586278,44.9534732]]},"id":"way/1500732838"},{"type":"Feature","properties":{"@id":"way/1500732844","highway":"primary","lanes":"4","maxspeed":"60","old_ref":"Т-01-01","ref":"35К-007;Т-01-01","smoothness":"excellent","surface":"asphalt"},"geometry":{"type":"LineString","coordinates":[[34.0593925,44.9551754],[34.0595687,44.9555696],[34.0597902,44.9560527],[34.060502,44.9576008],[34.0607161,44.9580352],[34.0611926,44.9590334],[34.061457,44.9596072],[34.0617377,44.9601525],[34.0619972,44.9606682],[34.0621545,44.9610001]]},"id":"way/1500732844"},{"type":"Feature","properties":{"@id":"way/1500732845","bridge":"yes","highway":"primary_link","lanes":"1","layer":"1","maxspeed":"RU:urban","oneway":"yes","surface":"asphalt"},"geometry":{"type":"LineString","coordinates":[[34.0734825,44.9846964],[34.0732571,44.9846594],[34.0729795,44.9846196],[34.0727073,44.9845769]]},"id":"way/1500732845"},{"type":"Feature","properties":{"@id":"way/1500732846","highway":"primary_link","lanes":"1","maxspeed":"RU:urban","oneway":"yes","surface":"asphalt"},"geometry":{"type":"LineString","coordinates":[[34.0753983,44.9850749],[34.0750804,44.9849933],[34.0747404,44.9849167],[34.0742499,44.984819],[34.0738762,44.9847591],[34.0734825,44.9846964]]},"id":"way/1500732846"},{"type":"Feature","properties":{"@id":"way/1500732847","highway":"primary","int_ref":"E 105","lanes":"3","lanes:backward":"1","lanes:forward":"2","loc_name":"Объездная дорога","maxspeed":"90","ref":"35К-023","surface":"asphalt"},"geometry":{"type":"LineString","coordinates":[[34.1395767,44.9398904],[34.1391663,44.9396446],[34.1386348,44.9393264]]},"id":"way/1500732847"},{"type":"Feature","properties":{"@id":"way/1500732848","highway":"primary","int_ref":"E 105","lanes":"4","loc_name":"Объездная дорога","maxspeed":"60","ref":"35К-023","surface":"asphalt"},"geometry":{"type":"LineString","coordinates":[[34.1535967,44.9543393],[34.1532438,44.953789],[34.15317,44.9536739]]},"id":"way/1500732848"},{"type":"Feature","properties":{"@id":"way/1500732849","highway":"primary","int_ref":"E 105","lanes":"5","lanes:backward":"3","lanes:forward":"2","loc_name":"Объездная дорога","maxspeed":"60","ref":"35К-023","surface":"asphalt","turn:lanes:backward":"left|through|through;right"},"geometry":{"type":"LineString","coordinates":[[34.152637,44.9528413],[34.1524041,44.9524762],[34.1519181,44.9517092]]},"id":"way/1500732849"},{"type":"Feature","properties":{"@id":"way/1500732850","highway":"primary","int_ref":"E 105","lanes":"4","loc_name":"Объездная дорога","maxspeed":"60","ref":"35К-023","surface":"asphalt"},"geometry":{"type":"LineString","coordinates":[[34.1519181,44.9517092],[34.1514606,44.9509971],[34.1509932,44.9502645],[34.1509373,44.9501768]]},"id":"way/1500732850"},{"type":"Feature","properties":{"@id":"way/1500732861","highway":"primary","int_ref":"E 105","lanes":"4","maxspeed":"RU:rural","oneway":"yes","ref":"35А-002;М-18","surface":"asphalt","trolley_wire":"no","turn:lanes":"through|through|through|right"},"geometry":{"type":"LineString","coordinates":[[34.0812088,44.9872808],[34.0817731,44.9867991]]},"id":"way/1500732861"},{"type":"Feature","properties":{"@id":"way/1500732862","highway":"primary","int_ref":"E 105","lanes":"4","maxspeed":"RU:rural","oneway":"yes","ref":"35А-002;М-18","surface":"asphalt","trolley_wire":"no","turn:lanes":"through|through|through|through;slight_right"},"geometry":{"type":"LineString","coordinates":[[34.0793124,44.9889263],[34.0796897,44.9885993]]},"id":"way/1500732862"},{"type":"Feature","properties":{"@id":"way/1500732863","highway":"primary","int_ref":"E 105","lanes":"4","maxspeed":"RU:rural","oneway":"yes","ref":"35А-002;М-18","surface":"asphalt","trolley_wire":"no"},"geometry":{"type":"LineString","coordinates":[[34.0796897,44.9885993],[34.0803936,44.9879766],[34.0812088,44.9872808]]},"id":"way/1500732863"},{"type":"Feature","properties":{"@id":"way/1500732864","highway":"primary","int_ref":"E 105","lanes":"4","maxspeed":"RU:rural","oneway":"yes","ref":"35А-002;М-18","surface":"asphalt","trolley_wire":"no"},"geometry":{"type":"LineString","coordinates":[[34.0781627,44.9898889],[34.0790543,44.9891499],[34.0793124,44.9889263]]},"id":"way/1500732864"},{"type":"Feature","properties":{"@id":"way/1500732865","embankment":"yes","highway":"primary","lanes":"3","maxspeed":"60","oneway":"yes","ref":"35К-007","surface":"asphalt","trolley_wire":"no"},"geometry":{"type":"LineString","coordinates":[[34.0720284,44.9842383],[34.0723486,44.984329],[34.0727287,44.9844083]]},"id":"way/1500732865"},{"type":"Feature","properties":{"@id":"way/1500732866","embankment":"yes","highway":"primary","lanes":"3","maxspeed":"60","oneway":"yes","ref":"35К-007","surface":"asphalt","turn:lanes":"through|through|through;right"},"geometry":{"type":"LineString","coordinates":[[34.0696173,44.9827065],[34.069854,44.9829613]]},"id":"way/1500732866"},{"type":"Feature","properties":{"@id":"way/1500732867","embankment":"yes","highway":"primary_link","lanes":"1","oneway":"yes","surface":"asphalt","trolley_wire":"no"},"geometry":{"type":"LineString","coordinates":[[34.0760262,44.9852168],[34.0755839,44.9851208],[34.0753983,44.9850749]]},"id":"way/1500732867"},{"type":"Feature","properties":{"@id":"way/1500732868","abutters":"residential","highway":"primary","lanes":"3","maxspeed":"60","name":"Евпаторийское шоссе","name:ru":"Евпаторийское шоссе","name:uk":"Євпаторійське шосе","oneway":"yes","surface":"asphalt","trolley_wire":"yes"},"geometry":{"type":"LineString","coordinates":[[34.0739594,44.9817993],[34.0739095,44.9820051],[34.0738412,44.9824808]]},"id":"way/1500732868"},{"type":"Feature","properties":{"@id":"way/1500732869","abutters":"residential","highway":"primary","lanes":"3","maxspeed":"60","name":"Евпаторийское шоссе","name:ru":"Евпаторийское шоссе","name:uk":"Євпаторійське шосе","oneway":"yes","surface":"asphalt","trolley_wire":"yes"},"geometry":{"type":"LineString","coordinates":[[34.072953,44.9848411],[34.0728974,44.9849281],[34.0727434,44.9851389],[34.0724027,44.9855363]]},"id":"way/1500732869"},{"type":"Feature","properties":{"@id":"way/1500732870","highway":"primary","lanes":"3","maxspeed":"90","oneway":"yes","source":"Bing","turn:lanes":"none|none|merge_to_left"},"geometry":{"type":"LineString","coordinates":[[34.0335751,44.9318588],[34.0335682,44.9314773],[34.0335275,44.9305146],[34.033493,44.930006]]},"id":"way/1500732870"},{"type":"Feature","properties":{"@id":"way/1500732871","highway":"primary","lanes":"2","maxspeed":"90","oneway":"yes","source":"Bing","surface":"asphalt"},"geometry":{"type":"LineString","coordinates":[[34.033706,44.9318545],[34.0338123,44.9362297]]},"id":"way/1500732871"},{"type":"Feature","properties":{"@id":"way/1500732872","highway":"primary","lanes":"3","maxspeed":"90","oneway":"yes","source":"Bing","surface":"asphalt","turn:lanes":"through|through|slight_right"},"geometry":{"type":"LineString","coordinates":[[34.0336755,44.9305994],[34.033706,44.9318545]]},"id":"way/1500732872"},{"type":"Feature","properties":{"@id":"way/1500732873","highway":"primary","lanes":"2","maxspeed":"90","oneway":"yes","source":"Bing"},"geometry":{"type":"LineString","coordinates":[[34.0336477,44.9362318],[34.0336371,44.9351154],[34.0336283,44.9344024],[34.0335885,44.9325957],[34.0335751,44.9318588]]},"id":"way/1500732873"},{"type":"Feature","properties":{"@id":"way/1507711573","highway":"primary","lanes":"4","maxspeed":"60","name":"Евпаторийское шоссе","name:en":"Yevpatoriiskoye Road","name:ru":"Евпаторийское шоссе","name:uk":"Євпаторійське шосе","surface":"asphalt","trolley_wire":"yes"},"geometry":{"type":"LineString","coordinates":[[34.0752219,44.9784093],[34.075002,44.9788774],[34.0743438,44.9802787],[34.074205,44.9806167],[34.0741345,44.9809269]]},"id":"way/1507711573"},{"type":"Feature","properties":{"@id":"way/1513637377","highway":"secondary","lanes":"4","name":"улица Лермонтова","name:en":"Lermontova Street","name:etymology:wikidata":"Q46599","name:ru":"улица Лермонтова","name:uk":"Лермонтова вулиця","source":"gps","surface":"asphalt","trolley_wire":"yes"},"geometry":{"type":"LineString","coordinates":[[34.1163428,44.962595],[34.1164231,44.9625019]]},"id":"way/1513637377"},{"type":"Feature","properties":{"@id":"way/1513637378","highway":"secondary","lanes":"4","name":"улица Лермонтова","name:en":"Lermontova Street","name:etymology:wikidata":"Q46599","name:ru":"улица Лермонтова","name:uk":"Лермонтова вулиця","source":"gps","surface":"asphalt","trolley_wire":"yes"},"geometry":{"type":"LineString","coordinates":[[34.1164231,44.9625019],[34.1165148,44.9623785],[34.1166882,44.9621451],[34.11672,44.9621023],[34.1167459,44.9620673],[34.1169705,44.9617835],[34.1173143,44.9613493]]},"id":"way/1513637378"},{"type":"Feature","properties":{"@id":"way/1513637379","highway":"secondary","lanes":"4","name":"улица Лермонтова","name:en":"Lermontova Street","name:etymology:wikidata":"Q46599","name:ru":"улица Лермонтова","name:uk":"Лермонтова вулиця","source":"gps","surface":"asphalt","trolley_wire":"yes"},"geometry":{"type":"LineString","coordinates":[[34.1162138,44.9627837],[34.1163428,44.962595]]},"id":"way/1513637379"},{"type":"Feature","properties":{"@id":"way/1519527209","highway":"primary","int_ref":"E 105","lanes":"3","lanes:backward":"2","lanes:forward":"1","loc_name":"Объездная дорога","maxspeed":"90","ref":"35К-023","surface":"asphalt"},"geometry":{"type":"LineString","coordinates":[[34.1384088,44.9391908],[34.1383589,44.9391609],[34.1382384,44.9390896],[34.1381335,44.9390264]]},"id":"way/1519527209"},{"type":"Feature","properties":{"@id":"way/1519546052","abutters":"residential","highway":"primary","lanes":"4","maxspeed":"60","name":"проспект Победы","name:en":"Pobedy Avenue","name:etymology:wikidata":"Q270706","name:ru":"проспект Победы","name:uk":"Перемоги проспект","old_ref":"Р-23","ref":"35К-003;Р-23","surface":"asphalt"},"geometry":{"type":"LineString","coordinates":[[34.1619386,44.9909254],[34.1637443,44.9921912]]},"id":"way/1519546052"}]}